{
  "9011": {
    "id": "9011",
    "name": "伤害精通A",
    "type": 1,
    "value1": 200,
    "value2": null,
    "shopLvlMin": 1,
    "shopLvlMax": 3,
    "sprite": "player_att",
    "desc": "玩家增伤20%"
  },
  "9012": {
    "id": "9012",
    "name": "伤害精通B",
    "type": 1,
    "value1": 400,
    "value2": null,
    "shopLvlMin": 4,
    "shopLvlMax": 6,
    "sprite": "player_att",
    "desc": "玩家增伤40%"
  },
  "9013": {
    "id": "9013",
    "name": "伤害精通C",
    "type": 1,
    "value1": 600,
    "value2": null,
    "shopLvlMin": 7,
    "shopLvlMax": 10,
    "sprite": "player_att",
    "desc": "玩家增伤60%"
  },
  "9021": {
    "id": "9021",
    "name": "防御精通A",
    "type": 2,
    "value1": 100,
    "value2": null,
    "shopLvlMin": 1,
    "shopLvlMax": 3,
    "sprite": "player_def",
    "desc": "玩家免伤10%"
  },
  "9022": {
    "id": "9022",
    "name": "防御精通B",
    "type": 2,
    "value1": 150,
    "value2": null,
    "shopLvlMin": 4,
    "shopLvlMax": 6,
    "sprite": "player_def",
    "desc": "玩家免伤15%"
  },
  "9023": {
    "id": "9023",
    "name": "防御精通C",
    "type": 2,
    "value1": 200,
    "value2": null,
    "shopLvlMin": 7,
    "shopLvlMax": 10,
    "sprite": "player_def",
    "desc": "玩家免伤20%"
  },
  "9051": {
    "id": "9051",
    "name": "威吓A",
    "type": 5,
    "value1": 100,
    "value2": null,
    "shopLvlMin": 1,
    "shopLvlMax": 3,
    "sprite": "mon_def",
    "desc": "怪物免伤降低10%"
  },
  "9052": {
    "id": "9052",
    "name": "威吓B",
    "type": 5,
    "value1": 150,
    "value2": null,
    "shopLvlMin": 4,
    "shopLvlMax": 6,
    "sprite": "mon_def",
    "desc": "怪物免伤降低15%"
  },
  "9053": {
    "id": "9053",
    "name": "威吓C",
    "type": 5,
    "value1": 200,
    "value2": null,
    "shopLvlMin": 7,
    "shopLvlMax": 10,
    "sprite": "mon_def",
    "desc": "怪物免伤降低20%"
  },
  "9071": {
    "id": "9071",
    "name": "烤箱喷发A",
    "type": 7,
    "value1": 1,
    "value2": 200,
    "shopLvlMin": 1,
    "shopLvlMax": 3,
    "sprite": "red_att",
    "desc": "烤箱增伤20%"
  },
  "9072": {
    "id": "9072",
    "name": "烤箱喷发B",
    "type": 7,
    "value1": 1,
    "value2": 300,
    "shopLvlMin": 4,
    "shopLvlMax": 6,
    "sprite": "red_att",
    "desc": "烤箱增伤30%"
  },
  "9073": {
    "id": "9073",
    "name": "烤箱喷发C",
    "type": 7,
    "value1": 1,
    "value2": 400,
    "shopLvlMin": 7,
    "shopLvlMax": 10,
    "sprite": "red_att",
    "desc": "烤箱增伤40%"
  },
  "9074": {
    "id": "9074",
    "name": "冷柜降温A",
    "type": 7,
    "value1": 2,
    "value2": 200,
    "shopLvlMin": 1,
    "shopLvlMax": 3,
    "sprite": "blue_att",
    "desc": "冷柜增伤20%"
  },
  "9075": {
    "id": "9075",
    "name": "冷柜降温B",
    "type": 7,
    "value1": 2,
    "value2": 300,
    "shopLvlMin": 4,
    "shopLvlMax": 6,
    "sprite": "blue_att",
    "desc": "冷柜增伤30%"
  },
  "9076": {
    "id": "9076",
    "name": "冷柜降温C",
    "type": 7,
    "value1": 2,
    "value2": 400,
    "shopLvlMin": 7,
    "shopLvlMax": 10,
    "sprite": "blue_att",
    "desc": "冷柜增伤40%"
  },
  "9077": {
    "id": "9077",
    "name": "柜台精制A",
    "type": 7,
    "value1": 3,
    "value2": 200,
    "shopLvlMin": 1,
    "shopLvlMax": 3,
    "sprite": "yellow_att",
    "desc": "柜台增伤20%"
  },
  "9078": {
    "id": "9078",
    "name": "柜台精制B",
    "type": 7,
    "value1": 3,
    "value2": 300,
    "shopLvlMin": 4,
    "shopLvlMax": 6,
    "sprite": "yellow_att",
    "desc": "柜台增伤30%"
  },
  "9079": {
    "id": "9079",
    "name": "柜台精制C",
    "type": 7,
    "value1": 3,
    "value2": 400,
    "shopLvlMin": 7,
    "shopLvlMax": 10,
    "sprite": "yellow_att",
    "desc": "柜台增伤40%"
  },
  "9111": {
    "id": "9111",
    "name": "食品经销",
    "type": 11,
    "value1": 1,
    "value2": 300,
    "shopLvlMin": 1,
    "shopLvlMax": 10,
    "sprite": "food_import",
    "desc": "食品进货价降低30%"
  },
  "9112": {
    "id": "9112",
    "name": "饮料经销",
    "type": 11,
    "value1": 2,
    "value2": 300,
    "shopLvlMin": 1,
    "shopLvlMax": 10,
    "sprite": "drink_import",
    "desc": "饮料进货价降低30%"
  },
  "9113": {
    "id": "9113",
    "name": "杂货经销",
    "type": 11,
    "value1": 3,
    "value2": 300,
    "shopLvlMin": 1,
    "shopLvlMax": 10,
    "sprite": "orna_import",
    "desc": "杂货进货价降低30%"
  },
  "9114": {
    "id": "9114",
    "name": "烤箱大师",
    "type": 11,
    "value1": 11,
    "value2": 200,
    "shopLvlMin": 1,
    "shopLvlMax": 10,
    "sprite": "red_import",
    "desc": "烤箱进货价降低20%"
  },
  "9115": {
    "id": "9115",
    "name": "冷柜大师",
    "type": 11,
    "value1": 12,
    "value2": 200,
    "shopLvlMin": 1,
    "shopLvlMax": 10,
    "sprite": "yellow_import",
    "desc": "冷柜进货价降低20%"
  },
  "9116": {
    "id": "9116",
    "name": "柜台大师",
    "type": 11,
    "value1": 13,
    "value2": 200,
    "shopLvlMin": 1,
    "shopLvlMax": 10,
    "sprite": "blue_import",
    "desc": "柜台进货价降低20%"
  },
  "9117": {
    "id": "9117",
    "name": "武器大师",
    "type": 11,
    "value1": 21,
    "value2": 300,
    "shopLvlMin": 1,
    "shopLvlMax": 10,
    "sprite": "weapon_import",
    "desc": "武器进货价降低30%"
  },
  "9121": {
    "id": "9121",
    "name": "食品涨价",
    "type": 12,
    "value1": 1,
    "value2": 200,
    "shopLvlMin": 1,
    "shopLvlMax": 10,
    "sprite": "food_price",
    "desc": "食品出售价提升20%"
  },
  "9122": {
    "id": "9122",
    "name": "饮料涨价",
    "type": 12,
    "value1": 2,
    "value2": 200,
    "shopLvlMin": 1,
    "shopLvlMax": 10,
    "sprite": "drink_price",
    "desc": "饮料出售价提升20%"
  },
  "9123": {
    "id": "9123",
    "name": "杂货涨价",
    "type": 12,
    "value1": 3,
    "value2": 200,
    "shopLvlMin": 1,
    "shopLvlMax": 10,
    "sprite": "orna_price",
    "desc": "杂货出售价提升20%"
  },
  "9131": {
    "id": "9131",
    "name": "建筑大师",
    "type": 13,
    "value1": 2,
    "value2": null,
    "shopLvlMin": 1,
    "shopLvlMax": 10,
    "sprite": "shelf_plus",
    "desc": "货架上限+2"
  },
  "9132": {
    "id": "9132",
    "name": "建筑大师",
    "type": 13,
    "value1": 3,
    "value2": null,
    "shopLvlMin": 1,
    "shopLvlMax": 10,
    "sprite": "shelf_plus",
    "desc": "货架上限+3"
  },
  "9133": {
    "id": "9133",
    "name": "建筑大师",
    "type": 13,
    "value1": 4,
    "value2": null,
    "shopLvlMin": 1,
    "shopLvlMax": 10,
    "sprite": "shelf_plus",
    "desc": "货架上限+4"
  },
  "9141": {
    "id": "9141",
    "name": "食品双倍",
    "type": 14,
    "value1": 1,
    "value2": 200,
    "shopLvlMin": 1,
    "shopLvlMax": 10,
    "sprite": "food_double",
    "desc": "获得食品时，有20%概率多得一个"
  },
  "9142": {
    "id": "9142",
    "name": "饮料双倍",
    "type": 14,
    "value1": 2,
    "value2": 200,
    "shopLvlMin": 1,
    "shopLvlMax": 10,
    "sprite": "drink_double",
    "desc": "获得饮料时，有20%概率多得一个"
  },
  "9143": {
    "id": "9143",
    "name": "杂货双倍",
    "type": 14,
    "value1": 3,
    "value2": 200,
    "shopLvlMin": 1,
    "shopLvlMax": 10,
    "sprite": "orna_double",
    "desc": "获得杂货时，有20%概率多得一个"
  },
  "9144": {
    "id": "9144",
    "name": "烤箱双倍",
    "type": 14,
    "value1": 11,
    "value2": 200,
    "shopLvlMin": 1,
    "shopLvlMax": 10,
    "sprite": "red_double",
    "desc": "获得烤箱时，有20%概率多得一个"
  },
  "9145": {
    "id": "9145",
    "name": "冷柜双倍",
    "type": 14,
    "value1": 12,
    "value2": 200,
    "shopLvlMin": 1,
    "shopLvlMax": 10,
    "sprite": "yellow_double",
    "desc": "获得冷柜时，有20%概率多得一个"
  },
  "9146": {
    "id": "9146",
    "name": "柜台双倍",
    "type": 14,
    "value1": 13,
    "value2": 200,
    "shopLvlMin": 1,
    "shopLvlMax": 10,
    "sprite": "blue_double",
    "desc": "获得柜台时，有20%概率多得一个"
  },
  "9147": {
    "id": "9147",
    "name": "武器双倍",
    "type": 14,
    "value1": 21,
    "value2": 200,
    "shopLvlMin": 1,
    "shopLvlMax": 10,
    "sprite": "weapon_double",
    "desc": "获得武器时，有20%概率多得一个"
  },
  "9151": {
    "id": "9151",
    "name": "食品增香",
    "type": 15,
    "value1": 1,
    "value2": 200,
    "shopLvlMin": 1,
    "shopLvlMax": 10,
    "sprite": "food_int",
    "desc": "顾客对食品的兴趣值增长提高20%"
  },
  "9152": {
    "id": "9152",
    "name": "饮料诱惑",
    "type": 15,
    "value1": 2,
    "value2": 200,
    "shopLvlMin": 1,
    "shopLvlMax": 10,
    "sprite": "drink_int",
    "desc": "顾客对饮料的兴趣值增长提高20%"
  },
  "9153": {
    "id": "9153",
    "name": "杂货魅力",
    "type": 15,
    "value1": 3,
    "value2": 200,
    "shopLvlMin": 1,
    "shopLvlMax": 10,
    "sprite": "orna_int",
    "desc": "顾客对杂货的兴趣值增长提高20%"
  },
  "9171": {
    "id": "9171",
    "name": "存活期",
    "type": 17,
    "value1": 100,
    "value2": null,
    "shopLvlMin": 1,
    "shopLvlMax": 5,
    "sprite": "savemoney",
    "desc": "每天准备阶段，可获得当前金钱10%的收入"
  },
  "9172": {
    "id": "9172",
    "name": "买国债",
    "type": 17,
    "value1": 160,
    "value2": null,
    "shopLvlMin": 1,
    "shopLvlMax": 5,
    "sprite": "savemoney",
    "desc": "每天准备阶段，可获得当前金钱16%的收入"
  },
  "9173": {
    "id": "9173",
    "name": "买股票",
    "type": 17,
    "value1": 220,
    "value2": null,
    "shopLvlMin": 1,
    "shopLvlMax": 5,
    "sprite": "savemoney",
    "desc": "每天准备阶段，可获得当前金钱22%的收入"
  },
  "9181": {
    "id": "9181",
    "name": "大手笔",
    "type": 18,
    "value1": 1,
    "value2": null,
    "shopLvlMin": 1,
    "shopLvlMax": 1,
    "sprite": "shelf_plus",
    "desc": "商人等级+1"
  },
  "9182": {
    "id": "9182",
    "name": "大手笔",
    "type": 18,
    "value1": 2,
    "value2": null,
    "shopLvlMin": 1,
    "shopLvlMax": 1,
    "sprite": "shelf_plus",
    "desc": "商人等级+2"
  },
  "9183": {
    "id": "9183",
    "name": "大手笔",
    "type": 18,
    "value1": 3,
    "value2": null,
    "shopLvlMin": 1,
    "shopLvlMax": 1,
    "sprite": "shelf_plus",
    "desc": "商人等级+3"
  },
  "9184": {
    "id": "9184",
    "name": "大手笔",
    "type": 18,
    "value1": 4,
    "value2": null,
    "shopLvlMin": 1,
    "shopLvlMax": 1,
    "sprite": "shelf_plus",
    "desc": "商人等级+4"
  },
  "9185": {
    "id": "9185",
    "name": "大手笔",
    "type": 18,
    "value1": 5,
    "value2": null,
    "shopLvlMin": 1,
    "shopLvlMax": 1,
    "sprite": "shelf_plus",
    "desc": "商人等级+5"
  },
  "9191": {
    "id": "9191",
    "name": "土豪来了1个",
    "type": 19,
    "value1": 1,
    "value2": null,
    "shopLvlMin": 1,
    "shopLvlMax": 1,
    "sprite": "savemoney",
    "desc": "顾客意愿值+5"
  },
  "9192": {
    "id": "9192",
    "name": "土豪来了1队",
    "type": 19,
    "value1": 2,
    "value2": null,
    "shopLvlMin": 1,
    "shopLvlMax": 1,
    "sprite": "savemoney",
    "desc": "顾客意愿值+10"
  },
  "9193": {
    "id": "9193",
    "name": "土豪来了1堆",
    "type": 19,
    "value1": 3,
    "value2": null,
    "shopLvlMin": 1,
    "shopLvlMax": 1,
    "sprite": "savemoney",
    "desc": "顾客意愿值+15"
  },
  "9194": {
    "id": "9194",
    "name": "土豪来了2堆",
    "type": 19,
    "value1": 4,
    "value2": null,
    "shopLvlMin": 1,
    "shopLvlMax": 1,
    "sprite": "savemoney",
    "desc": "顾客意愿值+20"
  },
  "9195": {
    "id": "9195",
    "name": "土豪来了3堆",
    "type": 19,
    "value1": 5,
    "value2": null,
    "shopLvlMin": 1,
    "shopLvlMax": 1,
    "sprite": "savemoney",
    "desc": "顾客意愿值+25"
  }
}