{
  "80001": {
    "id": "80001",
    "name": "减增伤0.5",
    "attr_type": 1,
    "value": -0.5,
    "last_time": 5000,
    "SE": "sTarget",
    "maxCount": 1,
    "sign": null
  },
  "80002": {
    "id": "80002",
    "name": "减免伤0.3",
    "attr_type": 2,
    "value": -0.3,
    "last_time": 5000,
    "SE": "sBuff_weak",
    "maxCount": 1,
    "sign": null
  },
  "80003": {
    "id": "80003",
    "name": "减移速修正0.4",
    "attr_type": 3,
    "value": -0.4,
    "last_time": 5000,
    "SE": "sBuff_slow",
    "maxCount": 1,
    "sign": null
  },
  "80004": {
    "id": "80004",
    "name": "加增伤1",
    "attr_type": 1,
    "value": 1,
    "last_time": 20000,
    "SE": "sTarget",
    "maxCount": 1,
    "sign": null
  },
  "80005": {
    "id": "80005",
    "name": "加免伤1",
    "attr_type": 2,
    "value": 1,
    "last_time": 20000,
    "SE": "sTarget",
    "maxCount": 1,
    "sign": null
  },
  "80006": {
    "id": "80006",
    "name": "加移速修正1",
    "attr_type": 3,
    "value": 1,
    "last_time": 20000,
    "SE": "sTarget",
    "maxCount": 1,
    "sign": null
  },
  "80007": {
    "id": "80007",
    "name": "减移速修正0.3",
    "attr_type": 3,
    "value": -0.3,
    "last_time": 5000,
    "SE": "sBuff_slow",
    "maxCount": 1,
    "sign": null
  },
  "80008": {
    "id": "80008",
    "name": "减生命值2",
    "attr_type": 4,
    "value": -2,
    "last_time": null,
    "SE": "sTarget",
    "maxCount": null,
    "sign": null
  },
  "80009": {
    "id": "80009",
    "name": "加生命值3",
    "attr_type": 4,
    "value": 3,
    "last_time": null,
    "SE": "sTarget",
    "maxCount": null,
    "sign": null
  },
  "80010": {
    "id": "80010",
    "name": "减生命值百分比1",
    "attr_type": 9,
    "value": -1,
    "last_time": null,
    "SE": "sTarget",
    "maxCount": null,
    "sign": null
  },
  "80011": {
    "id": "80011",
    "name": "减生命值2",
    "attr_type": 4,
    "value": -2,
    "last_time": null,
    "SE": "sTarget",
    "maxCount": null,
    "sign": null
  },
  "80012": {
    "id": "80012",
    "name": "晕眩0.4秒",
    "attr_type": 6,
    "value": 0,
    "last_time": 400,
    "SE": "sTarget",
    "maxCount": 1,
    "sign": null
  },
  "80013": {
    "id": "80013",
    "name": "减生命值2",
    "attr_type": 4,
    "value": -2,
    "last_time": null,
    "SE": "sTarget",
    "maxCount": null,
    "sign": null
  },
  "80014": {
    "id": "80014",
    "name": "加生命值20",
    "attr_type": 4,
    "value": 20,
    "last_time": null,
    "SE": "sShout",
    "maxCount": null,
    "sign": null
  },
  "80015": {
    "id": "80015",
    "name": "加能量值20",
    "attr_type": 5,
    "value": 20,
    "last_time": null,
    "SE": "sShout",
    "maxCount": null,
    "sign": null
  },
  "80016": {
    "id": "80016",
    "name": "减生命值2",
    "attr_type": 4,
    "value": -2,
    "last_time": null,
    "SE": "sTarget",
    "maxCount": null,
    "sign": null
  },
  "80017": {
    "id": "80017",
    "name": "减生命值2",
    "attr_type": 4,
    "value": -2,
    "last_time": null,
    "SE": "sTarget",
    "maxCount": null,
    "sign": null
  },
  "80018": {
    "id": "80018",
    "name": "减生命值2",
    "attr_type": 4,
    "value": -2,
    "last_time": null,
    "SE": "sTarget",
    "maxCount": null,
    "sign": null
  },
  "80019": {
    "id": "80019",
    "name": "减生命值2",
    "attr_type": 4,
    "value": -2,
    "last_time": null,
    "SE": "sTarget",
    "maxCount": null,
    "sign": null
  },
  "80020": {
    "id": "80020",
    "name": "减生命值2",
    "attr_type": 4,
    "value": -2,
    "last_time": null,
    "SE": "sTarget",
    "maxCount": null,
    "sign": null
  },
  "80021": {
    "id": "80021",
    "name": "加增伤0",
    "attr_type": 1,
    "value": 0,
    "last_time": 100,
    "SE": "sTarget",
    "maxCount": 1,
    "sign": null
  },
  "80022": {
    "id": "80022",
    "name": "减生命值0.4",
    "attr_type": 4,
    "value": -0.4,
    "last_time": null,
    "SE": "sTarget",
    "maxCount": null,
    "sign": null
  },
  "80023": {
    "id": "80023",
    "name": "加免伤0.3",
    "attr_type": 2,
    "value": 0.3,
    "last_time": null,
    "SE": "sTarget",
    "maxCount": null,
    "sign": null
  },
  "80024": {
    "id": "80024",
    "name": "加晕眩1000",
    "attr_type": 6,
    "value": 1000,
    "last_time": null,
    "SE": "sTarget",
    "maxCount": 1,
    "sign": null
  },
  "80025": {
    "id": "80025",
    "name": "加晕眩3000",
    "attr_type": 6,
    "value": 3000,
    "last_time": null,
    "SE": "sTarget",
    "maxCount": null,
    "sign": null
  },
  "80026": {
    "id": "80026",
    "name": "减生命值1",
    "attr_type": 4,
    "value": -1,
    "last_time": null,
    "SE": null,
    "maxCount": null,
    "sign": null
  },
  "80027": {
    "id": "80027",
    "name": "加生命值1",
    "attr_type": 4,
    "value": 1,
    "last_time": null,
    "SE": null,
    "maxCount": null,
    "sign": null
  },
  "80028": {
    "id": "80028",
    "name": "加增伤0.5",
    "attr_type": 1,
    "value": 0.5,
    "last_time": 1000000,
    "SE": "sTarget",
    "maxCount": 1,
    "sign": null
  },
  "80029": {
    "id": "80029",
    "name": "加驱散负面buff0",
    "attr_type": 20,
    "value": null,
    "last_time": null,
    "SE": "sTarget",
    "maxCount": 1,
    "sign": null
  },
  "80030": {
    "id": "80030",
    "name": "加0",
    "attr_type": "",
    "value": null,
    "last_time": null,
    "SE": null,
    "maxCount": null,
    "sign": null
  },
  "80031": {
    "id": "80031",
    "name": "加移速修正0.5",
    "attr_type": 3,
    "value": 0.5,
    "last_time": null,
    "SE": "sTarget",
    "maxCount": 1,
    "sign": null
  },
  "80032": {
    "id": "80032",
    "name": "减生命值2",
    "attr_type": 4,
    "value": -2,
    "last_time": null,
    "SE": "sTarget",
    "maxCount": 1,
    "sign": null
  },
  "80033": {
    "id": "80033",
    "name": "减生命值百分比2",
    "attr_type": 9,
    "value": -2,
    "last_time": null,
    "SE": "sTarget",
    "maxCount": 1,
    "sign": null
  },
  "80034": {
    "id": "80034",
    "name": "减移速修正0.8",
    "attr_type": 3,
    "value": -0.8,
    "last_time": 200,
    "SE": "sBuff_slow",
    "maxCount": 1,
    "sign": null
  },
  "80035": {
    "id": "80035",
    "name": "加移速修正0.2",
    "attr_type": 3,
    "value": 0.2,
    "last_time": 200,
    "SE": "sBuff_slow",
    "maxCount": 1,
    "sign": null
  },
  "80036": {
    "id": "80036",
    "name": "只是感到愉悦",
    "attr_type": "",
    "value": null,
    "last_time": 500,
    "SE": "sTarget",
    "maxCount": 1,
    "sign": null
  },
  "80037": {
    "id": "80037",
    "name": "减意愿值2",
    "attr_type": 12,
    "value": -2,
    "last_time": 2000,
    "SE": null,
    "maxCount": 1,
    "sign": -1
  },
  "80038": {
    "id": "80038",
    "name": "减商品出售价格百分比200",
    "attr_type": 13,
    "value": -200,
    "last_time": 25000,
    "SE": "sEffect_lowerPrice",
    "maxCount": 1,
    "sign": -1
  },
  "80039": {
    "id": "80039",
    "name": "减货架被购买几率200",
    "attr_type": 14,
    "value": -200,
    "last_time": 25000,
    "SE": "sEffect_LowerProbable",
    "maxCount": 1,
    "sign": -1
  },
  "80040": {
    "id": "80040",
    "name": "加禁止货架被光顾0",
    "attr_type": 15,
    "value": null,
    "last_time": 25000,
    "SE": "sEffect_shelfFobidden",
    "maxCount": 1,
    "sign": -1
  },
  "80041": {
    "id": "80041",
    "name": "加清除effect0",
    "attr_type": 16,
    "value": null,
    "last_time": null,
    "SE": null,
    "maxCount": 1,
    "sign": null
  },
  "80042": {
    "id": "80042",
    "name": "加移速修正0",
    "attr_type": 3,
    "value": 0,
    "last_time": null,
    "SE": null,
    "maxCount": null,
    "sign": null
  },
  "80043": {
    "id": "80043",
    "name": "加移速修正0",
    "attr_type": 3,
    "value": 0,
    "last_time": null,
    "SE": null,
    "maxCount": null,
    "sign": null
  },
  "80044": {
    "id": "80044",
    "name": "加移速修正0",
    "attr_type": 3,
    "value": 0,
    "last_time": null,
    "SE": null,
    "maxCount": null,
    "sign": null
  },
  "80045": {
    "id": "80045",
    "name": "减移速修正0.6",
    "attr_type": 3,
    "value": -0.6,
    "last_time": 800,
    "SE": "sBuff_slow",
    "maxCount": 1,
    "sign": null
  },
  "80046": {
    "id": "80046",
    "name": "减移速修正0.8",
    "attr_type": 3,
    "value": -0.8,
    "last_time": 800,
    "SE": "sBuff_slow",
    "maxCount": 1,
    "sign": null
  },
  "80047": {
    "id": "80047",
    "name": "减移速修正0.9",
    "attr_type": 3,
    "value": -0.9,
    "last_time": 800,
    "SE": "sBuff_slow",
    "maxCount": 1,
    "sign": null
  },
  "80048": {
    "id": "80048",
    "name": "捣乱buff",
    "attr_type": 3,
    "value": 0,
    "last_time": 1000000,
    "SE": null,
    "maxCount": 999,
    "sign": null
  },
  "80049": {
    "id": "80049",
    "name": "减生命值2",
    "attr_type": 4,
    "value": -2,
    "last_time": null,
    "SE": "sBullet_blue_ex",
    "maxCount": null,
    "sign": null
  },
  "80050": {
    "id": "80050",
    "name": "加增加金钱2",
    "attr_type": 18,
    "value": 2,
    "last_time": null,
    "SE": null,
    "maxCount": null,
    "sign": null
  },
  "80051": {
    "id": "80051",
    "name": "加增加金钱4",
    "attr_type": 18,
    "value": 4,
    "last_time": null,
    "SE": null,
    "maxCount": null,
    "sign": null
  },
  "80052": {
    "id": "80052",
    "name": "加增加金钱6",
    "attr_type": 18,
    "value": 6,
    "last_time": null,
    "SE": null,
    "maxCount": null,
    "sign": null
  },
  "80053": {
    "id": "80053",
    "name": "加增加金钱8",
    "attr_type": 18,
    "value": 8,
    "last_time": null,
    "SE": null,
    "maxCount": null,
    "sign": null
  },
  "80054": {
    "id": "80054",
    "name": "加增加金钱10",
    "attr_type": 18,
    "value": 10,
    "last_time": null,
    "SE": null,
    "maxCount": null,
    "sign": null
  },
  "80055": {
    "id": "80055",
    "name": "加意愿值10",
    "attr_type": 12,
    "value": 10,
    "last_time": null,
    "SE": "sShout",
    "maxCount": null,
    "sign": null
  },
  "80056": {
    "id": "80056",
    "name": "加意愿值15",
    "attr_type": 12,
    "value": 15,
    "last_time": null,
    "SE": "sShout",
    "maxCount": null,
    "sign": null
  },
  "80057": {
    "id": "80057",
    "name": "加意愿值20",
    "attr_type": 12,
    "value": 20,
    "last_time": null,
    "SE": "sShout",
    "maxCount": null,
    "sign": null
  },
  "80058": {
    "id": "80058",
    "name": "加意愿值25",
    "attr_type": 12,
    "value": 25,
    "last_time": null,
    "SE": "sShout",
    "maxCount": null,
    "sign": null
  },
  "80059": {
    "id": "80059",
    "name": "加意愿值30",
    "attr_type": 12,
    "value": 30,
    "last_time": null,
    "SE": "sShout",
    "maxCount": null,
    "sign": null
  },
  "80060": {
    "id": "80060",
    "name": "减移速修正0.8",
    "attr_type": 3,
    "value": -0.8,
    "last_time": 1000,
    "SE": "sBuff_slow",
    "maxCount": 1,
    "sign": null
  }
}