{
  "911": {
    "id": "911",
    "penetrate": 1,
    "sprite": "sArrow",
    "speed": 1215,
    "life": 0.33,
    "buff": null,
    "explodeS": "sBullet_red_ex",
    "harmFrame": null,
    "explodeSound": "sound_bullet_ex",
    "warningSpr": null,
    "collisionEffect": null,
    "deadEffect": null
  },
  "912": {
    "id": "912",
    "penetrate": 1,
    "sprite": "sBullet_red",
    "speed": 1215,
    "life": 0.33,
    "buff": null,
    "explodeS": "sBullet_red_ex",
    "harmFrame": null,
    "explodeSound": "sound_bullet_ex",
    "warningSpr": null,
    "collisionEffect": null,
    "deadEffect": null
  },
  "921": {
    "id": "921",
    "penetrate": null,
    "sprite": "sBullet_blue",
    "speed": 540,
    "life": 0.93,
    "buff": 80007,
    "explodeS": "sBullet_blue_ex",
    "harmFrame": 2,
    "explodeSound": "sound_bullet_ex",
    "warningSpr": null,
    "collisionEffect": null,
    "deadEffect": null
  },
  "931": {
    "id": "931",
    "penetrate": null,
    "sprite": "sBullet",
    "speed": 810,
    "life": 0.49,
    "buff": null,
    "explodeS": "sBullet_ex",
    "harmFrame": null,
    "explodeSound": "sound_bullet_ex",
    "warningSpr": null,
    "collisionEffect": null,
    "deadEffect": null
  },
  "932": {
    "id": "932",
    "penetrate": null,
    "sprite": "sBullet",
    "speed": 810,
    "life": 0.37,
    "buff": 80002,
    "explodeS": "sBullet_ex",
    "harmFrame": null,
    "explodeSound": "sound_bullet_ex",
    "warningSpr": null,
    "collisionEffect": null,
    "deadEffect": null
  },
  "933": {
    "id": "933",
    "penetrate": null,
    "sprite": "sBullet",
    "speed": 1215,
    "life": 0.66,
    "buff": null,
    "explodeS": "sBullet_ex",
    "harmFrame": null,
    "explodeSound": "sound_bullet_ex",
    "warningSpr": null,
    "collisionEffect": null,
    "deadEffect": null
  },
  "941": {
    "id": "941",
    "penetrate": null,
    "sprite": "sBullet_green",
    "speed": 540,
    "life": 1.2,
    "buff": null,
    "explodeS": "sBullet_green_ex",
    "harmFrame": null,
    "explodeSound": "sound_bullet_ex",
    "warningSpr": null,
    "collisionEffect": null,
    "deadEffect": null
  },
  "942": {
    "id": "942",
    "penetrate": null,
    "sprite": "sBullet_purple",
    "speed": 270,
    "life": 2.41,
    "buff": 80007,
    "explodeS": "sBullet_purple_ex",
    "harmFrame": 2,
    "explodeSound": "sound_bullet_ex",
    "warningSpr": null,
    "collisionEffect": null,
    "deadEffect": null
  },
  "943": {
    "id": "943",
    "penetrate": null,
    "sprite": "sBullet_turtle",
    "speed": 810,
    "life": 1.23,
    "buff": null,
    "explodeS": "sBullet_blue_ex",
    "harmFrame": null,
    "explodeSound": "sound_bullet_ex",
    "warningSpr": null,
    "collisionEffect": [
      7020
    ],
    "deadEffect": null
  },
  "944": {
    "id": "944",
    "penetrate": null,
    "sprite": "sBullet",
    "speed": 810,
    "life": 0.12,
    "buff": null,
    "explodeS": "sBullet_ex",
    "harmFrame": null,
    "explodeSound": "sound_bullet_ex",
    "warningSpr": null,
    "collisionEffect": null,
    "deadEffect": null
  },
  "945": {
    "id": "945",
    "penetrate": null,
    "sprite": "sBullet",
    "speed": 810,
    "life": 0.1,
    "buff": null,
    "explodeS": "sBullet_ex",
    "harmFrame": null,
    "explodeSound": "sound_bullet_ex",
    "warningSpr": null,
    "collisionEffect": null,
    "deadEffect": null
  },
  "946": {
    "id": "946",
    "penetrate": null,
    "sprite": "sBullet",
    "speed": 810,
    "life": 0.07,
    "buff": null,
    "explodeS": "sBullet_ex",
    "harmFrame": null,
    "explodeSound": "sound_bullet_ex",
    "warningSpr": null,
    "collisionEffect": null,
    "deadEffect": null
  },
  "947": {
    "id": "947",
    "penetrate": null,
    "sprite": "sBullet",
    "speed": 810,
    "life": 0.62,
    "buff": null,
    "explodeS": "sBullet_ex",
    "harmFrame": null,
    "explodeSound": "sound_bullet_ex",
    "warningSpr": null,
    "collisionEffect": [
      7025
    ],
    "deadEffect": null
  },
  "948": {
    "id": "948",
    "penetrate": 2,
    "sprite": "sBullet",
    "speed": 540,
    "life": 0.74,
    "buff": null,
    "explodeS": "sBullet_ex",
    "harmFrame": null,
    "explodeSound": "sound_bullet_ex",
    "warningSpr": "sBullet_ex",
    "collisionEffect": null,
    "deadEffect": [
      7026
    ]
  },
  "949": {
    "id": "949",
    "penetrate": 2,
    "sprite": "sBullet",
    "speed": 270,
    "life": 2.22,
    "buff": null,
    "explodeS": "sBullet_ex",
    "harmFrame": null,
    "explodeSound": "sound_bullet_ex",
    "warningSpr": "sBullet_ex",
    "collisionEffect": null,
    "deadEffect": null
  },
  "950": {
    "id": "950",
    "penetrate": 2,
    "sprite": "sBullet_blue",
    "speed": 400,
    "life": 0.75,
    "buff": null,
    "explodeS": "sBullet_blue_ex",
    "harmFrame": null,
    "explodeSound": "sound_bullet_ex",
    "warningSpr": "sBullet_ex",
    "collisionEffect": null,
    "deadEffect": null
  },
  "951": {
    "id": "951",
    "penetrate": 1,
    "sprite": "sArrow",
    "speed": 1890,
    "life": 0.53,
    "buff": null,
    "explodeS": "sBullet_red_ex",
    "harmFrame": null,
    "explodeSound": "sound_bullet_ex",
    "warningSpr": null,
    "collisionEffect": [
      7041
    ],
    "deadEffect": null
  },
  "952": {
    "id": "952",
    "penetrate": 1,
    "sprite": "sArrow",
    "speed": 1890,
    "life": 0.53,
    "buff": null,
    "explodeS": "sBullet_red_ex",
    "harmFrame": null,
    "explodeSound": "sound_bullet_ex",
    "warningSpr": null,
    "collisionEffect": [
      7042
    ],
    "deadEffect": null
  },
  "953": {
    "id": "953",
    "penetrate": 1,
    "sprite": "sArrow",
    "speed": 1890,
    "life": 0.53,
    "buff": null,
    "explodeS": "sBullet_red_ex",
    "harmFrame": null,
    "explodeSound": "sound_bullet_ex",
    "warningSpr": null,
    "collisionEffect": [
      7043
    ],
    "deadEffect": null
  },
  "999": {
    "id": "999",
    "penetrate": 2,
    "sprite": "sBullet_blue",
    "speed": 300,
    "life": 2.17,
    "buff": null,
    "explodeS": "sBullet_blue_ex",
    "harmFrame": 2,
    "explodeSound": "sound_bullet_ex",
    "warningSpr": "sBullet_ex",
    "collisionEffect": null,
    "deadEffect": [
      7012
    ]
  },
  "null": {
    "id": null,
    "penetrate": null,
    "sprite": null,
    "speed": null,
    "life": null,
    "buff": null,
    "explodeS": null,
    "harmFrame": null,
    "explodeSound": null,
    "warningSpr": null,
    "collisionEffect": null,
    "deadEffect": null
  }
}