{
  "2001": {
    "id": "2001",
    "sprite": "cus1",
    "interest": 4,
    "skill": []
  },
  "2002": {
    "id": "2002",
    "sprite": "cus2",
    "interest": 4,
    "skill": [
      80351
    ]
  },
  "2003": {
    "id": "2003",
    "sprite": "cus3",
    "interest": 4,
    "skill": [
      80341
    ]
  },
  "2004": {
    "id": "2004",
    "sprite": "cus4",
    "interest": 4,
    "skill": [
      80321
    ]
  },
  "2005": {
    "id": "2005",
    "sprite": "cus5",
    "interest": 4,
    "skill": [
      80321
    ]
  },
  "2006": {
    "id": "2006",
    "sprite": "cus6",
    "interest": 4,
    "skill": [
      80361
    ]
  }
}