{
  "7001": {
    "id": "7001",
    "period": 200,
    "periodCount": 5,
    "targetPoint": 2,
    "follow": 0,
    "searchShape": 1,
    "searchRange": 150,
    "searchCount": null,
    "searchTeam": "",
    "searchFilter": "",
    "targetUnit": 0,
    "buff": [
      80008
    ],
    "buffCount": [
      1
    ],
    "afterEffect": null,
    "forceMoveDir": null,
    "forceMoveDist": null,
    "sprite": "sCarpet"
  },
  "7002": {
    "id": "7002",
    "period": null,
    "periodCount": null,
    "targetPoint": "",
    "follow": null,
    "searchShape": "",
    "searchRange": null,
    "searchCount": null,
    "searchTeam": "",
    "searchFilter": "",
    "targetUnit": 2,
    "buff": [
      80009
    ],
    "buffCount": [
      1
    ],
    "afterEffect": null,
    "forceMoveDir": null,
    "forceMoveDist": null,
    "sprite": "sTarget"
  },
  "7003": {
    "id": "7003",
    "period": 400,
    "periodCount": 3,
    "targetPoint": 3,
    "follow": null,
    "searchShape": 1,
    "searchRange": 200,
    "searchCount": null,
    "searchTeam": -1,
    "searchFilter": "",
    "targetUnit": 0,
    "buff": [
      80013
    ],
    "buffCount": [
      1
    ],
    "afterEffect": null,
    "forceMoveDir": null,
    "forceMoveDist": null,
    "sprite": "sTarget"
  },
  "7004": {
    "id": "7004",
    "period": null,
    "periodCount": null,
    "targetPoint": 1,
    "follow": null,
    "searchShape": 1,
    "searchRange": 200,
    "searchCount": null,
    "searchTeam": -1,
    "searchFilter": "",
    "targetUnit": 0,
    "buff": [
      80011
    ],
    "buffCount": [
      1
    ],
    "afterEffect": null,
    "forceMoveDir": null,
    "forceMoveDist": null,
    "sprite": "sTarget"
  },
  "7005": {
    "id": "7005",
    "period": 200,
    "periodCount": 3,
    "targetPoint": "",
    "follow": null,
    "searchShape": "",
    "searchRange": null,
    "searchCount": null,
    "searchTeam": "",
    "searchFilter": "",
    "targetUnit": 1,
    "buff": [
      80010
    ],
    "buffCount": [
      1
    ],
    "afterEffect": null,
    "forceMoveDir": null,
    "forceMoveDist": null,
    "sprite": "sTarget"
  },
  "7006": {
    "id": "7006",
    "period": null,
    "periodCount": null,
    "targetPoint": "",
    "follow": null,
    "searchShape": "",
    "searchRange": null,
    "searchCount": null,
    "searchTeam": "",
    "searchFilter": "",
    "targetUnit": 2,
    "buff": [],
    "buffCount": [
      5
    ],
    "afterEffect": null,
    "forceMoveDir": null,
    "forceMoveDist": null,
    "sprite": "sTarget"
  },
  "7007": {
    "id": "7007",
    "period": 450,
    "periodCount": 8,
    "targetPoint": 1,
    "follow": null,
    "searchShape": 1,
    "searchRange": 200,
    "searchCount": null,
    "searchTeam": -1,
    "searchFilter": "",
    "targetUnit": 0,
    "buff": [
      80012
    ],
    "buffCount": [
      1
    ],
    "afterEffect": null,
    "forceMoveDir": null,
    "forceMoveDist": null,
    "sprite": "sTarget"
  },
  "7008": {
    "id": "7008",
    "period": 200,
    "periodCount": 20,
    "targetPoint": 1,
    "follow": null,
    "searchShape": 1,
    "searchRange": 300,
    "searchCount": 1,
    "searchTeam": -1,
    "searchFilter": "",
    "targetUnit": 0,
    "buff": [
      80016
    ],
    "buffCount": [
      1
    ],
    "afterEffect": null,
    "forceMoveDir": null,
    "forceMoveDist": null,
    "sprite": "sTarget"
  },
  "7009": {
    "id": "7009",
    "period": null,
    "periodCount": null,
    "targetPoint": 3,
    "follow": null,
    "searchShape": 1,
    "searchRange": 100,
    "searchCount": 1,
    "searchTeam": -1,
    "searchFilter": "",
    "targetUnit": 0,
    "buff": [
      80017
    ],
    "buffCount": [
      1
    ],
    "afterEffect": [
      7011
    ],
    "forceMoveDir": null,
    "forceMoveDist": null,
    "sprite": "sTarget"
  },
  "7010": {
    "id": "7010",
    "period": null,
    "periodCount": null,
    "targetPoint": 0,
    "follow": null,
    "searchShape": 1,
    "searchRange": 100,
    "searchCount": 1,
    "searchTeam": -1,
    "searchFilter": "",
    "targetUnit": 0,
    "buff": [
      80018
    ],
    "buffCount": [
      1
    ],
    "afterEffect": [
      7012
    ],
    "forceMoveDir": null,
    "forceMoveDist": null,
    "sprite": "sTarget"
  },
  "7011": {
    "id": "7011",
    "period": null,
    "periodCount": null,
    "targetPoint": 0,
    "follow": null,
    "searchShape": 1,
    "searchRange": 100,
    "searchCount": 1,
    "searchTeam": -1,
    "searchFilter": "",
    "targetUnit": 0,
    "buff": [
      80019
    ],
    "buffCount": [
      1
    ],
    "afterEffect": null,
    "forceMoveDir": null,
    "forceMoveDist": null,
    "sprite": "sTarget"
  },
  "7012": {
    "id": "7012",
    "period": null,
    "periodCount": null,
    "targetPoint": 2,
    "follow": null,
    "searchShape": 1,
    "searchRange": 150,
    "searchCount": null,
    "searchTeam": -1,
    "searchFilter": "",
    "targetUnit": 0,
    "buff": [
      80020
    ],
    "buffCount": [
      1
    ],
    "afterEffect": null,
    "forceMoveDir": null,
    "forceMoveDist": null,
    "sprite": "sTarget"
  },
  "7013": {
    "id": "7013",
    "period": 150,
    "periodCount": 4,
    "targetPoint": 1,
    "follow": 1,
    "searchShape": "",
    "searchRange": null,
    "searchCount": null,
    "searchTeam": null,
    "searchFilter": "",
    "targetUnit": 1,
    "buff": [
      80021
    ],
    "buffCount": [
      1
    ],
    "afterEffect": [
      7014
    ],
    "forceMoveDir": null,
    "forceMoveDist": null,
    "sprite": "sTarget"
  },
  "7014": {
    "id": "7014",
    "period": 300,
    "periodCount": 5,
    "targetPoint": 1,
    "follow": null,
    "searchShape": 1,
    "searchRange": 100,
    "searchCount": null,
    "searchTeam": -1,
    "searchFilter": "",
    "targetUnit": 0,
    "buff": [
      80022
    ],
    "buffCount": [
      1
    ],
    "afterEffect": null,
    "forceMoveDir": null,
    "forceMoveDist": null,
    "sprite": "sMon_bird1"
  },
  "7015": {
    "id": "7015",
    "period": 200,
    "periodCount": 4,
    "targetPoint": "",
    "follow": null,
    "searchShape": "",
    "searchRange": null,
    "searchCount": null,
    "searchTeam": "",
    "searchFilter": "",
    "targetUnit": 2,
    "buff": [
      80014
    ],
    "buffCount": [
      1
    ],
    "afterEffect": null,
    "forceMoveDir": null,
    "forceMoveDist": null,
    "sprite": "sTarget"
  },
  "7016": {
    "id": "7016",
    "period": 200,
    "periodCount": 4,
    "targetPoint": "",
    "follow": null,
    "searchShape": "",
    "searchRange": null,
    "searchCount": null,
    "searchTeam": "",
    "searchFilter": "",
    "targetUnit": 2,
    "buff": [
      80015
    ],
    "buffCount": [
      1
    ],
    "afterEffect": null,
    "forceMoveDir": null,
    "forceMoveDist": null,
    "sprite": "sTarget"
  },
  "7017": {
    "id": "7017",
    "period": null,
    "periodCount": null,
    "targetPoint": "",
    "follow": null,
    "searchShape": "",
    "searchRange": null,
    "searchCount": null,
    "searchTeam": "",
    "searchFilter": "",
    "targetUnit": 2,
    "buff": [
      80023
    ],
    "buffCount": [
      1
    ],
    "afterEffect": null,
    "forceMoveDir": null,
    "forceMoveDist": null,
    "sprite": "sTarget"
  },
  "7018": {
    "id": "7018",
    "period": 100,
    "periodCount": 80,
    "targetPoint": 1,
    "follow": 1,
    "searchShape": 0,
    "searchRange": null,
    "searchCount": null,
    "searchTeam": 1,
    "searchFilter": "",
    "targetUnit": 0,
    "buff": [
      80031
    ],
    "buffCount": [
      1
    ],
    "afterEffect": null,
    "forceMoveDir": null,
    "forceMoveDist": null,
    "sprite": "sEffect_hurryUpMyFriends"
  },
  "7019": {
    "id": "7019",
    "period": 500,
    "periodCount": 20,
    "targetPoint": 1,
    "follow": 1,
    "searchShape": 0,
    "searchRange": null,
    "searchCount": null,
    "searchTeam": -1,
    "searchFilter": "",
    "targetUnit": 0,
    "buff": [
      80032
    ],
    "buffCount": [
      1
    ],
    "afterEffect": null,
    "forceMoveDir": null,
    "forceMoveDist": null,
    "sprite": "sEffect_hotterThanFire"
  },
  "7020": {
    "id": "7020",
    "period": null,
    "periodCount": null,
    "targetPoint": "",
    "follow": null,
    "searchShape": 1,
    "searchRange": 50,
    "searchCount": null,
    "searchTeam": "",
    "searchFilter": "",
    "targetUnit": 0,
    "buff": [
      80033
    ],
    "buffCount": [
      1
    ],
    "afterEffect": null,
    "forceMoveDir": null,
    "forceMoveDist": null,
    "sprite": null
  },
  "7021": {
    "id": "7021",
    "period": 200,
    "periodCount": 23,
    "targetPoint": 3,
    "follow": null,
    "searchShape": 0,
    "searchRange": null,
    "searchCount": null,
    "searchTeam": -1,
    "searchFilter": "",
    "targetUnit": 0,
    "buff": [
      80034
    ],
    "buffCount": [
      1
    ],
    "afterEffect": null,
    "forceMoveDir": null,
    "forceMoveDist": null,
    "sprite": "sCarpet"
  },
  "7022": {
    "id": "7022",
    "period": 200,
    "periodCount": 10,
    "targetPoint": 2,
    "follow": null,
    "searchShape": 0,
    "searchRange": null,
    "searchCount": null,
    "searchTeam": -1,
    "searchFilter": "",
    "targetUnit": 0,
    "buff": [
      80035
    ],
    "buffCount": [
      1
    ],
    "afterEffect": null,
    "forceMoveDir": null,
    "forceMoveDist": null,
    "sprite": "sCarpet"
  },
  "7023": {
    "id": "7023",
    "period": 600,
    "periodCount": 2,
    "targetPoint": 2,
    "follow": 1,
    "searchShape": 1,
    "searchRange": 150,
    "searchCount": null,
    "searchTeam": -1,
    "searchFilter": "",
    "targetUnit": 0,
    "buff": [
      80036
    ],
    "buffCount": [
      1
    ],
    "afterEffect": null,
    "forceMoveDir": -1,
    "forceMoveDist": 100,
    "sprite": null
  },
  "7024": {
    "id": "7024",
    "period": 1000,
    "periodCount": 5,
    "targetPoint": 0,
    "follow": null,
    "searchShape": 1,
    "searchRange": 250,
    "searchCount": null,
    "searchTeam": -1,
    "searchFilter": 5,
    "targetUnit": 0,
    "buff": [
      80060
    ],
    "buffCount": [
      1
    ],
    "afterEffect": null,
    "forceMoveDir": 1,
    "forceMoveDist": 100,
    "sprite": "sEffect_fire"
  },
  "7025": {
    "id": "7025",
    "period": null,
    "periodCount": null,
    "targetPoint": "",
    "follow": null,
    "searchShape": 1,
    "searchRange": 50,
    "searchCount": null,
    "searchTeam": -1,
    "searchFilter": "",
    "targetUnit": 0,
    "buff": [],
    "buffCount": [
      1
    ],
    "afterEffect": null,
    "forceMoveDir": null,
    "forceMoveDist": null,
    "sprite": null
  },
  "7026": {
    "id": "7026",
    "period": null,
    "periodCount": null,
    "targetPoint": "",
    "follow": null,
    "searchShape": 1,
    "searchRange": 50,
    "searchCount": null,
    "searchTeam": -1,
    "searchFilter": "",
    "targetUnit": 0,
    "buff": [
      80025
    ],
    "buffCount": [
      1
    ],
    "afterEffect": null,
    "forceMoveDir": null,
    "forceMoveDist": null,
    "sprite": null
  },
  "7027": {
    "id": "7027",
    "period": null,
    "periodCount": null,
    "targetPoint": 1,
    "follow": null,
    "searchShape": 1,
    "searchRange": 200,
    "searchCount": 3,
    "searchTeam": -1,
    "searchFilter": "",
    "targetUnit": 1,
    "buff": [],
    "buffCount": [
      1
    ],
    "afterEffect": [
      7028
    ],
    "forceMoveDir": null,
    "forceMoveDist": null,
    "sprite": null
  },
  "7028": {
    "id": "7028",
    "period": 200,
    "periodCount": 20,
    "targetPoint": "",
    "follow": null,
    "searchShape": "",
    "searchRange": null,
    "searchCount": null,
    "searchTeam": "",
    "searchFilter": "",
    "targetUnit": 0,
    "buff": [
      80026
    ],
    "buffCount": [
      1
    ],
    "afterEffect": [
      7029
    ],
    "forceMoveDir": null,
    "forceMoveDist": null,
    "sprite": null
  },
  "7029": {
    "id": "7029",
    "period": 200,
    "periodCount": 20,
    "targetPoint": "",
    "follow": null,
    "searchShape": "",
    "searchRange": null,
    "searchCount": null,
    "searchTeam": "",
    "searchFilter": "",
    "targetUnit": 2,
    "buff": [
      80027
    ],
    "buffCount": [
      1
    ],
    "afterEffect": null,
    "forceMoveDir": null,
    "forceMoveDist": null,
    "sprite": null
  },
  "7030": {
    "id": "7030",
    "period": null,
    "periodCount": null,
    "targetPoint": "",
    "follow": null,
    "searchShape": "",
    "searchRange": null,
    "searchCount": null,
    "searchTeam": "",
    "searchFilter": "",
    "targetUnit": 3,
    "buff": [
      80028
    ],
    "buffCount": [
      1
    ],
    "afterEffect": null,
    "forceMoveDir": null,
    "forceMoveDist": null,
    "sprite": null
  },
  "7031": {
    "id": "7031",
    "period": 300,
    "periodCount": 10,
    "targetPoint": 0,
    "follow": 1,
    "searchShape": 0,
    "searchRange": null,
    "searchCount": null,
    "searchTeam": 0,
    "searchFilter": "",
    "targetUnit": 0,
    "buff": [
      80036
    ],
    "buffCount": [
      1
    ],
    "afterEffect": null,
    "forceMoveDir": null,
    "forceMoveDist": null,
    "sprite": "sEffect_testLeft"
  },
  "7032": {
    "id": "7032",
    "period": 300,
    "periodCount": 10,
    "targetPoint": 0,
    "follow": 1,
    "searchShape": 0,
    "searchRange": null,
    "searchCount": null,
    "searchTeam": 0,
    "searchFilter": "",
    "targetUnit": 0,
    "buff": [
      80036
    ],
    "buffCount": [
      1
    ],
    "afterEffect": null,
    "forceMoveDir": null,
    "forceMoveDist": null,
    "sprite": "sEffect_testRight"
  },
  "7033": {
    "id": "7033",
    "period": 300,
    "periodCount": 10,
    "targetPoint": 0,
    "follow": 1,
    "searchShape": 0,
    "searchRange": null,
    "searchCount": null,
    "searchTeam": 0,
    "searchFilter": "",
    "targetUnit": 0,
    "buff": [
      80036
    ],
    "buffCount": [
      1
    ],
    "afterEffect": null,
    "forceMoveDir": null,
    "forceMoveDist": null,
    "sprite": "sEffect_testUp"
  },
  "7034": {
    "id": "7034",
    "period": 300,
    "periodCount": 10,
    "targetPoint": 0,
    "follow": 1,
    "searchShape": 0,
    "searchRange": null,
    "searchCount": null,
    "searchTeam": 0,
    "searchFilter": "",
    "targetUnit": 0,
    "buff": [
      80036
    ],
    "buffCount": [
      1
    ],
    "afterEffect": null,
    "forceMoveDir": null,
    "forceMoveDist": null,
    "sprite": "sEffect_testDown"
  },
  "7035": {
    "id": "7035",
    "period": 2000,
    "periodCount": 10,
    "targetPoint": 1,
    "follow": null,
    "searchShape": 0,
    "searchRange": 100,
    "searchCount": null,
    "searchTeam": 0,
    "searchFilter": 4,
    "targetUnit": 0,
    "buff": [
      80037
    ],
    "buffCount": [
      1
    ],
    "afterEffect": null,
    "forceMoveDir": null,
    "forceMoveDist": null,
    "sprite": "sEffect_fire"
  },
  "7036": {
    "id": "7036",
    "period": null,
    "periodCount": null,
    "targetPoint": 0,
    "follow": null,
    "searchShape": 0,
    "searchRange": null,
    "searchCount": null,
    "searchTeam": 0,
    "searchFilter": 2,
    "targetUnit": 0,
    "buff": [
      80038
    ],
    "buffCount": [
      1
    ],
    "afterEffect": null,
    "forceMoveDir": null,
    "forceMoveDist": null,
    "sprite": "sShout"
  },
  "7037": {
    "id": "7037",
    "period": null,
    "periodCount": null,
    "targetPoint": 0,
    "follow": null,
    "searchShape": 0,
    "searchRange": null,
    "searchCount": null,
    "searchTeam": 0,
    "searchFilter": 2,
    "targetUnit": 0,
    "buff": [
      80039
    ],
    "buffCount": [
      1
    ],
    "afterEffect": null,
    "forceMoveDir": null,
    "forceMoveDist": null,
    "sprite": "sShout"
  },
  "7038": {
    "id": "7038",
    "period": null,
    "periodCount": null,
    "targetPoint": 0,
    "follow": null,
    "searchShape": 0,
    "searchRange": null,
    "searchCount": null,
    "searchTeam": 0,
    "searchFilter": 2,
    "targetUnit": 0,
    "buff": [
      80040
    ],
    "buffCount": [
      1
    ],
    "afterEffect": null,
    "forceMoveDir": null,
    "forceMoveDist": null,
    "sprite": "sShout"
  },
  "7039": {
    "id": "7039",
    "period": null,
    "periodCount": null,
    "targetPoint": 0,
    "follow": null,
    "searchShape": 0,
    "searchRange": null,
    "searchCount": null,
    "searchTeam": 0,
    "searchFilter": 2,
    "targetUnit": 0,
    "buff": [
      80029
    ],
    "buffCount": [
      1
    ],
    "afterEffect": null,
    "forceMoveDir": null,
    "forceMoveDist": null,
    "sprite": "sTarget"
  },
  "7040": {
    "id": "7040",
    "period": null,
    "periodCount": null,
    "targetPoint": 0,
    "follow": null,
    "searchShape": 0,
    "searchRange": 100,
    "searchCount": null,
    "searchTeam": 0,
    "searchFilter": 6,
    "targetUnit": 0,
    "buff": [
      80041
    ],
    "buffCount": [
      1
    ],
    "afterEffect": null,
    "forceMoveDir": null,
    "forceMoveDist": null,
    "sprite": "sTarget"
  },
  "7041": {
    "id": "7041",
    "period": 50,
    "periodCount": 5,
    "targetPoint": "",
    "follow": null,
    "searchShape": null,
    "searchRange": null,
    "searchCount": null,
    "searchTeam": null,
    "searchFilter": "",
    "targetUnit": 0,
    "buff": [
      80042
    ],
    "buffCount": [
      1
    ],
    "afterEffect": null,
    "forceMoveDir": -1,
    "forceMoveDist": 20,
    "sprite": "sTarget"
  },
  "7042": {
    "id": "7042",
    "period": 50,
    "periodCount": 5,
    "targetPoint": "",
    "follow": null,
    "searchShape": null,
    "searchRange": null,
    "searchCount": null,
    "searchTeam": null,
    "searchFilter": "",
    "targetUnit": 0,
    "buff": [
      80043
    ],
    "buffCount": [
      1
    ],
    "afterEffect": null,
    "forceMoveDir": -1,
    "forceMoveDist": 30,
    "sprite": "sTarget"
  },
  "7043": {
    "id": "7043",
    "period": 50,
    "periodCount": 5,
    "targetPoint": "",
    "follow": null,
    "searchShape": null,
    "searchRange": null,
    "searchCount": null,
    "searchTeam": null,
    "searchFilter": "",
    "targetUnit": 0,
    "buff": [
      80044
    ],
    "buffCount": [
      1
    ],
    "afterEffect": null,
    "forceMoveDir": -1,
    "forceMoveDist": 40,
    "sprite": "sTarget"
  },
  "7044": {
    "id": "7044",
    "period": 1000,
    "periodCount": 3,
    "targetPoint": 3,
    "follow": null,
    "searchShape": 1,
    "searchRange": 200,
    "searchCount": null,
    "searchTeam": -1,
    "searchFilter": 5,
    "targetUnit": 0,
    "buff": [
      80045
    ],
    "buffCount": [
      1
    ],
    "afterEffect": null,
    "forceMoveDir": null,
    "forceMoveDist": null,
    "sprite": "sBullet_blue_ex"
  },
  "7045": {
    "id": "7045",
    "period": 1000,
    "periodCount": 4,
    "targetPoint": 3,
    "follow": null,
    "searchShape": 1,
    "searchRange": 200,
    "searchCount": null,
    "searchTeam": -1,
    "searchFilter": 5,
    "targetUnit": 0,
    "buff": [
      80046
    ],
    "buffCount": [
      1
    ],
    "afterEffect": null,
    "forceMoveDir": null,
    "forceMoveDist": null,
    "sprite": "sBullet_blue_ex"
  },
  "7046": {
    "id": "7046",
    "period": 1000,
    "periodCount": 5,
    "targetPoint": 3,
    "follow": null,
    "searchShape": 1,
    "searchRange": 200,
    "searchCount": null,
    "searchTeam": -1,
    "searchFilter": 5,
    "targetUnit": 0,
    "buff": [
      80047
    ],
    "buffCount": [
      1
    ],
    "afterEffect": null,
    "forceMoveDir": null,
    "forceMoveDist": null,
    "sprite": "sBullet_blue_ex"
  },
  "7047": {
    "id": "7047",
    "period": null,
    "periodCount": null,
    "targetPoint": null,
    "follow": null,
    "searchShape": "",
    "searchRange": null,
    "searchCount": null,
    "searchTeam": "",
    "searchFilter": null,
    "targetUnit": 1,
    "buff": [
      80048
    ],
    "buffCount": [
      1
    ],
    "afterEffect": null,
    "forceMoveDir": null,
    "forceMoveDist": null,
    "sprite": null
  },
  "7048": {
    "id": "7048",
    "period": 400,
    "periodCount": 4,
    "targetPoint": 3,
    "follow": null,
    "searchShape": 1,
    "searchRange": 200,
    "searchCount": null,
    "searchTeam": -1,
    "searchFilter": 5,
    "targetUnit": 0,
    "buff": [
      80049
    ],
    "buffCount": [
      1
    ],
    "afterEffect": null,
    "forceMoveDir": null,
    "forceMoveDist": null,
    "sprite": "sBullet_blue_ex"
  },
  "7049": {
    "id": "7049",
    "period": 400,
    "periodCount": 5,
    "targetPoint": 3,
    "follow": null,
    "searchShape": 1,
    "searchRange": 250,
    "searchCount": null,
    "searchTeam": -1,
    "searchFilter": 5,
    "targetUnit": 0,
    "buff": [
      80049
    ],
    "buffCount": [
      1
    ],
    "afterEffect": null,
    "forceMoveDir": null,
    "forceMoveDist": null,
    "sprite": "sBullet_blue_ex"
  },
  "7050": {
    "id": "7050",
    "period": 400,
    "periodCount": 6,
    "targetPoint": 3,
    "follow": null,
    "searchShape": 1,
    "searchRange": 300,
    "searchCount": null,
    "searchTeam": -1,
    "searchFilter": 5,
    "targetUnit": 0,
    "buff": [
      80049
    ],
    "buffCount": [
      1
    ],
    "afterEffect": null,
    "forceMoveDir": null,
    "forceMoveDist": null,
    "sprite": "sBullet_blue_ex"
  },
  "7051": {
    "id": "7051",
    "period": null,
    "periodCount": null,
    "targetPoint": 0,
    "follow": 1,
    "searchShape": 0,
    "searchRange": null,
    "searchCount": null,
    "searchTeam": "",
    "searchFilter": 4,
    "targetUnit": 0,
    "buff": [
      80050
    ],
    "buffCount": [
      1
    ],
    "afterEffect": null,
    "forceMoveDir": null,
    "forceMoveDist": null,
    "sprite": "sTarget"
  },
  "7052": {
    "id": "7052",
    "period": null,
    "periodCount": null,
    "targetPoint": 0,
    "follow": 1,
    "searchShape": 0,
    "searchRange": null,
    "searchCount": null,
    "searchTeam": "",
    "searchFilter": 4,
    "targetUnit": 0,
    "buff": [
      80051
    ],
    "buffCount": [
      1
    ],
    "afterEffect": null,
    "forceMoveDir": null,
    "forceMoveDist": null,
    "sprite": "sTarget"
  },
  "7053": {
    "id": "7053",
    "period": null,
    "periodCount": null,
    "targetPoint": 0,
    "follow": 1,
    "searchShape": 0,
    "searchRange": null,
    "searchCount": null,
    "searchTeam": "",
    "searchFilter": 4,
    "targetUnit": 0,
    "buff": [
      80052
    ],
    "buffCount": [
      1
    ],
    "afterEffect": null,
    "forceMoveDir": null,
    "forceMoveDist": null,
    "sprite": "sTarget"
  },
  "7054": {
    "id": "7054",
    "period": null,
    "periodCount": null,
    "targetPoint": 0,
    "follow": 1,
    "searchShape": 0,
    "searchRange": null,
    "searchCount": null,
    "searchTeam": "",
    "searchFilter": 4,
    "targetUnit": 0,
    "buff": [
      80053
    ],
    "buffCount": [
      1
    ],
    "afterEffect": null,
    "forceMoveDir": null,
    "forceMoveDist": null,
    "sprite": "sTarget"
  },
  "7055": {
    "id": "7055",
    "period": null,
    "periodCount": null,
    "targetPoint": 0,
    "follow": 1,
    "searchShape": 0,
    "searchRange": null,
    "searchCount": null,
    "searchTeam": "",
    "searchFilter": 4,
    "targetUnit": 0,
    "buff": [
      80054
    ],
    "buffCount": [
      1
    ],
    "afterEffect": null,
    "forceMoveDir": null,
    "forceMoveDist": null,
    "sprite": "sTarget"
  },
  "7056": {
    "id": "7056",
    "period": 500,
    "periodCount": 5,
    "targetPoint": 0,
    "follow": 1,
    "searchShape": 1,
    "searchRange": 100,
    "searchCount": null,
    "searchTeam": "",
    "searchFilter": 4,
    "targetUnit": 0,
    "buff": [
      80055
    ],
    "buffCount": [
      1
    ],
    "afterEffect": null,
    "forceMoveDir": null,
    "forceMoveDist": null,
    "sprite": null
  },
  "7057": {
    "id": "7057",
    "period": 500,
    "periodCount": 5,
    "targetPoint": 0,
    "follow": 1,
    "searchShape": 1,
    "searchRange": 100,
    "searchCount": null,
    "searchTeam": "",
    "searchFilter": 4,
    "targetUnit": 0,
    "buff": [
      80056
    ],
    "buffCount": [
      1
    ],
    "afterEffect": null,
    "forceMoveDir": null,
    "forceMoveDist": null,
    "sprite": null
  },
  "7058": {
    "id": "7058",
    "period": 500,
    "periodCount": 5,
    "targetPoint": 0,
    "follow": 1,
    "searchShape": 1,
    "searchRange": 100,
    "searchCount": null,
    "searchTeam": "",
    "searchFilter": 4,
    "targetUnit": 0,
    "buff": [
      80057
    ],
    "buffCount": [
      1
    ],
    "afterEffect": null,
    "forceMoveDir": null,
    "forceMoveDist": null,
    "sprite": null
  },
  "7059": {
    "id": "7059",
    "period": 500,
    "periodCount": 5,
    "targetPoint": 0,
    "follow": 1,
    "searchShape": 1,
    "searchRange": 100,
    "searchCount": null,
    "searchTeam": "",
    "searchFilter": 4,
    "targetUnit": 0,
    "buff": [
      80058
    ],
    "buffCount": [
      1
    ],
    "afterEffect": null,
    "forceMoveDir": null,
    "forceMoveDist": null,
    "sprite": null
  },
  "7060": {
    "id": "7060",
    "period": 500,
    "periodCount": 5,
    "targetPoint": 0,
    "follow": 1,
    "searchShape": 1,
    "searchRange": 100,
    "searchCount": null,
    "searchTeam": "",
    "searchFilter": 4,
    "targetUnit": 0,
    "buff": [
      80059
    ],
    "buffCount": [
      1
    ],
    "afterEffect": null,
    "forceMoveDir": null,
    "forceMoveDist": null,
    "sprite": null
  }
}