{
  "301": {
    "id": "301",
    "class": "导购员",
    "quality": 1,
    "sprite": "cus1",
    "levelLimit": 2,
    "price": 5,
    "epy_skill": [
      {
        "skill": 80441
      }
    ],
    "epy_weapon": [
      {
        "weapon": 23111
      }
    ]
  },
  "302": {
    "id": "302",
    "class": "柜姐",
    "quality": 2,
    "sprite": "cus1",
    "levelLimit": 4,
    "price": 20,
    "epy_skill": [
      {
        "skill": 80442
      },
      {
        "skill": 80371
      }
    ],
    "epy_weapon": [
      {
        "weapon": 23111
      }
    ]
  },
  "303": {
    "id": "303",
    "class": "传销大师",
    "quality": 3,
    "sprite": "cus1",
    "levelLimit": 5,
    "price": 80,
    "epy_skill": [
      {
        "skill": 80443
      },
      {
        "skill": 80372
      }
    ],
    "epy_weapon": [
      {
        "weapon": 23112
      }
    ]
  },
  "304": {
    "id": "304",
    "class": "保安",
    "quality": 1,
    "sprite": "cus2",
    "levelLimit": 2,
    "price": 5,
    "epy_skill": [
      {
        "skill": 80401
      }
    ],
    "epy_weapon": [
      {
        "weapon": 21102
      },
      {
        "weapon": 21092
      }
    ]
  },
  "305": {
    "id": "305",
    "class": "保安队长",
    "quality": 2,
    "sprite": "cus2",
    "levelLimit": 4,
    "price": 20,
    "epy_skill": [
      {
        "skill": 80402
      }
    ],
    "epy_weapon": [
      {
        "weapon": 21103
      },
      {
        "weapon": 21093
      },
      {
        "weapon": 23123
      }
    ]
  },
  "306": {
    "id": "306",
    "class": "CIA特工",
    "quality": 3,
    "sprite": "cus2",
    "levelLimit": 5,
    "price": 80,
    "epy_skill": [
      {
        "skill": 80403
      }
    ],
    "epy_weapon": [
      {
        "weapon": 21104
      },
      {
        "weapon": 21094
      },
      {
        "weapon": 22124
      }
    ]
  },
  "307": {
    "id": "307",
    "class": "保洁阿姨",
    "quality": 1,
    "sprite": "cus3",
    "levelLimit": 2,
    "price": 5,
    "epy_skill": [
      {
        "skill": 80381
      },
      {
        "skill": 80371
      }
    ],
    "epy_weapon": [
      {
        "weapon": 23111
      }
    ]
  },
  "308": {
    "id": "308",
    "class": "救火队长",
    "quality": 2,
    "sprite": "cus3",
    "levelLimit": 4,
    "price": 20,
    "epy_skill": [
      {
        "skill": 80381
      },
      {
        "skill": 80371
      }
    ],
    "epy_weapon": [
      {
        "weapon": 23111
      }
    ]
  },
  "309": {
    "id": "309",
    "class": "扫地僧",
    "quality": 3,
    "sprite": "cus3",
    "levelLimit": 5,
    "price": 80,
    "epy_skill": [
      {
        "skill": 80382
      },
      {
        "skill": 80372
      },
      {
        "skill": 80442
      }
    ],
    "epy_weapon": [
      {
        "weapon": 23112
      }
    ]
  }
}