{
  "1102": {
    "id": "1102",
    "name": "毒蛇",
    "type": 0,
    "quality": 1,
    "sprite": "sMon_arc1",
    "scale": 1,
    "HP": 8.4,
    "attack": 11,
    "moveType": 1,
    "nearSkill": [
      80061
    ],
    "farSkill": [
      80051,
      80081,
      80091
    ],
    "speed": 90,
    "attStiff": 500,
    "beAttStiff": 1,
    "blood": 1,
    "beHitSound": "sound_hit_mon",
    "desc": "超远输出距离的怪物",
    "nearRange": 100,
    "farRange": 500
  },
  "1103": {
    "id": "1103",
    "name": "软泥",
    "type": 0,
    "quality": 1,
    "sprite": "sMon_ass1",
    "scale": 1,
    "HP": 11.200000000000001,
    "attack": 12,
    "moveType": 1,
    "nearSkill": [
      80011
    ],
    "farSkill": [
      80051,
      80501
    ],
    "speed": 225,
    "attStiff": 500,
    "beAttStiff": 1,
    "blood": 1,
    "beHitSound": "sound_hit_mon",
    "desc": "高速移动的刺客",
    "nearRange": 40,
    "farRange": 250
  },
  "1107": {
    "id": "1107",
    "name": "精英毒蛇",
    "type": 0,
    "quality": 2,
    "sprite": "sMon_arc1",
    "scale": 2,
    "HP": 33.6,
    "attack": 44,
    "moveType": 1,
    "nearSkill": [
      80061
    ],
    "farSkill": [
      80051,
      80081,
      80091
    ],
    "speed": 90,
    "attStiff": 500,
    "beAttStiff": 0.3,
    "blood": 3,
    "beHitSound": "sound_hit_mon",
    "desc": "超远输出距离的怪物",
    "nearRange": 100,
    "farRange": 500
  },
  "1108": {
    "id": "1108",
    "name": "精英软泥",
    "type": 0,
    "quality": 2,
    "sprite": "sMon_ass1",
    "scale": 2,
    "HP": 44.800000000000004,
    "attack": 48,
    "moveType": 1,
    "nearSkill": [
      80011
    ],
    "farSkill": [
      80051,
      80501
    ],
    "speed": 225,
    "attStiff": 500,
    "beAttStiff": 0.3,
    "blood": 3,
    "beHitSound": "sound_hit_mon",
    "desc": "高速移动的刺客",
    "nearRange": 40,
    "farRange": 250
  },
  "1111": {
    "id": "1111",
    "name": "眼球",
    "type": 1,
    "quality": 1,
    "sprite": "sMon_bird1",
    "scale": 1,
    "HP": 7,
    "attack": 5,
    "moveType": 2,
    "nearSkill": [
      80051
    ],
    "farSkill": [
      80031
    ],
    "speed": 225,
    "attStiff": 500,
    "beAttStiff": 1,
    "blood": 1,
    "beHitSound": "sound_hit_mon",
    "desc": "可怕的飞行怪，可以穿越货架。克制金系，被水系克制",
    "nearRange": 150,
    "farRange": 250
  },
  "1116": {
    "id": "1116",
    "name": "精英眼球",
    "type": 1,
    "quality": 2,
    "sprite": "sMon_bird1",
    "scale": 2,
    "HP": 56,
    "attack": 40,
    "moveType": 2,
    "nearSkill": [
      80051
    ],
    "farSkill": [
      80031
    ],
    "speed": 225,
    "attStiff": 500,
    "beAttStiff": 0.3,
    "blood": 3,
    "beHitSound": "sound_hit_mon",
    "desc": "可怕的飞行怪，可以穿越货架。克制金系，被水系克制",
    "nearRange": 150,
    "farRange": 250
  },
  "1124": {
    "id": "1124",
    "name": "触手",
    "type": 2,
    "quality": 1,
    "sprite": "sMon_mage1",
    "scale": 1,
    "HP": 8.4,
    "attack": 10,
    "moveType": 1,
    "nearSkill": [
      80061,
      80071
    ],
    "farSkill": [
      80071
    ],
    "speed": 180,
    "attStiff": 500,
    "beAttStiff": 1,
    "blood": 1,
    "beHitSound": "sound_hit_mon",
    "desc": "使用减速技能的触手怪。克制火系，被金系克制",
    "nearRange": 100,
    "farRange": 500
  },
  "1129": {
    "id": "1129",
    "name": "精英触手",
    "type": 2,
    "quality": 2,
    "sprite": "sMon_mage1",
    "scale": 2,
    "HP": 33.6,
    "attack": 40,
    "moveType": 1,
    "nearSkill": [
      80061,
      80071
    ],
    "farSkill": [
      80071
    ],
    "speed": 180,
    "attStiff": 500,
    "beAttStiff": 0.3,
    "blood": 3,
    "beHitSound": "sound_hit_mon",
    "desc": "使用减速技能的触手怪。克制火系，被金系克制",
    "nearRange": 100,
    "farRange": 500
  },
  "1130": {
    "id": "1130",
    "name": "石像",
    "type": 3,
    "quality": 1,
    "sprite": "sMon_war1",
    "scale": 1,
    "HP": 19.599999999999998,
    "attack": 8,
    "moveType": 1,
    "nearSkill": [
      80011,
      80131
    ],
    "farSkill": [
      80021
    ],
    "speed": 180,
    "attStiff": 500,
    "beAttStiff": 0.8,
    "blood": 1,
    "beHitSound": "sound_hit_mon",
    "desc": "高生命值的近战怪物，附带易伤效果。克制水系，被火系克制",
    "nearRange": 50,
    "farRange": 450
  },
  "1135": {
    "id": "1135",
    "name": "精英石像",
    "type": 3,
    "quality": 2,
    "sprite": "sMon_war1",
    "scale": 2,
    "HP": 78.39999999999999,
    "attack": 32,
    "moveType": 1,
    "nearSkill": [
      80011,
      80061
    ],
    "farSkill": [
      80021
    ],
    "speed": 180,
    "attStiff": 500,
    "beAttStiff": 0.2,
    "blood": 3,
    "beHitSound": "sound_hit_mon",
    "desc": "高生命值的近战怪物，附带易伤效果。克制水系，被火系克制",
    "nearRange": 50,
    "farRange": 450
  },
  "1202": {
    "id": "1202",
    "name": "毒蛇",
    "type": 0,
    "quality": 1,
    "sprite": "sMon_arc1",
    "scale": 1,
    "HP": 8.4,
    "attack": 11,
    "moveType": 1,
    "nearSkill": [
      80061
    ],
    "farSkill": [
      80051,
      80081,
      80091
    ],
    "speed": 90,
    "attStiff": 500,
    "beAttStiff": 1,
    "blood": 1,
    "beHitSound": "sound_hit_mon",
    "desc": "超远输出距离的怪物",
    "nearRange": 100,
    "farRange": 500
  },
  "1203": {
    "id": "1203",
    "name": "软泥",
    "type": 0,
    "quality": 1,
    "sprite": "sMon_ass1",
    "scale": 1,
    "HP": 11.200000000000001,
    "attack": 12,
    "moveType": 1,
    "nearSkill": [
      80011
    ],
    "farSkill": [
      80051,
      80501
    ],
    "speed": 225,
    "attStiff": 500,
    "beAttStiff": 1,
    "blood": 1,
    "beHitSound": "sound_hit_mon",
    "desc": "高速移动的刺客",
    "nearRange": 40,
    "farRange": 250
  },
  "1207": {
    "id": "1207",
    "name": "精英毒蛇",
    "type": 0,
    "quality": 2,
    "sprite": "sMon_arc1",
    "scale": 2,
    "HP": 33.6,
    "attack": 44,
    "moveType": 1,
    "nearSkill": [
      80061
    ],
    "farSkill": [
      80051,
      80081,
      80091
    ],
    "speed": 90,
    "attStiff": 500,
    "beAttStiff": 0.3,
    "blood": 3,
    "beHitSound": "sound_hit_mon",
    "desc": "超远输出距离的怪物",
    "nearRange": 100,
    "farRange": 500
  },
  "1208": {
    "id": "1208",
    "name": "精英软泥",
    "type": 0,
    "quality": 2,
    "sprite": "sMon_ass1",
    "scale": 2,
    "HP": 44.800000000000004,
    "attack": 48,
    "moveType": 1,
    "nearSkill": [
      80011
    ],
    "farSkill": [
      80051,
      80501
    ],
    "speed": 225,
    "attStiff": 500,
    "beAttStiff": 0.3,
    "blood": 3,
    "beHitSound": "sound_hit_mon",
    "desc": "高速移动的刺客",
    "nearRange": 40,
    "farRange": 250
  },
  "1211": {
    "id": "1211",
    "name": "眼球",
    "type": 1,
    "quality": 1,
    "sprite": "sMon_bird1",
    "scale": 1,
    "HP": 7,
    "attack": 5,
    "moveType": 2,
    "nearSkill": [
      80051
    ],
    "farSkill": [
      80031
    ],
    "speed": 225,
    "attStiff": 500,
    "beAttStiff": 1,
    "blood": 1,
    "beHitSound": "sound_hit_mon",
    "desc": "可怕的飞行怪，可以穿越货架。克制金系，被水系克制",
    "nearRange": 150,
    "farRange": 250
  },
  "1216": {
    "id": "1216",
    "name": "精英眼球",
    "type": 1,
    "quality": 2,
    "sprite": "sMon_bird1",
    "scale": 2,
    "HP": 56,
    "attack": 40,
    "moveType": 2,
    "nearSkill": [
      80051
    ],
    "farSkill": [
      80031
    ],
    "speed": 225,
    "attStiff": 500,
    "beAttStiff": 0.3,
    "blood": 3,
    "beHitSound": "sound_hit_mon",
    "desc": "可怕的飞行怪，可以穿越货架。克制金系，被水系克制",
    "nearRange": 150,
    "farRange": 250
  },
  "1224": {
    "id": "1224",
    "name": "触手",
    "type": 2,
    "quality": 1,
    "sprite": "sMon_mage1",
    "scale": 1,
    "HP": 8.4,
    "attack": 10,
    "moveType": 1,
    "nearSkill": [
      80061,
      80071
    ],
    "farSkill": [
      80071
    ],
    "speed": 180,
    "attStiff": 500,
    "beAttStiff": 1,
    "blood": 1,
    "beHitSound": "sound_hit_mon",
    "desc": "使用减速技能的触手怪。克制火系，被金系克制",
    "nearRange": 100,
    "farRange": 500
  },
  "1229": {
    "id": "1229",
    "name": "精英触手",
    "type": 2,
    "quality": 2,
    "sprite": "sMon_mage1",
    "scale": 2,
    "HP": 33.6,
    "attack": 40,
    "moveType": 1,
    "nearSkill": [
      80061,
      80071
    ],
    "farSkill": [
      80071
    ],
    "speed": 180,
    "attStiff": 500,
    "beAttStiff": 0.3,
    "blood": 3,
    "beHitSound": "sound_hit_mon",
    "desc": "使用减速技能的触手怪。克制火系，被金系克制",
    "nearRange": 100,
    "farRange": 500
  },
  "1230": {
    "id": "1230",
    "name": "石像",
    "type": 3,
    "quality": 1,
    "sprite": "sMon_war1",
    "scale": 1,
    "HP": 19.599999999999998,
    "attack": 8,
    "moveType": 1,
    "nearSkill": [
      80011,
      80131
    ],
    "farSkill": [
      80021
    ],
    "speed": 180,
    "attStiff": 500,
    "beAttStiff": 0.8,
    "blood": 1,
    "beHitSound": "sound_hit_mon",
    "desc": "高生命值的近战怪物，附带易伤效果。克制水系，被火系克制",
    "nearRange": 50,
    "farRange": 450
  },
  "1235": {
    "id": "1235",
    "name": "精英石像",
    "type": 3,
    "quality": 2,
    "sprite": "sMon_war1",
    "scale": 2,
    "HP": 78.39999999999999,
    "attack": 32,
    "moveType": 1,
    "nearSkill": [
      80011,
      80061
    ],
    "farSkill": [
      80021
    ],
    "speed": 180,
    "attStiff": 500,
    "beAttStiff": 0.2,
    "blood": 3,
    "beHitSound": "sound_hit_mon",
    "desc": "高生命值的近战怪物，附带易伤效果。克制水系，被火系克制",
    "nearRange": 50,
    "farRange": 450
  },
  "1302": {
    "id": "1302",
    "name": "毒蛇",
    "type": 0,
    "quality": 1,
    "sprite": "sMon_arc1",
    "scale": 1,
    "HP": 8.4,
    "attack": 11,
    "moveType": 1,
    "nearSkill": [
      80061
    ],
    "farSkill": [
      80051,
      80081,
      80091
    ],
    "speed": 90,
    "attStiff": 500,
    "beAttStiff": 1,
    "blood": 1,
    "beHitSound": "sound_hit_mon",
    "desc": "超远输出距离的怪物",
    "nearRange": 100,
    "farRange": 500
  },
  "1303": {
    "id": "1303",
    "name": "软泥",
    "type": 0,
    "quality": 1,
    "sprite": "sMon_ass1",
    "scale": 1,
    "HP": 11.200000000000001,
    "attack": 12,
    "moveType": 1,
    "nearSkill": [
      80011
    ],
    "farSkill": [
      80051,
      80501
    ],
    "speed": 225,
    "attStiff": 500,
    "beAttStiff": 1,
    "blood": 1,
    "beHitSound": "sound_hit_mon",
    "desc": "高速移动的刺客",
    "nearRange": 40,
    "farRange": 250
  },
  "1307": {
    "id": "1307",
    "name": "精英毒蛇",
    "type": 0,
    "quality": 2,
    "sprite": "sMon_arc1",
    "scale": 2,
    "HP": 33.6,
    "attack": 44,
    "moveType": 1,
    "nearSkill": [
      80061
    ],
    "farSkill": [
      80051,
      80081,
      80091
    ],
    "speed": 90,
    "attStiff": 500,
    "beAttStiff": 0.3,
    "blood": 3,
    "beHitSound": "sound_hit_mon",
    "desc": "超远输出距离的怪物",
    "nearRange": 100,
    "farRange": 500
  },
  "1308": {
    "id": "1308",
    "name": "精英软泥",
    "type": 0,
    "quality": 2,
    "sprite": "sMon_ass1",
    "scale": 2,
    "HP": 44.800000000000004,
    "attack": 48,
    "moveType": 1,
    "nearSkill": [
      80011
    ],
    "farSkill": [
      80051,
      80501
    ],
    "speed": 225,
    "attStiff": 500,
    "beAttStiff": 0.3,
    "blood": 3,
    "beHitSound": "sound_hit_mon",
    "desc": "高速移动的刺客",
    "nearRange": 40,
    "farRange": 250
  },
  "1311": {
    "id": "1311",
    "name": "眼球",
    "type": 1,
    "quality": 1,
    "sprite": "sMon_bird1",
    "scale": 1,
    "HP": 7,
    "attack": 5,
    "moveType": 2,
    "nearSkill": [
      80051
    ],
    "farSkill": [
      80031
    ],
    "speed": 225,
    "attStiff": 500,
    "beAttStiff": 1,
    "blood": 1,
    "beHitSound": "sound_hit_mon",
    "desc": "可怕的飞行怪，可以穿越货架。克制金系，被水系克制",
    "nearRange": 150,
    "farRange": 250
  },
  "1316": {
    "id": "1316",
    "name": "精英眼球",
    "type": 1,
    "quality": 2,
    "sprite": "sMon_bird1",
    "scale": 2,
    "HP": 56,
    "attack": 40,
    "moveType": 2,
    "nearSkill": [
      80051
    ],
    "farSkill": [
      80031
    ],
    "speed": 225,
    "attStiff": 500,
    "beAttStiff": 0.3,
    "blood": 3,
    "beHitSound": "sound_hit_mon",
    "desc": "可怕的飞行怪，可以穿越货架。克制金系，被水系克制",
    "nearRange": 150,
    "farRange": 250
  },
  "1324": {
    "id": "1324",
    "name": "触手",
    "type": 2,
    "quality": 1,
    "sprite": "sMon_mage1",
    "scale": 1,
    "HP": 8.4,
    "attack": 10,
    "moveType": 1,
    "nearSkill": [
      80061,
      80071
    ],
    "farSkill": [
      80071
    ],
    "speed": 180,
    "attStiff": 500,
    "beAttStiff": 1,
    "blood": 1,
    "beHitSound": "sound_hit_mon",
    "desc": "使用减速技能的触手怪。克制火系，被金系克制",
    "nearRange": 100,
    "farRange": 500
  },
  "1329": {
    "id": "1329",
    "name": "精英触手",
    "type": 2,
    "quality": 2,
    "sprite": "sMon_mage1",
    "scale": 2,
    "HP": 33.6,
    "attack": 40,
    "moveType": 1,
    "nearSkill": [
      80061,
      80071
    ],
    "farSkill": [
      80071
    ],
    "speed": 180,
    "attStiff": 500,
    "beAttStiff": 0.3,
    "blood": 3,
    "beHitSound": "sound_hit_mon",
    "desc": "使用减速技能的触手怪。克制火系，被金系克制",
    "nearRange": 100,
    "farRange": 500
  },
  "1330": {
    "id": "1330",
    "name": "石像",
    "type": 3,
    "quality": 1,
    "sprite": "sMon_war1",
    "scale": 1,
    "HP": 19.599999999999998,
    "attack": 8,
    "moveType": 1,
    "nearSkill": [
      80011,
      80131
    ],
    "farSkill": [
      80021
    ],
    "speed": 180,
    "attStiff": 500,
    "beAttStiff": 0.8,
    "blood": 1,
    "beHitSound": "sound_hit_mon",
    "desc": "高生命值的近战怪物，附带易伤效果。克制水系，被火系克制",
    "nearRange": 50,
    "farRange": 450
  },
  "1335": {
    "id": "1335",
    "name": "精英石像",
    "type": 3,
    "quality": 2,
    "sprite": "sMon_war1",
    "scale": 2,
    "HP": 78.39999999999999,
    "attack": 32,
    "moveType": 1,
    "nearSkill": [
      80011,
      80061
    ],
    "farSkill": [
      80021
    ],
    "speed": 180,
    "attStiff": 500,
    "beAttStiff": 0.2,
    "blood": 3,
    "beHitSound": "sound_hit_mon",
    "desc": "高生命值的近战怪物，附带易伤效果。克制水系，被火系克制",
    "nearRange": 50,
    "farRange": 450
  }
}