{
  "1": {
    "id": "1",
    "monGroupMin": 100,
    "monGroupMax": 100,
    "attCoef": 1,
    "hpCoef": 1,
    "bloodCoef": 0.7263922518159805
  },
  "2": {
    "id": "2",
    "monGroupMin": 101,
    "monGroupMax": 101,
    "attCoef": 1,
    "hpCoef": 1.7,
    "bloodCoef": 1.452784503631961
  },
  "3": {
    "id": "3",
    "monGroupMin": 102,
    "monGroupMax": 102,
    "attCoef": 1.1,
    "hpCoef": 2.5,
    "bloodCoef": 3.2687651331719123
  },
  "4": {
    "id": "4",
    "monGroupMin": 103,
    "monGroupMax": 105,
    "attCoef": 1.2,
    "hpCoef": 3.5,
    "bloodCoef": 4.358353510895883
  },
  "5": {
    "id": "5",
    "monGroupMin": 102,
    "monGroupMax": 105,
    "attCoef": 1.4,
    "hpCoef": 4.5,
    "bloodCoef": 7.263922518159806
  },
  "6": {
    "id": "6",
    "monGroupMin": 101,
    "monGroupMax": 105,
    "attCoef": 1.5,
    "hpCoef": 5.8,
    "bloodCoef": 8.716707021791766
  },
  "7": {
    "id": "7",
    "monGroupMin": 111,
    "monGroupMax": 115,
    "attCoef": 1.8,
    "hpCoef": 7.2,
    "bloodCoef": 12.71186440677966
  },
  "8": {
    "id": "8",
    "monGroupMin": 111,
    "monGroupMax": 115,
    "attCoef": 2,
    "hpCoef": 8.7,
    "bloodCoef": 14.527845036319611
  },
  "9": {
    "id": "9",
    "monGroupMin": 111,
    "monGroupMax": 115,
    "attCoef": 2.3,
    "hpCoef": 10.3,
    "bloodCoef": 19.612590799031477
  },
  "10": {
    "id": "10",
    "monGroupMin": 111,
    "monGroupMax": 115,
    "attCoef": 2.5,
    "hpCoef": 12.2,
    "bloodCoef": 21.791767554479417
  },
  "11": {
    "id": "11",
    "monGroupMin": 111,
    "monGroupMax": 115,
    "attCoef": 2.9,
    "hpCoef": 14.2,
    "bloodCoef": 23.970944309927358
  },
  "12": {
    "id": "12",
    "monGroupMin": 111,
    "monGroupMax": 115,
    "attCoef": 3.2,
    "hpCoef": 16.2,
    "bloodCoef": 26.1501210653753
  },
  "13": {
    "id": "13",
    "monGroupMin": 111,
    "monGroupMax": 115,
    "attCoef": 3.6,
    "hpCoef": 18.5,
    "bloodCoef": 28.329297820823243
  },
  "14": {
    "id": "14",
    "monGroupMin": 111,
    "monGroupMax": 115,
    "attCoef": 4,
    "hpCoef": 20.8,
    "bloodCoef": 30.508474576271183
  },
  "15": {
    "id": "15",
    "monGroupMin": 111,
    "monGroupMax": 115,
    "attCoef": 4.5,
    "hpCoef": 23.3,
    "bloodCoef": 32.687651331719124
  },
  "16": {
    "id": "16",
    "monGroupMin": 121,
    "monGroupMax": 125,
    "attCoef": 5,
    "hpCoef": 26,
    "bloodCoef": 2.058111380145278
  },
  "17": {
    "id": "17",
    "monGroupMin": 121,
    "monGroupMax": 125,
    "attCoef": 5.5,
    "hpCoef": 28.8,
    "bloodCoef": 2.1791767554479415
  },
  "18": {
    "id": "18",
    "monGroupMin": 121,
    "monGroupMax": 125,
    "attCoef": 6,
    "hpCoef": 31.8,
    "bloodCoef": 2.300242130750605
  },
  "19": {
    "id": "19",
    "monGroupMin": 121,
    "monGroupMax": 125,
    "attCoef": 6.6,
    "hpCoef": 34.8,
    "bloodCoef": 2.4213075060532687
  },
  "20": {
    "id": "20",
    "monGroupMin": 121,
    "monGroupMax": 125,
    "attCoef": 7.2,
    "hpCoef": 38.2,
    "bloodCoef": 2.542372881355932
  },
  "null": {
    "id": null,
    "monGroupMin": null,
    "monGroupMax": null,
    "attCoef": null,
    "hpCoef": null,
    "bloodCoef": null
  }
}