{
  "31011": {
    "id": "31011",
    "name": "普通烤箱",
    "class": 1,
    "quality": 1,
    "type": 1,
    "sprite": "oven1",
    "space": 2,
    "addInterest": 2,
    "towerSprite": null,
    "attack": 8.666666666666668,
    "attRange": 450,
    "attCD": 1000,
    "attStiff": 50,
    "bulletID": 912,
    "shoot_x": 30,
    "shoot_y": 0,
    "buyType": 0,
    "price": 5,
    "desc": "刚出炉的锅盔，热乎着呢",
    "leftBtn": "左键点击可放置在场景中",
    "rightBtn": "右键点击可三合一升星",
    "shootSound": "sound_shoot_gun",
    "skill": null,
    "useRange": null,
    "itemType": "apple",
    "itemSprite": "apple",
    "sellPrice": 5,
    "triggCon": null,
    "triggEffect": null,
    "effectVal": null,
    "effectChat": null,
    "effectDesc": null,
    "bunkerBuff": null,
    "artifact": ""
  },
  "31012": {
    "id": "31012",
    "name": "普通烤箱",
    "class": 1,
    "quality": 1,
    "type": 1,
    "sprite": "oven1",
    "space": 2,
    "addInterest": 3,
    "towerSprite": null,
    "attack": 13.866666666666669,
    "attRange": 450,
    "attCD": 1000,
    "attStiff": 50,
    "bulletID": 912,
    "shoot_x": 30,
    "shoot_y": 0,
    "buyType": 0,
    "price": 15,
    "desc": "刚出炉的锅盔，热乎着呢",
    "leftBtn": "左键点击可放置在场景中",
    "rightBtn": "右键点击可三合一升星",
    "shootSound": "sound_shoot_gun",
    "skill": null,
    "useRange": null,
    "itemType": "apple",
    "itemSprite": "apple",
    "sellPrice": 10,
    "triggCon": null,
    "triggEffect": null,
    "effectVal": null,
    "effectChat": null,
    "effectDesc": null,
    "bunkerBuff": null,
    "artifact": ""
  },
  "31013": {
    "id": "31013",
    "name": "普通烤箱",
    "class": 1,
    "quality": 1,
    "type": 1,
    "sprite": "oven1",
    "space": 2,
    "addInterest": 4,
    "towerSprite": null,
    "attack": 19.06666666666667,
    "attRange": 450,
    "attCD": 1000,
    "attStiff": 50,
    "bulletID": 912,
    "shoot_x": 30,
    "shoot_y": 0,
    "buyType": 0,
    "price": 50,
    "desc": "刚出炉的锅盔，热乎着呢",
    "leftBtn": "左键点击可放置在场景中",
    "rightBtn": "已升至满级",
    "shootSound": "sound_shoot_gun",
    "skill": null,
    "useRange": null,
    "itemType": "apple",
    "itemSprite": "apple",
    "sellPrice": 15,
    "triggCon": null,
    "triggEffect": null,
    "effectVal": null,
    "effectChat": null,
    "effectDesc": null,
    "bunkerBuff": null,
    "artifact": ""
  },
  "31021": {
    "id": "31021",
    "name": "高级烤箱",
    "class": 1,
    "quality": 2,
    "type": 1,
    "sprite": "oven2",
    "space": 2,
    "addInterest": 3,
    "towerSprite": null,
    "attack": 13.866666666666669,
    "attRange": 450,
    "attCD": 1000,
    "attStiff": 50,
    "bulletID": 912,
    "shoot_x": 30,
    "shoot_y": 0,
    "buyType": 0,
    "price": 15,
    "desc": "刚出炉的锅盔，热乎着呢",
    "leftBtn": "左键点击可放置在场景中",
    "rightBtn": "右键点击可三合一升星",
    "shootSound": "sound_shoot_gun",
    "skill": null,
    "useRange": null,
    "itemType": "cherry",
    "itemSprite": "cherry",
    "sellPrice": 10,
    "triggCon": null,
    "triggEffect": null,
    "effectVal": null,
    "effectChat": null,
    "effectDesc": null,
    "bunkerBuff": null,
    "artifact": ""
  },
  "31022": {
    "id": "31022",
    "name": "高级烤箱",
    "class": 1,
    "quality": 2,
    "type": 1,
    "sprite": "oven2",
    "space": 2,
    "addInterest": 4.5,
    "towerSprite": null,
    "attack": 22.18666666666667,
    "attRange": 450,
    "attCD": 1000,
    "attStiff": 50,
    "bulletID": 912,
    "shoot_x": 30,
    "shoot_y": 0,
    "buyType": 0,
    "price": 45,
    "desc": "刚出炉的锅盔，热乎着呢",
    "leftBtn": "左键点击可放置在场景中",
    "rightBtn": "右键点击可三合一升星",
    "shootSound": "sound_shoot_gun",
    "skill": null,
    "useRange": null,
    "itemType": "cherry",
    "itemSprite": "cherry",
    "sellPrice": 20,
    "triggCon": null,
    "triggEffect": null,
    "effectVal": null,
    "effectChat": null,
    "effectDesc": null,
    "bunkerBuff": null,
    "artifact": ""
  },
  "31023": {
    "id": "31023",
    "name": "高级烤箱",
    "class": 1,
    "quality": 2,
    "type": 1,
    "sprite": "oven2",
    "space": 2,
    "addInterest": 6,
    "towerSprite": null,
    "attack": 30.50666666666667,
    "attRange": 450,
    "attCD": 1000,
    "attStiff": 50,
    "bulletID": 912,
    "shoot_x": 30,
    "shoot_y": 0,
    "buyType": 0,
    "price": 150,
    "desc": "刚出炉的锅盔，热乎着呢",
    "leftBtn": "左键点击可放置在场景中",
    "rightBtn": "已升至满级",
    "shootSound": "sound_shoot_gun",
    "skill": null,
    "useRange": null,
    "itemType": "cherry",
    "itemSprite": "cherry",
    "sellPrice": 30,
    "triggCon": null,
    "triggEffect": null,
    "effectVal": null,
    "effectChat": null,
    "effectDesc": null,
    "bunkerBuff": null,
    "artifact": ""
  },
  "31031": {
    "id": "31031",
    "name": "豪华烤箱",
    "class": 1,
    "quality": 3,
    "type": 1,
    "sprite": "oven3",
    "space": 2,
    "addInterest": 4,
    "towerSprite": null,
    "attack": 19.06666666666667,
    "attRange": 450,
    "attCD": 1000,
    "attStiff": 50,
    "bulletID": 912,
    "shoot_x": 30,
    "shoot_y": 0,
    "buyType": 0,
    "price": 50,
    "desc": "刚出炉的锅盔，热乎着呢",
    "leftBtn": "左键点击可放置在场景中",
    "rightBtn": "右键点击可三合一升星",
    "shootSound": "sound_shoot_gun",
    "skill": null,
    "useRange": null,
    "itemType": "strawberry",
    "itemSprite": "strawberry",
    "sellPrice": 15,
    "triggCon": null,
    "triggEffect": null,
    "effectVal": null,
    "effectChat": null,
    "effectDesc": null,
    "bunkerBuff": null,
    "artifact": ""
  },
  "31032": {
    "id": "31032",
    "name": "豪华烤箱",
    "class": 1,
    "quality": 3,
    "type": 1,
    "sprite": "oven3",
    "space": 2,
    "addInterest": 6,
    "towerSprite": null,
    "attack": 30.506666666666675,
    "attRange": 450,
    "attCD": 1000,
    "attStiff": 50,
    "bulletID": 912,
    "shoot_x": 30,
    "shoot_y": 0,
    "buyType": 0,
    "price": 150,
    "desc": "刚出炉的锅盔，热乎着呢",
    "leftBtn": "左键点击可放置在场景中",
    "rightBtn": "右键点击可三合一升星",
    "shootSound": "sound_shoot_gun",
    "skill": null,
    "useRange": null,
    "itemType": "strawberry",
    "itemSprite": "strawberry",
    "sellPrice": 30,
    "triggCon": null,
    "triggEffect": null,
    "effectVal": null,
    "effectChat": null,
    "effectDesc": null,
    "bunkerBuff": null,
    "artifact": ""
  },
  "31033": {
    "id": "31033",
    "name": "豪华烤箱",
    "class": 1,
    "quality": 3,
    "type": 1,
    "sprite": "oven3",
    "space": 2,
    "addInterest": 8,
    "towerSprite": null,
    "attack": 41.94666666666668,
    "attRange": 450,
    "attCD": 1000,
    "attStiff": 50,
    "bulletID": 912,
    "shoot_x": 30,
    "shoot_y": 0,
    "buyType": 0,
    "price": 500,
    "desc": "刚出炉的锅盔，热乎着呢",
    "leftBtn": "左键点击可放置在场景中",
    "rightBtn": "已升至满级",
    "shootSound": "sound_shoot_gun",
    "skill": null,
    "useRange": null,
    "itemType": "strawberry",
    "itemSprite": "strawberry",
    "sellPrice": 45,
    "triggCon": null,
    "triggEffect": null,
    "effectVal": null,
    "effectChat": null,
    "effectDesc": null,
    "bunkerBuff": null,
    "artifact": ""
  },
  "31041": {
    "id": "31041",
    "name": "限量烤箱",
    "class": 1,
    "quality": 4,
    "type": 1,
    "sprite": "oven4",
    "space": 2,
    "addInterest": 5,
    "towerSprite": null,
    "attack": 24.26666666666667,
    "attRange": 450,
    "attCD": 1000,
    "attStiff": 50,
    "bulletID": 912,
    "shoot_x": 30,
    "shoot_y": 0,
    "buyType": 0,
    "price": 150,
    "desc": "刚出炉的锅盔，热乎着呢",
    "leftBtn": "左键点击可放置在场景中",
    "rightBtn": "右键点击可三合一升星",
    "shootSound": "sound_shoot_gun",
    "skill": null,
    "useRange": null,
    "itemType": "fish",
    "itemSprite": "fish",
    "sellPrice": 20,
    "triggCon": null,
    "triggEffect": null,
    "effectVal": null,
    "effectChat": null,
    "effectDesc": null,
    "bunkerBuff": null,
    "artifact": ""
  },
  "31042": {
    "id": "31042",
    "name": "限量烤箱",
    "class": 1,
    "quality": 4,
    "type": 1,
    "sprite": "oven4",
    "space": 2,
    "addInterest": 7.5,
    "towerSprite": null,
    "attack": 38.826666666666675,
    "attRange": 450,
    "attCD": 1000,
    "attStiff": 50,
    "bulletID": 912,
    "shoot_x": 30,
    "shoot_y": 0,
    "buyType": 0,
    "price": 450,
    "desc": "刚出炉的锅盔，热乎着呢",
    "leftBtn": "左键点击可放置在场景中",
    "rightBtn": "右键点击可三合一升星",
    "shootSound": "sound_shoot_gun",
    "skill": null,
    "useRange": null,
    "itemType": "fish",
    "itemSprite": "fish",
    "sellPrice": 40,
    "triggCon": null,
    "triggEffect": null,
    "effectVal": null,
    "effectChat": null,
    "effectDesc": null,
    "bunkerBuff": null,
    "artifact": ""
  },
  "31043": {
    "id": "31043",
    "name": "限量烤箱",
    "class": 1,
    "quality": 4,
    "type": 1,
    "sprite": "oven4",
    "space": 2,
    "addInterest": 10,
    "towerSprite": null,
    "attack": 53.386666666666684,
    "attRange": 450,
    "attCD": 1000,
    "attStiff": 50,
    "bulletID": 912,
    "shoot_x": 30,
    "shoot_y": 0,
    "buyType": 0,
    "price": 1500,
    "desc": "刚出炉的锅盔，热乎着呢",
    "leftBtn": "左键点击可放置在场景中",
    "rightBtn": "已升至满级",
    "shootSound": "sound_shoot_gun",
    "skill": null,
    "useRange": null,
    "itemType": "fish",
    "itemSprite": "fish",
    "sellPrice": 60,
    "triggCon": null,
    "triggEffect": null,
    "effectVal": null,
    "effectChat": null,
    "effectDesc": null,
    "bunkerBuff": null,
    "artifact": ""
  },
  "31051": {
    "id": "31051",
    "name": "典藏烤箱",
    "class": 1,
    "quality": 5,
    "type": 1,
    "sprite": "oven5",
    "space": 2,
    "addInterest": 6,
    "towerSprite": null,
    "attack": 29.466666666666672,
    "attRange": 450,
    "attCD": 1000,
    "attStiff": 50,
    "bulletID": 912,
    "shoot_x": 30,
    "shoot_y": 0,
    "buyType": 0,
    "price": 500,
    "desc": "刚出炉的锅盔，热乎着呢",
    "leftBtn": "左键点击可放置在场景中",
    "rightBtn": "右键点击可三合一升星",
    "shootSound": "sound_shoot_gun",
    "skill": null,
    "useRange": null,
    "itemType": "fish",
    "itemSprite": "fish",
    "sellPrice": 25,
    "triggCon": null,
    "triggEffect": null,
    "effectVal": null,
    "effectChat": null,
    "effectDesc": null,
    "bunkerBuff": null,
    "artifact": ""
  },
  "31052": {
    "id": "31052",
    "name": "典藏烤箱",
    "class": 1,
    "quality": 5,
    "type": 1,
    "sprite": "oven5",
    "space": 2,
    "addInterest": 9,
    "towerSprite": null,
    "attack": 47.146666666666675,
    "attRange": 450,
    "attCD": 1000,
    "attStiff": 50,
    "bulletID": 912,
    "shoot_x": 30,
    "shoot_y": 0,
    "buyType": 0,
    "price": 1500,
    "desc": "刚出炉的锅盔，热乎着呢",
    "leftBtn": "左键点击可放置在场景中",
    "rightBtn": "右键点击可三合一升星",
    "shootSound": "sound_shoot_gun",
    "skill": null,
    "useRange": null,
    "itemType": "fish",
    "itemSprite": "fish",
    "sellPrice": 50,
    "triggCon": null,
    "triggEffect": null,
    "effectVal": null,
    "effectChat": null,
    "effectDesc": null,
    "bunkerBuff": null,
    "artifact": ""
  },
  "31053": {
    "id": "31053",
    "name": "典藏烤箱",
    "class": 1,
    "quality": 5,
    "type": 1,
    "sprite": "oven5",
    "space": 2,
    "addInterest": 12,
    "towerSprite": null,
    "attack": 64.82666666666668,
    "attRange": 450,
    "attCD": 1000,
    "attStiff": 50,
    "bulletID": 912,
    "shoot_x": 30,
    "shoot_y": 0,
    "buyType": 0,
    "price": 5000,
    "desc": "刚出炉的锅盔，热乎着呢",
    "leftBtn": "左键点击可放置在场景中",
    "rightBtn": "已升至满级",
    "shootSound": "sound_shoot_gun",
    "skill": null,
    "useRange": null,
    "itemType": "fish",
    "itemSprite": "fish",
    "sellPrice": 75,
    "triggCon": null,
    "triggEffect": null,
    "effectVal": null,
    "effectChat": null,
    "effectDesc": null,
    "bunkerBuff": null,
    "artifact": ""
  },
  "31061": {
    "id": "31061",
    "name": "普通冷柜",
    "class": 1,
    "quality": 1,
    "type": 2,
    "sprite": "refrige1",
    "space": 2,
    "addInterest": 2,
    "towerSprite": null,
    "attack": 3.3333333333333335,
    "attRange": 300,
    "attCD": 2500,
    "attStiff": 100,
    "bulletID": 921,
    "shoot_x": 30,
    "shoot_y": 0,
    "buyType": 0,
    "price": 5,
    "desc": "如果没有你。这个夏天怎么过？",
    "leftBtn": "左键点击可放置在场景中（需靠墙）",
    "rightBtn": "右键点击可三合一升星",
    "shootSound": "sound_shoot_gun",
    "skill": null,
    "useRange": null,
    "itemType": "coffee1",
    "itemSprite": "coffee1",
    "sellPrice": 5,
    "triggCon": null,
    "triggEffect": null,
    "effectVal": null,
    "effectChat": null,
    "effectDesc": null,
    "bunkerBuff": null,
    "artifact": ""
  },
  "31062": {
    "id": "31062",
    "name": "普通冷柜",
    "class": 1,
    "quality": 1,
    "type": 2,
    "sprite": "refrige1",
    "space": 2,
    "addInterest": 3,
    "towerSprite": null,
    "attack": 5.333333333333334,
    "attRange": 300,
    "attCD": 2500,
    "attStiff": 100,
    "bulletID": 921,
    "shoot_x": 30,
    "shoot_y": 0,
    "buyType": 0,
    "price": 15,
    "desc": "如果没有你。这个夏天怎么过？",
    "leftBtn": "左键点击可放置在场景中（需靠墙）",
    "rightBtn": "右键点击可三合一升星",
    "shootSound": "sound_shoot_gun",
    "skill": null,
    "useRange": null,
    "itemType": "coffee1",
    "itemSprite": "coffee1",
    "sellPrice": 10,
    "triggCon": null,
    "triggEffect": null,
    "effectVal": null,
    "effectChat": null,
    "effectDesc": null,
    "bunkerBuff": null,
    "artifact": ""
  },
  "31063": {
    "id": "31063",
    "name": "普通冷柜",
    "class": 1,
    "quality": 1,
    "type": 2,
    "sprite": "refrige1",
    "space": 2,
    "addInterest": 4,
    "towerSprite": null,
    "attack": 7.333333333333334,
    "attRange": 300,
    "attCD": 2500,
    "attStiff": 100,
    "bulletID": 921,
    "shoot_x": 30,
    "shoot_y": 0,
    "buyType": 0,
    "price": 50,
    "desc": "如果没有你。这个夏天怎么过？",
    "leftBtn": "左键点击可放置在场景中（需靠墙）",
    "rightBtn": "已升至满级",
    "shootSound": "sound_shoot_gun",
    "skill": null,
    "useRange": null,
    "itemType": "coffee1",
    "itemSprite": "coffee1",
    "sellPrice": 15,
    "triggCon": null,
    "triggEffect": null,
    "effectVal": null,
    "effectChat": null,
    "effectDesc": null,
    "bunkerBuff": null,
    "artifact": ""
  },
  "31071": {
    "id": "31071",
    "name": "高级冷柜",
    "class": 1,
    "quality": 2,
    "type": 2,
    "sprite": "refrige2",
    "space": 2,
    "addInterest": 3,
    "towerSprite": null,
    "attack": 5.333333333333334,
    "attRange": 300,
    "attCD": 2500,
    "attStiff": 100,
    "bulletID": 921,
    "shoot_x": 30,
    "shoot_y": 0,
    "buyType": 0,
    "price": 15,
    "desc": "吻住你的唇，冻结你的心。",
    "leftBtn": "左键点击可放置在场景中（需靠墙）",
    "rightBtn": "右键点击可三合一升星",
    "shootSound": "sound_shoot_gun",
    "skill": null,
    "useRange": null,
    "itemType": "coffee2",
    "itemSprite": "coffee2",
    "sellPrice": 10,
    "triggCon": null,
    "triggEffect": null,
    "effectVal": null,
    "effectChat": null,
    "effectDesc": null,
    "bunkerBuff": null,
    "artifact": ""
  },
  "31072": {
    "id": "31072",
    "name": "高级冷柜",
    "class": 1,
    "quality": 2,
    "type": 2,
    "sprite": "refrige2",
    "space": 2,
    "addInterest": 4.5,
    "towerSprite": null,
    "attack": 8.533333333333335,
    "attRange": 300,
    "attCD": 2500,
    "attStiff": 100,
    "bulletID": 921,
    "shoot_x": 30,
    "shoot_y": 0,
    "buyType": 0,
    "price": 45,
    "desc": "吻住你的唇，冻结你的心。",
    "leftBtn": "左键点击可放置在场景中（需靠墙）",
    "rightBtn": "右键点击可三合一升星",
    "shootSound": "sound_shoot_gun",
    "skill": null,
    "useRange": null,
    "itemType": "coffee2",
    "itemSprite": "coffee2",
    "sellPrice": 20,
    "triggCon": null,
    "triggEffect": null,
    "effectVal": null,
    "effectChat": null,
    "effectDesc": null,
    "bunkerBuff": null,
    "artifact": ""
  },
  "31073": {
    "id": "31073",
    "name": "高级冷柜",
    "class": 1,
    "quality": 2,
    "type": 2,
    "sprite": "refrige2",
    "space": 2,
    "addInterest": 6,
    "towerSprite": null,
    "attack": 11.733333333333334,
    "attRange": 300,
    "attCD": 2500,
    "attStiff": 100,
    "bulletID": 921,
    "shoot_x": 30,
    "shoot_y": 0,
    "buyType": 0,
    "price": 150,
    "desc": "吻住你的唇，冻结你的心。",
    "leftBtn": "左键点击可放置在场景中（需靠墙）",
    "rightBtn": "已升至满级",
    "shootSound": "sound_shoot_gun",
    "skill": null,
    "useRange": null,
    "itemType": "coffee2",
    "itemSprite": "coffee2",
    "sellPrice": 30,
    "triggCon": null,
    "triggEffect": null,
    "effectVal": null,
    "effectChat": null,
    "effectDesc": null,
    "bunkerBuff": null,
    "artifact": ""
  },
  "31081": {
    "id": "31081",
    "name": "豪华冷柜",
    "class": 1,
    "quality": 3,
    "type": 2,
    "sprite": "refrige3",
    "space": 2,
    "addInterest": 4,
    "towerSprite": null,
    "attack": 7.333333333333334,
    "attRange": 300,
    "attCD": 2500,
    "attStiff": 100,
    "bulletID": 921,
    "shoot_x": 30,
    "shoot_y": 0,
    "buyType": 0,
    "price": 50,
    "desc": "汽车有劳斯莱斯，冰淇淋有哈根达斯。",
    "leftBtn": "左键点击可放置在场景中（需靠墙）",
    "rightBtn": "右键点击可三合一升星",
    "shootSound": "sound_shoot_gun",
    "skill": null,
    "useRange": null,
    "itemType": "coffee3",
    "itemSprite": "coffee3",
    "sellPrice": 15,
    "triggCon": null,
    "triggEffect": null,
    "effectVal": null,
    "effectChat": null,
    "effectDesc": null,
    "bunkerBuff": null,
    "artifact": ""
  },
  "31082": {
    "id": "31082",
    "name": "豪华冷柜",
    "class": 1,
    "quality": 3,
    "type": 2,
    "sprite": "refrige3",
    "space": 2,
    "addInterest": 6,
    "towerSprite": null,
    "attack": 11.733333333333336,
    "attRange": 300,
    "attCD": 2500,
    "attStiff": 100,
    "bulletID": 921,
    "shoot_x": 30,
    "shoot_y": 0,
    "buyType": 0,
    "price": 150,
    "desc": "汽车有劳斯莱斯，冰淇淋有哈根达斯。",
    "leftBtn": "左键点击可放置在场景中（需靠墙）",
    "rightBtn": "右键点击可三合一升星",
    "shootSound": "sound_shoot_gun",
    "skill": null,
    "useRange": null,
    "itemType": "coffee3",
    "itemSprite": "coffee3",
    "sellPrice": 30,
    "triggCon": null,
    "triggEffect": null,
    "effectVal": null,
    "effectChat": null,
    "effectDesc": null,
    "bunkerBuff": null,
    "artifact": ""
  },
  "31083": {
    "id": "31083",
    "name": "豪华冷柜",
    "class": 1,
    "quality": 3,
    "type": 2,
    "sprite": "refrige3",
    "space": 2,
    "addInterest": 8,
    "towerSprite": null,
    "attack": 16.133333333333336,
    "attRange": 300,
    "attCD": 2500,
    "attStiff": 100,
    "bulletID": 921,
    "shoot_x": 30,
    "shoot_y": 0,
    "buyType": 0,
    "price": 500,
    "desc": "汽车有劳斯莱斯，冰淇淋有哈根达斯。",
    "leftBtn": "左键点击可放置在场景中（需靠墙）",
    "rightBtn": "已升至满级",
    "shootSound": "sound_shoot_gun",
    "skill": null,
    "useRange": null,
    "itemType": "coffee3",
    "itemSprite": "coffee3",
    "sellPrice": 45,
    "triggCon": null,
    "triggEffect": null,
    "effectVal": null,
    "effectChat": null,
    "effectDesc": null,
    "bunkerBuff": null,
    "artifact": ""
  },
  "31091": {
    "id": "31091",
    "name": "限量冷柜",
    "class": 1,
    "quality": 4,
    "type": 2,
    "sprite": "refrige4",
    "space": 2,
    "addInterest": 5,
    "towerSprite": null,
    "attack": 9.333333333333334,
    "attRange": 300,
    "attCD": 2500,
    "attStiff": 100,
    "bulletID": 921,
    "shoot_x": 30,
    "shoot_y": 0,
    "buyType": 0,
    "price": 150,
    "desc": "凉在嘴里，暖在心里。",
    "leftBtn": "左键点击可放置在场景中（需靠墙）",
    "rightBtn": "右键点击可三合一升星",
    "shootSound": "sound_shoot_gun",
    "skill": null,
    "useRange": null,
    "itemType": "coffee3",
    "itemSprite": "coffee3",
    "sellPrice": 20,
    "triggCon": null,
    "triggEffect": null,
    "effectVal": null,
    "effectChat": null,
    "effectDesc": null,
    "bunkerBuff": null,
    "artifact": ""
  },
  "31092": {
    "id": "31092",
    "name": "限量冷柜",
    "class": 1,
    "quality": 4,
    "type": 2,
    "sprite": "refrige4",
    "space": 2,
    "addInterest": 7.5,
    "towerSprite": null,
    "attack": 14.933333333333337,
    "attRange": 300,
    "attCD": 2500,
    "attStiff": 100,
    "bulletID": 921,
    "shoot_x": 30,
    "shoot_y": 0,
    "buyType": 0,
    "price": 450,
    "desc": "凉在嘴里，暖在心里。",
    "leftBtn": "左键点击可放置在场景中（需靠墙）",
    "rightBtn": "右键点击可三合一升星",
    "shootSound": "sound_shoot_gun",
    "skill": null,
    "useRange": null,
    "itemType": "coffee3",
    "itemSprite": "coffee3",
    "sellPrice": 40,
    "triggCon": null,
    "triggEffect": null,
    "effectVal": null,
    "effectChat": null,
    "effectDesc": null,
    "bunkerBuff": null,
    "artifact": ""
  },
  "31093": {
    "id": "31093",
    "name": "限量冷柜",
    "class": 1,
    "quality": 4,
    "type": 2,
    "sprite": "refrige4",
    "space": 2,
    "addInterest": 10,
    "towerSprite": null,
    "attack": 20.53333333333334,
    "attRange": 300,
    "attCD": 2500,
    "attStiff": 100,
    "bulletID": 921,
    "shoot_x": 30,
    "shoot_y": 0,
    "buyType": 0,
    "price": 1500,
    "desc": "凉在嘴里，暖在心里。",
    "leftBtn": "左键点击可放置在场景中（需靠墙）",
    "rightBtn": "已升至满级",
    "shootSound": "sound_shoot_gun",
    "skill": null,
    "useRange": null,
    "itemType": "coffee3",
    "itemSprite": "coffee3",
    "sellPrice": 60,
    "triggCon": null,
    "triggEffect": null,
    "effectVal": null,
    "effectChat": null,
    "effectDesc": null,
    "bunkerBuff": null,
    "artifact": ""
  },
  "31101": {
    "id": "31101",
    "name": "典藏冷柜",
    "class": 1,
    "quality": 5,
    "type": 2,
    "sprite": "refrige5",
    "space": 2,
    "addInterest": 6,
    "towerSprite": null,
    "attack": 11.333333333333336,
    "attRange": 300,
    "attCD": 2500,
    "attStiff": 100,
    "bulletID": 921,
    "shoot_x": 30,
    "shoot_y": 0,
    "buyType": 0,
    "price": 500,
    "desc": "酷爽夏日，有你陪伴。",
    "leftBtn": "左键点击可放置在场景中（需靠墙）",
    "rightBtn": "右键点击可三合一升星",
    "shootSound": "sound_shoot_gun",
    "skill": null,
    "useRange": null,
    "itemType": "coffee3",
    "itemSprite": "coffee3",
    "sellPrice": 25,
    "triggCon": null,
    "triggEffect": null,
    "effectVal": null,
    "effectChat": null,
    "effectDesc": null,
    "bunkerBuff": null,
    "artifact": ""
  },
  "31102": {
    "id": "31102",
    "name": "典藏冷柜",
    "class": 1,
    "quality": 5,
    "type": 2,
    "sprite": "refrige5",
    "space": 2,
    "addInterest": 9,
    "towerSprite": null,
    "attack": 18.133333333333336,
    "attRange": 300,
    "attCD": 2500,
    "attStiff": 100,
    "bulletID": 921,
    "shoot_x": 30,
    "shoot_y": 0,
    "buyType": 0,
    "price": 1500,
    "desc": "酷爽夏日，有你陪伴。",
    "leftBtn": "左键点击可放置在场景中（需靠墙）",
    "rightBtn": "右键点击可三合一升星",
    "shootSound": "sound_shoot_gun",
    "skill": null,
    "useRange": null,
    "itemType": "coffee3",
    "itemSprite": "coffee3",
    "sellPrice": 50,
    "triggCon": null,
    "triggEffect": null,
    "effectVal": null,
    "effectChat": null,
    "effectDesc": null,
    "bunkerBuff": null,
    "artifact": ""
  },
  "31103": {
    "id": "31103",
    "name": "典藏冷柜",
    "class": 1,
    "quality": 5,
    "type": 2,
    "sprite": "refrige5",
    "space": 2,
    "addInterest": 12,
    "towerSprite": null,
    "attack": 24.933333333333337,
    "attRange": 300,
    "attCD": 2500,
    "attStiff": 100,
    "bulletID": 921,
    "shoot_x": 30,
    "shoot_y": 0,
    "buyType": 0,
    "price": 5000,
    "desc": "酷爽夏日，有你陪伴。",
    "leftBtn": "左键点击可放置在场景中（需靠墙）",
    "rightBtn": "已升至满级",
    "shootSound": "sound_shoot_gun",
    "skill": null,
    "useRange": null,
    "itemType": "coffee3",
    "itemSprite": "coffee3",
    "sellPrice": 75,
    "triggCon": null,
    "triggEffect": null,
    "effectVal": null,
    "effectChat": null,
    "effectDesc": null,
    "bunkerBuff": null,
    "artifact": ""
  },
  "31111": {
    "id": "31111",
    "name": "普通柜台",
    "class": 1,
    "quality": 1,
    "type": 3,
    "sprite": "desk1",
    "space": 2,
    "addInterest": 2,
    "towerSprite": null,
    "attack": 6.666666666666667,
    "attRange": 250,
    "attCD": 1500,
    "attStiff": 150,
    "bulletID": 949,
    "shoot_x": 30,
    "shoot_y": 0,
    "buyType": 0,
    "price": 5,
    "desc": "一口一回忆，多滋多甜蜜。",
    "leftBtn": "左键点击可放置在场景中",
    "rightBtn": "右键点击可三合一升星",
    "shootSound": "sound_shoot_gun",
    "skill": null,
    "useRange": null,
    "itemType": "beer",
    "itemSprite": "apple",
    "sellPrice": 5,
    "triggCon": null,
    "triggEffect": null,
    "effectVal": null,
    "effectChat": null,
    "effectDesc": null,
    "bunkerBuff": null,
    "artifact": ""
  },
  "31112": {
    "id": "31112",
    "name": "普通柜台",
    "class": 1,
    "quality": 1,
    "type": 3,
    "sprite": "desk1",
    "space": 2,
    "addInterest": 3,
    "towerSprite": null,
    "attack": 10.666666666666668,
    "attRange": 250,
    "attCD": 1500,
    "attStiff": 150,
    "bulletID": 949,
    "shoot_x": 30,
    "shoot_y": 0,
    "buyType": 0,
    "price": 15,
    "desc": "一口一回忆，多滋多甜蜜。",
    "leftBtn": "左键点击可放置在场景中",
    "rightBtn": "右键点击可三合一升星",
    "shootSound": "sound_shoot_gun",
    "skill": null,
    "useRange": null,
    "itemType": "beer",
    "itemSprite": "apple",
    "sellPrice": 10,
    "triggCon": null,
    "triggEffect": null,
    "effectVal": null,
    "effectChat": null,
    "effectDesc": null,
    "bunkerBuff": null,
    "artifact": ""
  },
  "31113": {
    "id": "31113",
    "name": "普通柜台",
    "class": 1,
    "quality": 1,
    "type": 3,
    "sprite": "desk1",
    "space": 2,
    "addInterest": 4,
    "towerSprite": null,
    "attack": 14.666666666666668,
    "attRange": 250,
    "attCD": 1500,
    "attStiff": 150,
    "bulletID": 949,
    "shoot_x": 30,
    "shoot_y": 0,
    "buyType": 0,
    "price": 50,
    "desc": "一口一回忆，多滋多甜蜜。",
    "leftBtn": "左键点击可放置在场景中",
    "rightBtn": "已升至满级",
    "shootSound": "sound_shoot_gun",
    "skill": null,
    "useRange": null,
    "itemType": "beer",
    "itemSprite": "apple",
    "sellPrice": 15,
    "triggCon": null,
    "triggEffect": null,
    "effectVal": null,
    "effectChat": null,
    "effectDesc": null,
    "bunkerBuff": null,
    "artifact": ""
  },
  "31121": {
    "id": "31121",
    "name": "高级柜台",
    "class": 1,
    "quality": 2,
    "type": 3,
    "sprite": "desk2",
    "space": 2,
    "addInterest": 3,
    "towerSprite": null,
    "attack": 10.666666666666668,
    "attRange": 250,
    "attCD": 1500,
    "attStiff": 150,
    "bulletID": 949,
    "shoot_x": 30,
    "shoot_y": 0,
    "buyType": 0,
    "price": 15,
    "desc": "一口一回忆，多滋多甜蜜。",
    "leftBtn": "左键点击可放置在场景中",
    "rightBtn": "右键点击可三合一升星",
    "shootSound": "sound_shoot_gun",
    "skill": null,
    "useRange": null,
    "itemType": "wine",
    "itemSprite": "wine",
    "sellPrice": 10,
    "triggCon": null,
    "triggEffect": null,
    "effectVal": null,
    "effectChat": null,
    "effectDesc": null,
    "bunkerBuff": null,
    "artifact": ""
  },
  "31122": {
    "id": "31122",
    "name": "高级柜台",
    "class": 1,
    "quality": 2,
    "type": 3,
    "sprite": "desk2",
    "space": 2,
    "addInterest": 4.5,
    "towerSprite": null,
    "attack": 17.06666666666667,
    "attRange": 250,
    "attCD": 1500,
    "attStiff": 150,
    "bulletID": 949,
    "shoot_x": 30,
    "shoot_y": 0,
    "buyType": 0,
    "price": 45,
    "desc": "一口一回忆，多滋多甜蜜。",
    "leftBtn": "左键点击可放置在场景中",
    "rightBtn": "右键点击可三合一升星",
    "shootSound": "sound_shoot_gun",
    "skill": null,
    "useRange": null,
    "itemType": "wine",
    "itemSprite": "wine",
    "sellPrice": 20,
    "triggCon": null,
    "triggEffect": null,
    "effectVal": null,
    "effectChat": null,
    "effectDesc": null,
    "bunkerBuff": null,
    "artifact": ""
  },
  "31123": {
    "id": "31123",
    "name": "高级柜台",
    "class": 1,
    "quality": 2,
    "type": 3,
    "sprite": "desk2",
    "space": 2,
    "addInterest": 6,
    "towerSprite": null,
    "attack": 23.46666666666667,
    "attRange": 250,
    "attCD": 1500,
    "attStiff": 150,
    "bulletID": 932,
    "shoot_x": 30,
    "shoot_y": 0,
    "buyType": 0,
    "price": 150,
    "desc": "一口一回忆，多滋多甜蜜。",
    "leftBtn": "左键点击可放置在场景中",
    "rightBtn": "已升至满级",
    "shootSound": "sound_shoot_gun",
    "skill": null,
    "useRange": null,
    "itemType": "wine",
    "itemSprite": "wine",
    "sellPrice": 30,
    "triggCon": null,
    "triggEffect": null,
    "effectVal": null,
    "effectChat": null,
    "effectDesc": null,
    "bunkerBuff": null,
    "artifact": ""
  },
  "31131": {
    "id": "31131",
    "name": "豪华柜台",
    "class": 1,
    "quality": 3,
    "type": 3,
    "sprite": "desk3",
    "space": 2,
    "addInterest": 4,
    "towerSprite": null,
    "attack": 14.666666666666668,
    "attRange": 250,
    "attCD": 1500,
    "attStiff": 150,
    "bulletID": 932,
    "shoot_x": 30,
    "shoot_y": 0,
    "buyType": 0,
    "price": 50,
    "desc": "一口一回忆，多滋多甜蜜。",
    "leftBtn": "左键点击可放置在场景中",
    "rightBtn": "右键点击可三合一升星",
    "shootSound": "sound_shoot_gun",
    "skill": null,
    "useRange": null,
    "itemType": "whiskey",
    "itemSprite": "whiskey",
    "sellPrice": 15,
    "triggCon": null,
    "triggEffect": null,
    "effectVal": null,
    "effectChat": null,
    "effectDesc": null,
    "bunkerBuff": null,
    "artifact": ""
  },
  "31132": {
    "id": "31132",
    "name": "豪华柜台",
    "class": 1,
    "quality": 3,
    "type": 3,
    "sprite": "desk3",
    "space": 2,
    "addInterest": 6,
    "towerSprite": null,
    "attack": 23.466666666666672,
    "attRange": 250,
    "attCD": 1500,
    "attStiff": 150,
    "bulletID": 932,
    "shoot_x": 30,
    "shoot_y": 0,
    "buyType": 0,
    "price": 150,
    "desc": "一口一回忆，多滋多甜蜜。",
    "leftBtn": "左键点击可放置在场景中",
    "rightBtn": "右键点击可三合一升星",
    "shootSound": "sound_shoot_gun",
    "skill": null,
    "useRange": null,
    "itemType": "whiskey",
    "itemSprite": "whiskey",
    "sellPrice": 30,
    "triggCon": null,
    "triggEffect": null,
    "effectVal": null,
    "effectChat": null,
    "effectDesc": null,
    "bunkerBuff": null,
    "artifact": ""
  },
  "31133": {
    "id": "31133",
    "name": "豪华柜台",
    "class": 1,
    "quality": 3,
    "type": 3,
    "sprite": "desk3",
    "space": 2,
    "addInterest": 8,
    "towerSprite": null,
    "attack": 32.26666666666667,
    "attRange": 250,
    "attCD": 1500,
    "attStiff": 150,
    "bulletID": 932,
    "shoot_x": 30,
    "shoot_y": 0,
    "buyType": 0,
    "price": 500,
    "desc": "一口一回忆，多滋多甜蜜。",
    "leftBtn": "左键点击可放置在场景中",
    "rightBtn": "已升至满级",
    "shootSound": "sound_shoot_gun",
    "skill": null,
    "useRange": null,
    "itemType": "whiskey",
    "itemSprite": "whiskey",
    "sellPrice": 45,
    "triggCon": null,
    "triggEffect": null,
    "effectVal": null,
    "effectChat": null,
    "effectDesc": null,
    "bunkerBuff": null,
    "artifact": ""
  },
  "31141": {
    "id": "31141",
    "name": "限量柜台",
    "class": 1,
    "quality": 4,
    "type": 3,
    "sprite": "desk4",
    "space": 2,
    "addInterest": 5,
    "towerSprite": null,
    "attack": 18.666666666666668,
    "attRange": 250,
    "attCD": 1500,
    "attStiff": 150,
    "bulletID": 932,
    "shoot_x": 30,
    "shoot_y": 0,
    "buyType": 0,
    "price": 150,
    "desc": "一口一回忆，多滋多甜蜜。",
    "leftBtn": "左键点击可放置在场景中",
    "rightBtn": "右键点击可三合一升星",
    "shootSound": "sound_shoot_gun",
    "skill": null,
    "useRange": null,
    "itemType": "whiskey",
    "itemSprite": "whiskey",
    "sellPrice": 20,
    "triggCon": null,
    "triggEffect": null,
    "effectVal": null,
    "effectChat": null,
    "effectDesc": null,
    "bunkerBuff": null,
    "artifact": ""
  },
  "31142": {
    "id": "31142",
    "name": "限量柜台",
    "class": 1,
    "quality": 4,
    "type": 3,
    "sprite": "desk4",
    "space": 2,
    "addInterest": 7.5,
    "towerSprite": null,
    "attack": 29.866666666666674,
    "attRange": 250,
    "attCD": 1500,
    "attStiff": 150,
    "bulletID": 932,
    "shoot_x": 30,
    "shoot_y": 0,
    "buyType": 0,
    "price": 450,
    "desc": "一口一回忆，多滋多甜蜜。",
    "leftBtn": "左键点击可放置在场景中",
    "rightBtn": "右键点击可三合一升星",
    "shootSound": "sound_shoot_gun",
    "skill": null,
    "useRange": null,
    "itemType": "whiskey",
    "itemSprite": "whiskey",
    "sellPrice": 40,
    "triggCon": null,
    "triggEffect": null,
    "effectVal": null,
    "effectChat": null,
    "effectDesc": null,
    "bunkerBuff": null,
    "artifact": ""
  },
  "31143": {
    "id": "31143",
    "name": "限量柜台",
    "class": 1,
    "quality": 4,
    "type": 3,
    "sprite": "desk4",
    "space": 2,
    "addInterest": 10,
    "towerSprite": null,
    "attack": 41.06666666666668,
    "attRange": 250,
    "attCD": 1500,
    "attStiff": 150,
    "bulletID": 932,
    "shoot_x": 30,
    "shoot_y": 0,
    "buyType": 0,
    "price": 1500,
    "desc": "一口一回忆，多滋多甜蜜。",
    "leftBtn": "左键点击可放置在场景中",
    "rightBtn": "已升至满级",
    "shootSound": "sound_shoot_gun",
    "skill": null,
    "useRange": null,
    "itemType": "whiskey",
    "itemSprite": "whiskey",
    "sellPrice": 60,
    "triggCon": null,
    "triggEffect": null,
    "effectVal": null,
    "effectChat": null,
    "effectDesc": null,
    "bunkerBuff": null,
    "artifact": ""
  },
  "31151": {
    "id": "31151",
    "name": "典藏柜台",
    "class": 1,
    "quality": 5,
    "type": 3,
    "sprite": "desk5",
    "space": 2,
    "addInterest": 6,
    "towerSprite": null,
    "attack": 22.66666666666667,
    "attRange": 250,
    "attCD": 1500,
    "attStiff": 150,
    "bulletID": 932,
    "shoot_x": 30,
    "shoot_y": 0,
    "buyType": 0,
    "price": 500,
    "desc": "一口一回忆，多滋多甜蜜。",
    "leftBtn": "左键点击可放置在场景中",
    "rightBtn": "右键点击可三合一升星",
    "shootSound": "sound_shoot_gun",
    "skill": null,
    "useRange": null,
    "itemType": "whiskey",
    "itemSprite": "whiskey",
    "sellPrice": 25,
    "triggCon": null,
    "triggEffect": null,
    "effectVal": null,
    "effectChat": null,
    "effectDesc": null,
    "bunkerBuff": null,
    "artifact": ""
  },
  "31152": {
    "id": "31152",
    "name": "典藏柜台",
    "class": 1,
    "quality": 5,
    "type": 3,
    "sprite": "desk5",
    "space": 2,
    "addInterest": 9,
    "towerSprite": null,
    "attack": 36.26666666666667,
    "attRange": 250,
    "attCD": 1500,
    "attStiff": 150,
    "bulletID": 932,
    "shoot_x": 30,
    "shoot_y": 0,
    "buyType": 0,
    "price": 1500,
    "desc": "一口一回忆，多滋多甜蜜。",
    "leftBtn": "左键点击可放置在场景中",
    "rightBtn": "右键点击可三合一升星",
    "shootSound": "sound_shoot_gun",
    "skill": null,
    "useRange": null,
    "itemType": "whiskey",
    "itemSprite": "whiskey",
    "sellPrice": 50,
    "triggCon": null,
    "triggEffect": null,
    "effectVal": null,
    "effectChat": null,
    "effectDesc": null,
    "bunkerBuff": null,
    "artifact": ""
  },
  "31153": {
    "id": "31153",
    "name": "典藏柜台",
    "class": 1,
    "quality": 5,
    "type": 3,
    "sprite": "desk5",
    "space": 2,
    "addInterest": 12,
    "towerSprite": null,
    "attack": 49.866666666666674,
    "attRange": 250,
    "attCD": 1500,
    "attStiff": 150,
    "bulletID": 932,
    "shoot_x": 30,
    "shoot_y": 0,
    "buyType": 0,
    "price": 5000,
    "desc": "一口一回忆，多滋多甜蜜。",
    "leftBtn": "左键点击可放置在场景中",
    "rightBtn": "已升至满级",
    "shootSound": "sound_shoot_gun",
    "skill": null,
    "useRange": null,
    "itemType": "whiskey",
    "itemSprite": "whiskey",
    "sellPrice": 75,
    "triggCon": null,
    "triggEffect": null,
    "effectVal": null,
    "effectChat": null,
    "effectDesc": null,
    "bunkerBuff": null,
    "artifact": ""
  },
  "32161": {
    "id": "32161",
    "name": "普通回血地堡",
    "class": 2,
    "quality": 1,
    "type": 1,
    "sprite": "oven3",
    "space": 1,
    "addInterest": 2,
    "towerSprite": null,
    "attack": 8.666666666666668,
    "attRange": 500,
    "attCD": 1500,
    "attStiff": 50,
    "bulletID": null,
    "shoot_x": null,
    "shoot_y": null,
    "buyType": 0,
    "price": 5,
    "desc": "坚固的堡垒，店员的容身之所",
    "leftBtn": "左键点击可放置在场景中",
    "rightBtn": "右键点击可三合一升星",
    "shootSound": "sound_shoot_gun",
    "skill": 80141,
    "useRange": 200,
    "itemType": null,
    "itemSprite": null,
    "sellPrice": 5,
    "triggCon": null,
    "triggEffect": null,
    "effectVal": null,
    "effectChat": null,
    "effectDesc": null,
    "bunkerBuff": null,
    "artifact": ""
  },
  "32162": {
    "id": "32162",
    "name": "普通回血地堡",
    "class": 2,
    "quality": 1,
    "type": 1,
    "sprite": "oven3",
    "space": 2,
    "addInterest": 3,
    "towerSprite": null,
    "attack": 13.866666666666669,
    "attRange": 500,
    "attCD": 1500,
    "attStiff": 50,
    "bulletID": null,
    "shoot_x": null,
    "shoot_y": null,
    "buyType": 0,
    "price": 15,
    "desc": "坚固的堡垒，店员的容身之所",
    "leftBtn": "左键点击可放置在场景中",
    "rightBtn": "右键点击可三合一升星",
    "shootSound": "sound_shoot_gun",
    "skill": 80141,
    "useRange": 200,
    "itemType": null,
    "itemSprite": null,
    "sellPrice": 10,
    "triggCon": null,
    "triggEffect": null,
    "effectVal": null,
    "effectChat": null,
    "effectDesc": null,
    "bunkerBuff": null,
    "artifact": ""
  },
  "32171": {
    "id": "32171",
    "name": "高级回血地堡",
    "class": 2,
    "quality": 2,
    "type": 1,
    "sprite": "oven3",
    "space": 2,
    "addInterest": 3,
    "towerSprite": null,
    "attack": 13.866666666666669,
    "attRange": 500,
    "attCD": 1500,
    "attStiff": 50,
    "bulletID": null,
    "shoot_x": null,
    "shoot_y": null,
    "buyType": 0,
    "price": 15,
    "desc": "坚固的堡垒，店员的容身之所",
    "leftBtn": "左键点击可放置在场景中",
    "rightBtn": "右键点击可三合一升星",
    "shootSound": "sound_shoot_gun",
    "skill": 80141,
    "useRange": 200,
    "itemType": null,
    "itemSprite": null,
    "sellPrice": 10,
    "triggCon": null,
    "triggEffect": null,
    "effectVal": null,
    "effectChat": null,
    "effectDesc": null,
    "bunkerBuff": null,
    "artifact": ""
  },
  "32172": {
    "id": "32172",
    "name": "高级回血地堡",
    "class": 2,
    "quality": 2,
    "type": 1,
    "sprite": "oven3",
    "space": 3,
    "addInterest": 4.5,
    "towerSprite": null,
    "attack": 22.18666666666667,
    "attRange": 500,
    "attCD": 1500,
    "attStiff": 50,
    "bulletID": null,
    "shoot_x": null,
    "shoot_y": null,
    "buyType": 0,
    "price": 45,
    "desc": "坚固的堡垒，店员的容身之所",
    "leftBtn": "左键点击可放置在场景中",
    "rightBtn": "右键点击可三合一升星",
    "shootSound": "sound_shoot_gun",
    "skill": 80141,
    "useRange": 200,
    "itemType": null,
    "itemSprite": null,
    "sellPrice": 20,
    "triggCon": null,
    "triggEffect": null,
    "effectVal": null,
    "effectChat": null,
    "effectDesc": null,
    "bunkerBuff": null,
    "artifact": ""
  },
  "32181": {
    "id": "32181",
    "name": "豪华回血地堡",
    "class": 2,
    "quality": 3,
    "type": 1,
    "sprite": "oven3",
    "space": 3,
    "addInterest": 4,
    "towerSprite": null,
    "attack": 19.06666666666667,
    "attRange": 500,
    "attCD": 1500,
    "attStiff": 50,
    "bulletID": null,
    "shoot_x": null,
    "shoot_y": null,
    "buyType": 0,
    "price": 50,
    "desc": "坚固的堡垒，店员的容身之所",
    "leftBtn": "左键点击可放置在场景中",
    "rightBtn": "右键点击可三合一升星",
    "shootSound": "sound_shoot_gun",
    "skill": 80141,
    "useRange": 200,
    "itemType": null,
    "itemSprite": null,
    "sellPrice": 15,
    "triggCon": null,
    "triggEffect": null,
    "effectVal": null,
    "effectChat": null,
    "effectDesc": null,
    "bunkerBuff": null,
    "artifact": ""
  },
  "32182": {
    "id": "32182",
    "name": "豪华回血地堡",
    "class": 2,
    "quality": 3,
    "type": 1,
    "sprite": "oven3",
    "space": 4,
    "addInterest": 6,
    "towerSprite": null,
    "attack": 30.506666666666675,
    "attRange": 500,
    "attCD": 1500,
    "attStiff": 50,
    "bulletID": null,
    "shoot_x": null,
    "shoot_y": null,
    "buyType": 0,
    "price": 150,
    "desc": "坚固的堡垒，店员的容身之所",
    "leftBtn": "左键点击可放置在场景中",
    "rightBtn": "右键点击可三合一升星",
    "shootSound": "sound_shoot_gun",
    "skill": 80141,
    "useRange": 200,
    "itemType": null,
    "itemSprite": null,
    "sellPrice": 30,
    "triggCon": null,
    "triggEffect": null,
    "effectVal": null,
    "effectChat": null,
    "effectDesc": null,
    "bunkerBuff": null,
    "artifact": ""
  },
  "32191": {
    "id": "32191",
    "name": "普通沼泽地堡",
    "class": 2,
    "quality": 1,
    "type": 1,
    "sprite": "refrige5",
    "space": 1,
    "addInterest": 2,
    "towerSprite": null,
    "attack": 8.666666666666668,
    "attRange": 500,
    "attCD": 1000,
    "attStiff": 50,
    "bulletID": null,
    "shoot_x": null,
    "shoot_y": null,
    "buyType": 0,
    "price": 5,
    "desc": "",
    "leftBtn": "左键点击可放置在场景中",
    "rightBtn": "右键点击可三合一升星",
    "shootSound": "sound_shoot_gun",
    "skill": 80201,
    "useRange": 200,
    "itemType": null,
    "itemSprite": null,
    "sellPrice": 5,
    "triggCon": null,
    "triggEffect": null,
    "effectVal": null,
    "effectChat": null,
    "effectDesc": null,
    "bunkerBuff": null,
    "artifact": null
  },
  "32192": {
    "id": "32192",
    "name": "普通沼泽地堡",
    "class": 2,
    "quality": 1,
    "type": 1,
    "sprite": "refrige5",
    "space": 2,
    "addInterest": 3,
    "towerSprite": null,
    "attack": 13.866666666666669,
    "attRange": 500,
    "attCD": 1000,
    "attStiff": 50,
    "bulletID": null,
    "shoot_x": null,
    "shoot_y": null,
    "buyType": 0,
    "price": 15,
    "desc": "",
    "leftBtn": "左键点击可放置在场景中",
    "rightBtn": "右键点击可三合一升星",
    "shootSound": "sound_shoot_gun",
    "skill": 80201,
    "useRange": 200,
    "itemType": null,
    "itemSprite": null,
    "sellPrice": 10,
    "triggCon": null,
    "triggEffect": null,
    "effectVal": null,
    "effectChat": null,
    "effectDesc": null,
    "bunkerBuff": null,
    "artifact": null
  },
  "32201": {
    "id": "32201",
    "name": "高级沼泽地堡",
    "class": 2,
    "quality": 2,
    "type": 1,
    "sprite": "refrige5",
    "space": 2,
    "addInterest": 3,
    "towerSprite": null,
    "attack": 13.866666666666669,
    "attRange": 500,
    "attCD": 1000,
    "attStiff": 50,
    "bulletID": null,
    "shoot_x": null,
    "shoot_y": null,
    "buyType": 0,
    "price": 15,
    "desc": "",
    "leftBtn": "左键点击可放置在场景中",
    "rightBtn": "右键点击可三合一升星",
    "shootSound": "sound_shoot_gun",
    "skill": 80201,
    "useRange": 200,
    "itemType": null,
    "itemSprite": null,
    "sellPrice": 10,
    "triggCon": null,
    "triggEffect": null,
    "effectVal": null,
    "effectChat": null,
    "effectDesc": null,
    "bunkerBuff": null,
    "artifact": null
  },
  "32202": {
    "id": "32202",
    "name": "高级沼泽地堡",
    "class": 2,
    "quality": 2,
    "type": 1,
    "sprite": "refrige5",
    "space": 3,
    "addInterest": 4.5,
    "towerSprite": null,
    "attack": 22.18666666666667,
    "attRange": 500,
    "attCD": 1000,
    "attStiff": 50,
    "bulletID": null,
    "shoot_x": null,
    "shoot_y": null,
    "buyType": 0,
    "price": 45,
    "desc": "",
    "leftBtn": "左键点击可放置在场景中",
    "rightBtn": "右键点击可三合一升星",
    "shootSound": "sound_shoot_gun",
    "skill": 80201,
    "useRange": 200,
    "itemType": null,
    "itemSprite": null,
    "sellPrice": 20,
    "triggCon": null,
    "triggEffect": null,
    "effectVal": null,
    "effectChat": null,
    "effectDesc": null,
    "bunkerBuff": null,
    "artifact": null
  },
  "32211": {
    "id": "32211",
    "name": "豪华沼泽地堡",
    "class": 2,
    "quality": 3,
    "type": 1,
    "sprite": "refrige5",
    "space": 3,
    "addInterest": 4,
    "towerSprite": null,
    "attack": 19.06666666666667,
    "attRange": 500,
    "attCD": 1000,
    "attStiff": 50,
    "bulletID": null,
    "shoot_x": null,
    "shoot_y": null,
    "buyType": 0,
    "price": 50,
    "desc": "",
    "leftBtn": "左键点击可放置在场景中",
    "rightBtn": "右键点击可三合一升星",
    "shootSound": "sound_shoot_gun",
    "skill": 80201,
    "useRange": 200,
    "itemType": null,
    "itemSprite": null,
    "sellPrice": 15,
    "triggCon": null,
    "triggEffect": null,
    "effectVal": null,
    "effectChat": null,
    "effectDesc": null,
    "bunkerBuff": null,
    "artifact": null
  },
  "32212": {
    "id": "32212",
    "name": "豪华沼泽地堡",
    "class": 2,
    "quality": 3,
    "type": 1,
    "sprite": "refrige5",
    "space": 4,
    "addInterest": 6,
    "towerSprite": null,
    "attack": 30.506666666666675,
    "attRange": 500,
    "attCD": 1000,
    "attStiff": 50,
    "bulletID": null,
    "shoot_x": null,
    "shoot_y": null,
    "buyType": 0,
    "price": 150,
    "desc": "",
    "leftBtn": "左键点击可放置在场景中",
    "rightBtn": "右键点击可三合一升星",
    "shootSound": "sound_shoot_gun",
    "skill": 80201,
    "useRange": 200,
    "itemType": null,
    "itemSprite": null,
    "sellPrice": 30,
    "triggCon": null,
    "triggEffect": null,
    "effectVal": null,
    "effectChat": null,
    "effectDesc": null,
    "bunkerBuff": null,
    "artifact": null
  },
  "32221": {
    "id": "32221",
    "name": "普通火神地堡",
    "class": 2,
    "quality": 1,
    "type": 1,
    "sprite": "desk4",
    "space": 1,
    "addInterest": 2,
    "towerSprite": null,
    "attack": 8.666666666666668,
    "attRange": 500,
    "attCD": 1000,
    "attStiff": 50,
    "bulletID": null,
    "shoot_x": null,
    "shoot_y": null,
    "buyType": 0,
    "price": 5,
    "desc": "",
    "leftBtn": "左键点击可放置在场景中",
    "rightBtn": "右键点击可三合一升星",
    "shootSound": "sound_shoot_gun",
    "skill": 80481,
    "useRange": 200,
    "itemType": null,
    "itemSprite": null,
    "sellPrice": 5,
    "triggCon": null,
    "triggEffect": null,
    "effectVal": null,
    "effectChat": null,
    "effectDesc": null,
    "bunkerBuff": null,
    "artifact": null
  },
  "32222": {
    "id": "32222",
    "name": "普通火神地堡",
    "class": 2,
    "quality": 1,
    "type": 1,
    "sprite": "desk4",
    "space": 2,
    "addInterest": 3,
    "towerSprite": null,
    "attack": 13.866666666666669,
    "attRange": 500,
    "attCD": 1000,
    "attStiff": 50,
    "bulletID": null,
    "shoot_x": null,
    "shoot_y": null,
    "buyType": 0,
    "price": 15,
    "desc": "",
    "leftBtn": "左键点击可放置在场景中",
    "rightBtn": "右键点击可三合一升星",
    "shootSound": "sound_shoot_gun",
    "skill": 80481,
    "useRange": 200,
    "itemType": null,
    "itemSprite": null,
    "sellPrice": 10,
    "triggCon": null,
    "triggEffect": null,
    "effectVal": null,
    "effectChat": null,
    "effectDesc": null,
    "bunkerBuff": null,
    "artifact": null
  },
  "32231": {
    "id": "32231",
    "name": "高级火神地堡",
    "class": 2,
    "quality": 2,
    "type": 1,
    "sprite": "desk4",
    "space": 2,
    "addInterest": 3,
    "towerSprite": null,
    "attack": 13.866666666666669,
    "attRange": 500,
    "attCD": 1000,
    "attStiff": 50,
    "bulletID": null,
    "shoot_x": null,
    "shoot_y": null,
    "buyType": 0,
    "price": 15,
    "desc": "",
    "leftBtn": "左键点击可放置在场景中",
    "rightBtn": "右键点击可三合一升星",
    "shootSound": "sound_shoot_gun",
    "skill": 80481,
    "useRange": 200,
    "itemType": null,
    "itemSprite": null,
    "sellPrice": 10,
    "triggCon": null,
    "triggEffect": null,
    "effectVal": null,
    "effectChat": null,
    "effectDesc": null,
    "bunkerBuff": null,
    "artifact": null
  },
  "32232": {
    "id": "32232",
    "name": "高级火神地堡",
    "class": 2,
    "quality": 2,
    "type": 1,
    "sprite": "desk4",
    "space": 3,
    "addInterest": 4.5,
    "towerSprite": null,
    "attack": 22.18666666666667,
    "attRange": 500,
    "attCD": 1000,
    "attStiff": 50,
    "bulletID": null,
    "shoot_x": null,
    "shoot_y": null,
    "buyType": 0,
    "price": 45,
    "desc": "",
    "leftBtn": "左键点击可放置在场景中",
    "rightBtn": "右键点击可三合一升星",
    "shootSound": "sound_shoot_gun",
    "skill": 80481,
    "useRange": 200,
    "itemType": null,
    "itemSprite": null,
    "sellPrice": 20,
    "triggCon": null,
    "triggEffect": null,
    "effectVal": null,
    "effectChat": null,
    "effectDesc": null,
    "bunkerBuff": null,
    "artifact": null
  },
  "32241": {
    "id": "32241",
    "name": "豪华火神地堡",
    "class": 2,
    "quality": 3,
    "type": 1,
    "sprite": "desk4",
    "space": 3,
    "addInterest": 4,
    "towerSprite": null,
    "attack": 19.06666666666667,
    "attRange": 500,
    "attCD": 1000,
    "attStiff": 50,
    "bulletID": null,
    "shoot_x": null,
    "shoot_y": null,
    "buyType": 0,
    "price": 50,
    "desc": "",
    "leftBtn": "左键点击可放置在场景中",
    "rightBtn": "右键点击可三合一升星",
    "shootSound": "sound_shoot_gun",
    "skill": 80481,
    "useRange": 200,
    "itemType": null,
    "itemSprite": null,
    "sellPrice": 15,
    "triggCon": null,
    "triggEffect": null,
    "effectVal": null,
    "effectChat": null,
    "effectDesc": null,
    "bunkerBuff": null,
    "artifact": null
  },
  "32242": {
    "id": "32242",
    "name": "豪华火神地堡",
    "class": 2,
    "quality": 3,
    "type": 1,
    "sprite": "desk4",
    "space": 4,
    "addInterest": 6,
    "towerSprite": null,
    "attack": 30.506666666666675,
    "attRange": 500,
    "attCD": 1000,
    "attStiff": 50,
    "bulletID": null,
    "shoot_x": null,
    "shoot_y": null,
    "buyType": 0,
    "price": 150,
    "desc": "",
    "leftBtn": "左键点击可放置在场景中",
    "rightBtn": "右键点击可三合一升星",
    "shootSound": "sound_shoot_gun",
    "skill": 80481,
    "useRange": 200,
    "itemType": null,
    "itemSprite": null,
    "sellPrice": 30,
    "triggCon": null,
    "triggEffect": null,
    "effectVal": null,
    "effectChat": null,
    "effectDesc": null,
    "bunkerBuff": null,
    "artifact": null
  },
  "33251": {
    "id": "33251",
    "name": "迎宾树",
    "class": 3,
    "quality": 1,
    "type": 1,
    "sprite": "oven1",
    "space": null,
    "addInterest": 2,
    "towerSprite": null,
    "attack": 8.666666666666668,
    "attRange": null,
    "attCD": null,
    "attStiff": null,
    "bulletID": null,
    "shoot_x": null,
    "shoot_y": null,
    "buyType": 0,
    "price": 5,
    "desc": "走过路过别错过。顾客意愿值+5",
    "leftBtn": "左键点击可放置在场景中",
    "rightBtn": "右键点击可三合一升星",
    "shootSound": "sound_shoot_gun",
    "skill": null,
    "useRange": null,
    "itemType": null,
    "itemSprite": null,
    "sellPrice": 5,
    "triggCon": null,
    "triggEffect": null,
    "effectVal": null,
    "effectChat": null,
    "effectDesc": null,
    "bunkerBuff": null,
    "artifact": 9191
  },
  "33252": {
    "id": "33252",
    "name": "迎宾树",
    "class": 3,
    "quality": 1,
    "type": 1,
    "sprite": "oven1",
    "space": null,
    "addInterest": 3,
    "towerSprite": null,
    "attack": 13.866666666666669,
    "attRange": null,
    "attCD": null,
    "attStiff": null,
    "bulletID": null,
    "shoot_x": null,
    "shoot_y": null,
    "buyType": 0,
    "price": 15,
    "desc": "走过路过别错过。顾客意愿值+10",
    "leftBtn": "左键点击可放置在场景中",
    "rightBtn": "右键点击可三合一升星",
    "shootSound": "sound_shoot_gun",
    "skill": null,
    "useRange": null,
    "itemType": null,
    "itemSprite": null,
    "sellPrice": 10,
    "triggCon": null,
    "triggEffect": null,
    "effectVal": null,
    "effectChat": null,
    "effectDesc": null,
    "bunkerBuff": null,
    "artifact": 9192
  },
  "33253": {
    "id": "33253",
    "name": "迎宾树",
    "class": 3,
    "quality": 1,
    "type": 1,
    "sprite": "oven1",
    "space": null,
    "addInterest": 4,
    "towerSprite": null,
    "attack": 19.06666666666667,
    "attRange": null,
    "attCD": null,
    "attStiff": null,
    "bulletID": null,
    "shoot_x": null,
    "shoot_y": null,
    "buyType": 0,
    "price": 50,
    "desc": "走过路过别错过。顾客意愿值+15",
    "leftBtn": "左键点击可放置在场景中",
    "rightBtn": "已升至满级",
    "shootSound": "sound_shoot_gun",
    "skill": null,
    "useRange": null,
    "itemType": null,
    "itemSprite": null,
    "sellPrice": 15,
    "triggCon": null,
    "triggEffect": null,
    "effectVal": null,
    "effectChat": null,
    "effectDesc": null,
    "bunkerBuff": null,
    "artifact": 9193
  },
  "33261": {
    "id": "33261",
    "name": "圣诞树",
    "class": 3,
    "quality": 2,
    "type": 1,
    "sprite": "oven2",
    "space": null,
    "addInterest": 3,
    "towerSprite": null,
    "attack": 13.866666666666669,
    "attRange": null,
    "attCD": null,
    "attStiff": null,
    "bulletID": null,
    "shoot_x": null,
    "shoot_y": null,
    "buyType": 0,
    "price": 15,
    "desc": "走过路过别错过。顾客意愿值+10",
    "leftBtn": "左键点击可放置在场景中",
    "rightBtn": "右键点击可三合一升星",
    "shootSound": "sound_shoot_gun",
    "skill": null,
    "useRange": null,
    "itemType": null,
    "itemSprite": null,
    "sellPrice": 10,
    "triggCon": null,
    "triggEffect": null,
    "effectVal": null,
    "effectChat": null,
    "effectDesc": null,
    "bunkerBuff": null,
    "artifact": 9192
  },
  "33262": {
    "id": "33262",
    "name": "圣诞树",
    "class": 3,
    "quality": 2,
    "type": 1,
    "sprite": "oven2",
    "space": null,
    "addInterest": 4.5,
    "towerSprite": null,
    "attack": 22.18666666666667,
    "attRange": null,
    "attCD": null,
    "attStiff": null,
    "bulletID": null,
    "shoot_x": null,
    "shoot_y": null,
    "buyType": 0,
    "price": 45,
    "desc": "走过路过别错过。顾客意愿值+15",
    "leftBtn": "左键点击可放置在场景中",
    "rightBtn": "右键点击可三合一升星",
    "shootSound": "sound_shoot_gun",
    "skill": null,
    "useRange": null,
    "itemType": null,
    "itemSprite": null,
    "sellPrice": 20,
    "triggCon": null,
    "triggEffect": null,
    "effectVal": null,
    "effectChat": null,
    "effectDesc": null,
    "bunkerBuff": null,
    "artifact": 9193
  },
  "33263": {
    "id": "33263",
    "name": "圣诞树",
    "class": 3,
    "quality": 2,
    "type": 1,
    "sprite": "oven2",
    "space": null,
    "addInterest": 6,
    "towerSprite": null,
    "attack": 30.50666666666667,
    "attRange": null,
    "attCD": null,
    "attStiff": null,
    "bulletID": null,
    "shoot_x": null,
    "shoot_y": null,
    "buyType": 0,
    "price": 150,
    "desc": "走过路过别错过。顾客意愿值+20",
    "leftBtn": "左键点击可放置在场景中",
    "rightBtn": "已升至满级",
    "shootSound": "sound_shoot_gun",
    "skill": null,
    "useRange": null,
    "itemType": null,
    "itemSprite": null,
    "sellPrice": 30,
    "triggCon": null,
    "triggEffect": null,
    "effectVal": null,
    "effectChat": null,
    "effectDesc": null,
    "bunkerBuff": null,
    "artifact": 9194
  },
  "33271": {
    "id": "33271",
    "name": "世界树",
    "class": 3,
    "quality": 3,
    "type": 1,
    "sprite": "oven3",
    "space": null,
    "addInterest": 4,
    "towerSprite": null,
    "attack": 19.06666666666667,
    "attRange": null,
    "attCD": null,
    "attStiff": null,
    "bulletID": null,
    "shoot_x": null,
    "shoot_y": null,
    "buyType": 0,
    "price": 50,
    "desc": "走过路过别错过。顾客意愿值+15",
    "leftBtn": "左键点击可放置在场景中",
    "rightBtn": "右键点击可三合一升星",
    "shootSound": "sound_shoot_gun",
    "skill": null,
    "useRange": null,
    "itemType": null,
    "itemSprite": null,
    "sellPrice": 15,
    "triggCon": null,
    "triggEffect": null,
    "effectVal": null,
    "effectChat": null,
    "effectDesc": null,
    "bunkerBuff": null,
    "artifact": 9193
  },
  "33272": {
    "id": "33272",
    "name": "世界树",
    "class": 3,
    "quality": 3,
    "type": 1,
    "sprite": "oven3",
    "space": null,
    "addInterest": 6,
    "towerSprite": null,
    "attack": 30.506666666666675,
    "attRange": null,
    "attCD": null,
    "attStiff": null,
    "bulletID": null,
    "shoot_x": null,
    "shoot_y": null,
    "buyType": 0,
    "price": 150,
    "desc": "走过路过别错过。顾客意愿值+20",
    "leftBtn": "左键点击可放置在场景中",
    "rightBtn": "右键点击可三合一升星",
    "shootSound": "sound_shoot_gun",
    "skill": null,
    "useRange": null,
    "itemType": null,
    "itemSprite": null,
    "sellPrice": 30,
    "triggCon": null,
    "triggEffect": null,
    "effectVal": null,
    "effectChat": null,
    "effectDesc": null,
    "bunkerBuff": null,
    "artifact": 9194
  },
  "33273": {
    "id": "33273",
    "name": "世界树",
    "class": 3,
    "quality": 3,
    "type": 1,
    "sprite": "oven3",
    "space": null,
    "addInterest": 8,
    "towerSprite": null,
    "attack": 41.94666666666668,
    "attRange": null,
    "attCD": null,
    "attStiff": null,
    "bulletID": null,
    "shoot_x": null,
    "shoot_y": null,
    "buyType": 0,
    "price": 500,
    "desc": "走过路过别错过。顾客意愿值+25",
    "leftBtn": "左键点击可放置在场景中",
    "rightBtn": "已升至满级",
    "shootSound": "sound_shoot_gun",
    "skill": null,
    "useRange": null,
    "itemType": null,
    "itemSprite": null,
    "sellPrice": 45,
    "triggCon": null,
    "triggEffect": null,
    "effectVal": null,
    "effectChat": null,
    "effectDesc": null,
    "bunkerBuff": null,
    "artifact": 9195
  },
  "33281": {
    "id": "33281",
    "name": "贸易站",
    "class": 3,
    "quality": 1,
    "type": 1,
    "sprite": "refrige1",
    "space": null,
    "addInterest": 2,
    "towerSprite": null,
    "attack": 8.666666666666668,
    "attRange": null,
    "attCD": null,
    "attStiff": null,
    "bulletID": null,
    "shoot_x": null,
    "shoot_y": null,
    "buyType": 0,
    "price": 5,
    "desc": "提高商人等级。商人等级+1",
    "leftBtn": "左键点击可放置在场景中",
    "rightBtn": "右键点击可三合一升星",
    "shootSound": "sound_shoot_gun",
    "skill": null,
    "useRange": null,
    "itemType": null,
    "itemSprite": null,
    "sellPrice": 5,
    "triggCon": null,
    "triggEffect": null,
    "effectVal": null,
    "effectChat": null,
    "effectDesc": null,
    "bunkerBuff": null,
    "artifact": 9181
  },
  "33282": {
    "id": "33282",
    "name": "贸易站",
    "class": 3,
    "quality": 1,
    "type": 1,
    "sprite": "refrige1",
    "space": null,
    "addInterest": 3,
    "towerSprite": null,
    "attack": 13.866666666666669,
    "attRange": null,
    "attCD": null,
    "attStiff": null,
    "bulletID": null,
    "shoot_x": null,
    "shoot_y": null,
    "buyType": 0,
    "price": 15,
    "desc": "提高商人等级。商人等级+2",
    "leftBtn": "左键点击可放置在场景中",
    "rightBtn": "右键点击可三合一升星",
    "shootSound": "sound_shoot_gun",
    "skill": null,
    "useRange": null,
    "itemType": null,
    "itemSprite": null,
    "sellPrice": 10,
    "triggCon": null,
    "triggEffect": null,
    "effectVal": null,
    "effectChat": null,
    "effectDesc": null,
    "bunkerBuff": null,
    "artifact": 9182
  },
  "33283": {
    "id": "33283",
    "name": "贸易站",
    "class": 3,
    "quality": 1,
    "type": 1,
    "sprite": "refrige1",
    "space": null,
    "addInterest": 4,
    "towerSprite": null,
    "attack": 19.06666666666667,
    "attRange": null,
    "attCD": null,
    "attStiff": null,
    "bulletID": null,
    "shoot_x": null,
    "shoot_y": null,
    "buyType": 0,
    "price": 50,
    "desc": "提高商人等级。商人等级+3",
    "leftBtn": "左键点击可放置在场景中",
    "rightBtn": "已升至满级",
    "shootSound": "sound_shoot_gun",
    "skill": null,
    "useRange": null,
    "itemType": null,
    "itemSprite": null,
    "sellPrice": 15,
    "triggCon": null,
    "triggEffect": null,
    "effectVal": null,
    "effectChat": null,
    "effectDesc": null,
    "bunkerBuff": null,
    "artifact": 9183
  },
  "33291": {
    "id": "33291",
    "name": "大贸易站",
    "class": 3,
    "quality": 2,
    "type": 1,
    "sprite": "refrige2",
    "space": null,
    "addInterest": 3,
    "towerSprite": null,
    "attack": 13.866666666666669,
    "attRange": null,
    "attCD": null,
    "attStiff": null,
    "bulletID": null,
    "shoot_x": null,
    "shoot_y": null,
    "buyType": 0,
    "price": 15,
    "desc": "提高商人等级。商人等级+2",
    "leftBtn": "左键点击可放置在场景中",
    "rightBtn": "右键点击可三合一升星",
    "shootSound": "sound_shoot_gun",
    "skill": null,
    "useRange": null,
    "itemType": null,
    "itemSprite": null,
    "sellPrice": 10,
    "triggCon": null,
    "triggEffect": null,
    "effectVal": null,
    "effectChat": null,
    "effectDesc": null,
    "bunkerBuff": null,
    "artifact": 9182
  },
  "33292": {
    "id": "33292",
    "name": "大贸易站",
    "class": 3,
    "quality": 2,
    "type": 1,
    "sprite": "refrige2",
    "space": null,
    "addInterest": 4.5,
    "towerSprite": null,
    "attack": 22.18666666666667,
    "attRange": null,
    "attCD": null,
    "attStiff": null,
    "bulletID": null,
    "shoot_x": null,
    "shoot_y": null,
    "buyType": 0,
    "price": 45,
    "desc": "提高商人等级。商人等级+3",
    "leftBtn": "左键点击可放置在场景中",
    "rightBtn": "右键点击可三合一升星",
    "shootSound": "sound_shoot_gun",
    "skill": null,
    "useRange": null,
    "itemType": null,
    "itemSprite": null,
    "sellPrice": 20,
    "triggCon": null,
    "triggEffect": null,
    "effectVal": null,
    "effectChat": null,
    "effectDesc": null,
    "bunkerBuff": null,
    "artifact": 9183
  },
  "33293": {
    "id": "33293",
    "name": "大贸易站",
    "class": 3,
    "quality": 2,
    "type": 1,
    "sprite": "refrige2",
    "space": null,
    "addInterest": 6,
    "towerSprite": null,
    "attack": 30.50666666666667,
    "attRange": null,
    "attCD": null,
    "attStiff": null,
    "bulletID": null,
    "shoot_x": null,
    "shoot_y": null,
    "buyType": 0,
    "price": 150,
    "desc": "提高商人等级。商人等级+4",
    "leftBtn": "左键点击可放置在场景中",
    "rightBtn": "已升至满级",
    "shootSound": "sound_shoot_gun",
    "skill": null,
    "useRange": null,
    "itemType": null,
    "itemSprite": null,
    "sellPrice": 30,
    "triggCon": null,
    "triggEffect": null,
    "effectVal": null,
    "effectChat": null,
    "effectDesc": null,
    "bunkerBuff": null,
    "artifact": 9184
  },
  "33301": {
    "id": "33301",
    "name": "豪华贸易站",
    "class": 3,
    "quality": 3,
    "type": 1,
    "sprite": "refrige3",
    "space": null,
    "addInterest": 4,
    "towerSprite": null,
    "attack": 19.06666666666667,
    "attRange": null,
    "attCD": null,
    "attStiff": null,
    "bulletID": null,
    "shoot_x": null,
    "shoot_y": null,
    "buyType": 0,
    "price": 50,
    "desc": "提高商人等级。商人等级+3",
    "leftBtn": "左键点击可放置在场景中",
    "rightBtn": "右键点击可三合一升星",
    "shootSound": "sound_shoot_gun",
    "skill": null,
    "useRange": null,
    "itemType": null,
    "itemSprite": null,
    "sellPrice": 15,
    "triggCon": null,
    "triggEffect": null,
    "effectVal": null,
    "effectChat": null,
    "effectDesc": null,
    "bunkerBuff": null,
    "artifact": 9183
  },
  "33302": {
    "id": "33302",
    "name": "豪华贸易站",
    "class": 3,
    "quality": 3,
    "type": 1,
    "sprite": "refrige3",
    "space": null,
    "addInterest": 6,
    "towerSprite": null,
    "attack": 30.506666666666675,
    "attRange": null,
    "attCD": null,
    "attStiff": null,
    "bulletID": null,
    "shoot_x": null,
    "shoot_y": null,
    "buyType": 0,
    "price": 150,
    "desc": "提高商人等级。商人等级+4",
    "leftBtn": "左键点击可放置在场景中",
    "rightBtn": "右键点击可三合一升星",
    "shootSound": "sound_shoot_gun",
    "skill": null,
    "useRange": null,
    "itemType": null,
    "itemSprite": null,
    "sellPrice": 30,
    "triggCon": null,
    "triggEffect": null,
    "effectVal": null,
    "effectChat": null,
    "effectDesc": null,
    "bunkerBuff": null,
    "artifact": 9184
  },
  "33303": {
    "id": "33303",
    "name": "豪华贸易站",
    "class": 3,
    "quality": 3,
    "type": 1,
    "sprite": "refrige3",
    "space": null,
    "addInterest": 8,
    "towerSprite": null,
    "attack": 41.94666666666668,
    "attRange": null,
    "attCD": null,
    "attStiff": null,
    "bulletID": null,
    "shoot_x": null,
    "shoot_y": null,
    "buyType": 0,
    "price": 500,
    "desc": "提高商人等级。商人等级+5",
    "leftBtn": "左键点击可放置在场景中",
    "rightBtn": "已升至满级",
    "shootSound": "sound_shoot_gun",
    "skill": null,
    "useRange": null,
    "itemType": null,
    "itemSprite": null,
    "sellPrice": 45,
    "triggCon": null,
    "triggEffect": null,
    "effectVal": null,
    "effectChat": null,
    "effectDesc": null,
    "bunkerBuff": null,
    "artifact": 9185
  },
  "33311": {
    "id": "33311",
    "name": "储钱柜",
    "class": 3,
    "quality": 1,
    "type": 1,
    "sprite": "desk1",
    "space": null,
    "addInterest": 2,
    "towerSprite": null,
    "attack": 8.666666666666668,
    "attRange": null,
    "attCD": null,
    "attStiff": null,
    "bulletID": null,
    "shoot_x": null,
    "shoot_y": null,
    "buyType": 0,
    "price": 5,
    "desc": "多一份保障，多一份安心。每天准备阶段，可获得当前金钱10%的收入",
    "leftBtn": "左键点击可放置在场景中",
    "rightBtn": "右键点击可三合一升星",
    "shootSound": "sound_shoot_gun",
    "skill": null,
    "useRange": null,
    "itemType": null,
    "itemSprite": null,
    "sellPrice": 5,
    "triggCon": null,
    "triggEffect": null,
    "effectVal": null,
    "effectChat": null,
    "effectDesc": null,
    "bunkerBuff": null,
    "artifact": 9171
  },
  "33312": {
    "id": "33312",
    "name": "储钱柜",
    "class": 3,
    "quality": 1,
    "type": 1,
    "sprite": "desk1",
    "space": null,
    "addInterest": 3,
    "towerSprite": null,
    "attack": 13.866666666666669,
    "attRange": null,
    "attCD": null,
    "attStiff": null,
    "bulletID": null,
    "shoot_x": null,
    "shoot_y": null,
    "buyType": 0,
    "price": 15,
    "desc": "多一份保障，多一份安心。每天准备阶段，可获得当前金钱16%的收入",
    "leftBtn": "左键点击可放置在场景中",
    "rightBtn": "右键点击可三合一升星",
    "shootSound": "sound_shoot_gun",
    "skill": null,
    "useRange": null,
    "itemType": null,
    "itemSprite": null,
    "sellPrice": 10,
    "triggCon": null,
    "triggEffect": null,
    "effectVal": null,
    "effectChat": null,
    "effectDesc": null,
    "bunkerBuff": null,
    "artifact": 9172
  },
  "33313": {
    "id": "33313",
    "name": "储钱柜",
    "class": 3,
    "quality": 1,
    "type": 1,
    "sprite": "desk1",
    "space": null,
    "addInterest": 4,
    "towerSprite": null,
    "attack": 19.06666666666667,
    "attRange": null,
    "attCD": null,
    "attStiff": null,
    "bulletID": null,
    "shoot_x": null,
    "shoot_y": null,
    "buyType": 0,
    "price": 50,
    "desc": "多一份保障，多一份安心。每天准备阶段，可获得当前金钱22%的收入",
    "leftBtn": "左键点击可放置在场景中",
    "rightBtn": "已升至满级",
    "shootSound": "sound_shoot_gun",
    "skill": null,
    "useRange": null,
    "itemType": null,
    "itemSprite": null,
    "sellPrice": 15,
    "triggCon": null,
    "triggEffect": null,
    "effectVal": null,
    "effectChat": null,
    "effectDesc": null,
    "bunkerBuff": null,
    "artifact": 9173
  },
  "33321": {
    "id": "33321",
    "name": "建造公司",
    "class": 3,
    "quality": 1,
    "type": 1,
    "sprite": "oven1",
    "space": null,
    "addInterest": 2,
    "towerSprite": null,
    "attack": 8.666666666666668,
    "attRange": null,
    "attCD": null,
    "attStiff": null,
    "bulletID": null,
    "shoot_x": null,
    "shoot_y": null,
    "buyType": 0,
    "price": 5,
    "desc": "只为筑就美好未来。货架上限+2",
    "leftBtn": "左键点击可放置在场景中",
    "rightBtn": "右键点击可三合一升星",
    "shootSound": "sound_shoot_gun",
    "skill": null,
    "useRange": null,
    "itemType": null,
    "itemSprite": null,
    "sellPrice": 5,
    "triggCon": null,
    "triggEffect": null,
    "effectVal": null,
    "effectChat": null,
    "effectDesc": null,
    "bunkerBuff": null,
    "artifact": 9131
  },
  "33322": {
    "id": "33322",
    "name": "建造公司",
    "class": 3,
    "quality": 1,
    "type": 1,
    "sprite": "oven1",
    "space": null,
    "addInterest": 3,
    "towerSprite": null,
    "attack": 13.866666666666669,
    "attRange": null,
    "attCD": null,
    "attStiff": null,
    "bulletID": null,
    "shoot_x": null,
    "shoot_y": null,
    "buyType": 0,
    "price": 15,
    "desc": "只为筑就美好未来。货架上限+3",
    "leftBtn": "左键点击可放置在场景中",
    "rightBtn": "右键点击可三合一升星",
    "shootSound": "sound_shoot_gun",
    "skill": null,
    "useRange": null,
    "itemType": null,
    "itemSprite": null,
    "sellPrice": 10,
    "triggCon": null,
    "triggEffect": null,
    "effectVal": null,
    "effectChat": null,
    "effectDesc": null,
    "bunkerBuff": null,
    "artifact": 9132
  },
  "33323": {
    "id": "33323",
    "name": "建造公司",
    "class": 3,
    "quality": 1,
    "type": 1,
    "sprite": "oven1",
    "space": null,
    "addInterest": 4,
    "towerSprite": null,
    "attack": 19.06666666666667,
    "attRange": null,
    "attCD": null,
    "attStiff": null,
    "bulletID": null,
    "shoot_x": null,
    "shoot_y": null,
    "buyType": 0,
    "price": 50,
    "desc": "只为筑就美好未来。货架上限+4",
    "leftBtn": "左键点击可放置在场景中",
    "rightBtn": "已升至满级",
    "shootSound": "sound_shoot_gun",
    "skill": null,
    "useRange": null,
    "itemType": null,
    "itemSprite": null,
    "sellPrice": 15,
    "triggCon": null,
    "triggEffect": null,
    "effectVal": null,
    "effectChat": null,
    "effectDesc": null,
    "bunkerBuff": null,
    "artifact": 9133
  }
}