{
  "1": {
    "id": "1",
    "upCost": 5,
    "cusGroupMin": 201,
    "cusGroupMax": 207,
    "interestCoef": 2,
    "shelfMax": 3
  },
  "2": {
    "id": "2",
    "upCost": 10,
    "cusGroupMin": 201,
    "cusGroupMax": 207,
    "interestCoef": 3,
    "shelfMax": 3
  },
  "3": {
    "id": "3",
    "upCost": 20,
    "cusGroupMin": 201,
    "cusGroupMax": 207,
    "interestCoef": 4,
    "shelfMax": 3
  },
  "4": {
    "id": "4",
    "upCost": 40,
    "cusGroupMin": 201,
    "cusGroupMax": 207,
    "interestCoef": 5,
    "shelfMax": 3
  },
  "5": {
    "id": "5",
    "upCost": 50,
    "cusGroupMin": 201,
    "cusGroupMax": 207,
    "interestCoef": 6,
    "shelfMax": 3
  },
  "6": {
    "id": "6",
    "upCost": 80,
    "cusGroupMin": 201,
    "cusGroupMax": 207,
    "interestCoef": 7,
    "shelfMax": 3
  },
  "7": {
    "id": "7",
    "upCost": 100,
    "cusGroupMin": 201,
    "cusGroupMax": 207,
    "interestCoef": 8,
    "shelfMax": 3
  },
  "8": {
    "id": "8",
    "upCost": 130,
    "cusGroupMin": 201,
    "cusGroupMax": 207,
    "interestCoef": 9,
    "shelfMax": 3
  },
  "9": {
    "id": "9",
    "upCost": 170,
    "cusGroupMin": 201,
    "cusGroupMax": 207,
    "interestCoef": 10,
    "shelfMax": 3
  },
  "10": {
    "id": "10",
    "upCost": 200,
    "cusGroupMin": 201,
    "cusGroupMax": 207,
    "interestCoef": 11,
    "shelfMax": 3
  },
  "11": {
    "id": "11",
    "upCost": 250,
    "cusGroupMin": 201,
    "cusGroupMax": 207,
    "interestCoef": 12,
    "shelfMax": 3
  },
  "12": {
    "id": "12",
    "upCost": 290,
    "cusGroupMin": 201,
    "cusGroupMax": 207,
    "interestCoef": 13,
    "shelfMax": 3
  },
  "13": {
    "id": "13",
    "upCost": 340,
    "cusGroupMin": 201,
    "cusGroupMax": 207,
    "interestCoef": 14,
    "shelfMax": 3
  },
  "14": {
    "id": "14",
    "upCost": 400,
    "cusGroupMin": 201,
    "cusGroupMax": 207,
    "interestCoef": 15,
    "shelfMax": 3
  },
  "15": {
    "id": "15",
    "upCost": 450,
    "cusGroupMin": 201,
    "cusGroupMax": 207,
    "interestCoef": 16,
    "shelfMax": 3
  },
  "16": {
    "id": "16",
    "upCost": 520,
    "cusGroupMin": 201,
    "cusGroupMax": 207,
    "interestCoef": 17,
    "shelfMax": 3
  }
}