{
  "80011": {
    "id": "80011",
    "name": "战士普攻",
    "description": null,
    "popOutText": null,
    "energyCost": null,
    "effect": null,
    "castTime": null,
    "range": null,
    "CD": 1250,
    "prob": 1000,
    "duration": 400,
    "type": 1,
    "cycle": 0,
    "harmCoef": 1000,
    "moveTime": 200,
    "moveSpeed": 300,
    "moveDir": 1,
    "targetValidator": "",
    "casterValidator": "",
    "bullets": [
      {
        "bulletID": 949,
        "ejectTime": 100,
        "angle": 0
      }
    ]
  },
  "80021": {
    "id": "80021",
    "name": "冲锋",
    "description": null,
    "popOutText": null,
    "energyCost": null,
    "effect": [
      7013
    ],
    "castTime": null,
    "range": null,
    "CD": 6250,
    "prob": 1000,
    "duration": 2000,
    "type": null,
    "cycle": 1,
    "harmCoef": 1000,
    "moveTime": 1400,
    "moveSpeed": 400,
    "moveDir": 1,
    "targetValidator": "",
    "casterValidator": ""
  },
  "80031": {
    "id": "80031",
    "name": "短距冲锋",
    "description": null,
    "popOutText": null,
    "energyCost": null,
    "effect": null,
    "castTime": null,
    "range": null,
    "CD": 6250,
    "prob": 1000,
    "duration": 1200,
    "type": 1,
    "cycle": 1,
    "harmCoef": 1000,
    "moveTime": 500,
    "moveSpeed": 600,
    "moveDir": 1,
    "targetValidator": "",
    "casterValidator": ""
  },
  "80041": {
    "id": "80041",
    "name": "快速冲锋",
    "description": null,
    "popOutText": null,
    "energyCost": null,
    "effect": null,
    "castTime": null,
    "range": null,
    "CD": 6250,
    "prob": 1000,
    "duration": 2000,
    "type": 1,
    "cycle": 1,
    "harmCoef": 1000,
    "moveTime": 1000,
    "moveSpeed": 600,
    "moveDir": 1,
    "targetValidator": "",
    "casterValidator": ""
  },
  "80051": {
    "id": "80051",
    "name": "远程普攻",
    "description": null,
    "popOutText": null,
    "energyCost": null,
    "effect": null,
    "castTime": null,
    "range": null,
    "CD": 3750,
    "prob": 800,
    "duration": 800,
    "type": 2,
    "cycle": 0,
    "harmCoef": 1000,
    "moveTime": 0,
    "moveSpeed": 0,
    "moveDir": 0,
    "targetValidator": "",
    "casterValidator": "",
    "bullets": [
      {
        "bulletID": 941,
        "ejectTime": 100,
        "angle": 0
      }
    ]
  },
  "80061": {
    "id": "80061",
    "name": "后跳射击",
    "description": null,
    "popOutText": null,
    "energyCost": null,
    "effect": null,
    "castTime": null,
    "range": null,
    "CD": 6250,
    "prob": 1000,
    "duration": 1000,
    "type": 2,
    "cycle": 0,
    "harmCoef": 1000,
    "moveTime": 1000,
    "moveSpeed": 200,
    "moveDir": -1,
    "targetValidator": "",
    "casterValidator": "",
    "bullets": [
      {
        "bulletID": 949,
        "ejectTime": 100,
        "angle": 0
      },
      {
        "bulletID": 949,
        "ejectTime": 500,
        "angle": 15
      },
      {
        "bulletID": 949,
        "ejectTime": 500,
        "angle": -15
      }
    ]
  },
  "80071": {
    "id": "80071",
    "name": "减速攻击",
    "description": null,
    "popOutText": null,
    "energyCost": null,
    "effect": null,
    "castTime": null,
    "range": null,
    "CD": 6250,
    "prob": 800,
    "duration": 800,
    "type": 2,
    "cycle": 0,
    "harmCoef": 1000,
    "moveTime": 0,
    "moveSpeed": 0,
    "moveDir": 0,
    "targetValidator": "",
    "casterValidator": "",
    "bullets": [
      {
        "bulletID": 942,
        "ejectTime": 100,
        "angle": 0
      }
    ]
  },
  "80081": {
    "id": "80081",
    "name": "多重攻击",
    "description": "连续发射4个",
    "popOutText": null,
    "energyCost": null,
    "effect": null,
    "castTime": null,
    "range": null,
    "CD": 6250,
    "prob": 300,
    "duration": 1000,
    "type": 2,
    "cycle": 0,
    "harmCoef": 1000,
    "moveTime": 0,
    "moveSpeed": 0,
    "moveDir": 0,
    "targetValidator": "",
    "casterValidator": "",
    "bullets": [
      {
        "bulletID": 941,
        "ejectTime": 200,
        "angle": 0
      },
      {
        "bulletID": 941,
        "ejectTime": 300,
        "angle": 0
      },
      {
        "bulletID": 941,
        "ejectTime": 400,
        "angle": 0
      },
      {
        "bulletID": 941,
        "ejectTime": 500,
        "angle": 0
      }
    ]
  },
  "80091": {
    "id": "80091",
    "name": "散射攻击",
    "description": "发射3个扇形子弹",
    "popOutText": null,
    "energyCost": null,
    "effect": null,
    "castTime": null,
    "range": null,
    "CD": 10000,
    "prob": 300,
    "duration": 1000,
    "type": 2,
    "cycle": 0,
    "harmCoef": 1000,
    "moveTime": 0,
    "moveSpeed": 0,
    "moveDir": 0,
    "targetValidator": "",
    "casterValidator": "",
    "bullets": [
      {
        "bulletID": 941,
        "ejectTime": 100,
        "angle": 30
      },
      {
        "bulletID": 941,
        "ejectTime": 200,
        "angle": 0
      },
      {
        "bulletID": 941,
        "ejectTime": 300,
        "angle": -30
      }
    ]
  },
  "80101": {
    "id": "80101",
    "name": "强力击",
    "description": null,
    "popOutText": null,
    "energyCost": 30,
    "effect": [
      7001
    ],
    "castTime": null,
    "range": null,
    "CD": 2500,
    "prob": null,
    "duration": 100,
    "type": null,
    "cycle": null,
    "harmCoef": 1000,
    "moveTime": null,
    "moveSpeed": null,
    "moveDir": null,
    "targetValidator": "",
    "casterValidator": ""
  },
  "80111": {
    "id": "80111",
    "name": "小回复",
    "description": null,
    "popOutText": null,
    "energyCost": 20,
    "effect": [
      7002
    ],
    "castTime": 500,
    "range": null,
    "CD": 2500,
    "prob": null,
    "duration": 1000,
    "type": null,
    "cycle": null,
    "harmCoef": 1000,
    "moveTime": null,
    "moveSpeed": null,
    "moveDir": null,
    "targetValidator": "",
    "casterValidator": ""
  },
  "80121": {
    "id": "80121",
    "name": "闪电风暴",
    "description": null,
    "popOutText": null,
    "energyCost": 30,
    "effect": [
      7003
    ],
    "castTime": 200,
    "range": 300,
    "CD": 6250,
    "prob": null,
    "duration": 100,
    "type": null,
    "cycle": null,
    "harmCoef": 1000,
    "moveTime": null,
    "moveSpeed": null,
    "moveDir": null,
    "targetValidator": "",
    "casterValidator": ""
  },
  "80122": {
    "id": "80122",
    "name": "闪电风暴",
    "description": null,
    "popOutText": null,
    "energyCost": null,
    "effect": null,
    "castTime": null,
    "range": null,
    "CD": null,
    "prob": null,
    "duration": null,
    "type": null,
    "cycle": null,
    "harmCoef": "",
    "moveTime": null,
    "moveSpeed": null,
    "moveDir": null,
    "targetValidator": "",
    "casterValidator": ""
  },
  "80123": {
    "id": "80123",
    "name": "闪电风暴",
    "description": null,
    "popOutText": null,
    "energyCost": null,
    "effect": null,
    "castTime": null,
    "range": null,
    "CD": null,
    "prob": null,
    "duration": null,
    "type": null,
    "cycle": null,
    "harmCoef": "",
    "moveTime": null,
    "moveSpeed": null,
    "moveDir": null,
    "targetValidator": "",
    "casterValidator": ""
  },
  "80131": {
    "id": "80131",
    "name": "怪物自爆",
    "description": null,
    "popOutText": null,
    "energyCost": null,
    "effect": [
      7004,
      7005
    ],
    "castTime": 1000,
    "range": null,
    "CD": 3750,
    "prob": 1000,
    "duration": 1500,
    "type": null,
    "cycle": 0,
    "harmCoef": 1000,
    "moveTime": null,
    "moveSpeed": null,
    "moveDir": null,
    "targetValidator": "",
    "casterValidator": ""
  },
  "80141": {
    "id": "80141",
    "name": "家的温暖",
    "description": null,
    "popOutText": null,
    "energyCost": null,
    "effect": [
      7015,
      7016
    ],
    "castTime": null,
    "range": null,
    "CD": 16250,
    "prob": null,
    "duration": 500,
    "type": null,
    "cycle": null,
    "harmCoef": 1000,
    "moveTime": null,
    "moveSpeed": null,
    "moveDir": null,
    "targetValidator": "",
    "casterValidator": ""
  },
  "80151": {
    "id": "80151",
    "name": "撼地一击",
    "description": null,
    "popOutText": null,
    "energyCost": null,
    "effect": [
      7007
    ],
    "castTime": 800,
    "range": null,
    "CD": 10000,
    "prob": null,
    "duration": 2000,
    "type": null,
    "cycle": null,
    "harmCoef": 1000,
    "moveTime": null,
    "moveSpeed": null,
    "moveDir": null,
    "targetValidator": "",
    "casterValidator": ""
  },
  "80161": {
    "id": "80161",
    "name": "月夜",
    "description": null,
    "popOutText": null,
    "energyCost": null,
    "effect": [
      7008
    ],
    "castTime": 500,
    "range": null,
    "CD": 10000,
    "prob": null,
    "duration": 7000,
    "type": null,
    "cycle": null,
    "harmCoef": 1000,
    "moveTime": null,
    "moveSpeed": null,
    "moveDir": null,
    "targetValidator": "",
    "casterValidator": ""
  },
  "80171": {
    "id": "80171",
    "name": "闪电链",
    "description": null,
    "popOutText": null,
    "energyCost": 30,
    "effect": [
      7009,
      7010,
      7011
    ],
    "castTime": null,
    "range": null,
    "CD": 10000,
    "prob": null,
    "duration": 500,
    "type": null,
    "cycle": null,
    "harmCoef": 1000,
    "moveTime": null,
    "moveSpeed": null,
    "moveDir": null,
    "targetValidator": "",
    "casterValidator": ""
  },
  "80181": {
    "id": "80181",
    "name": "怪物手榴弹",
    "description": null,
    "popOutText": null,
    "energyCost": null,
    "effect": null,
    "castTime": null,
    "range": null,
    "CD": 2500,
    "prob": 1000,
    "duration": 2000,
    "type": 2,
    "cycle": 0,
    "harmCoef": 1000,
    "moveTime": null,
    "moveSpeed": null,
    "moveDir": null,
    "targetValidator": "",
    "casterValidator": "",
    "bullets": [
      {
        "bulletID": 999,
        "ejectTime": 1500,
        "angle": 0
      }
    ]
  },
  "80191": {
    "id": "80191",
    "name": "小护盾",
    "description": null,
    "popOutText": null,
    "energyCost": 30,
    "effect": [
      7017
    ],
    "castTime": null,
    "range": null,
    "CD": 2500,
    "prob": null,
    "duration": null,
    "type": null,
    "cycle": null,
    "harmCoef": 1000,
    "moveTime": null,
    "moveSpeed": null,
    "moveDir": null,
    "targetValidator": "",
    "casterValidator": ""
  },
  "80201": {
    "id": "80201",
    "name": "迷魂汤",
    "description": null,
    "popOutText": null,
    "energyCost": null,
    "effect": [
      7024
    ],
    "castTime": null,
    "range": null,
    "CD": 2500,
    "prob": null,
    "duration": null,
    "type": null,
    "cycle": null,
    "harmCoef": 1000,
    "moveTime": null,
    "moveSpeed": null,
    "moveDir": null,
    "targetValidator": "",
    "casterValidator": ""
  },
  "80211": {
    "id": "80211",
    "name": "麻醉一击",
    "description": null,
    "popOutText": null,
    "energyCost": 30,
    "effect": null,
    "castTime": null,
    "range": null,
    "CD": 2500,
    "prob": null,
    "duration": 500,
    "type": 2,
    "cycle": 0,
    "harmCoef": 1000,
    "moveTime": null,
    "moveSpeed": null,
    "moveDir": null,
    "targetValidator": "",
    "casterValidator": "",
    "bullets": [
      {
        "bulletID": 947,
        "ejectTime": 100,
        "angle": 0
      }
    ]
  },
  "80221": {
    "id": "80221",
    "name": "震撼弹",
    "description": null,
    "popOutText": null,
    "energyCost": 40,
    "effect": null,
    "castTime": null,
    "range": null,
    "CD": 2500,
    "prob": null,
    "duration": 500,
    "type": 2,
    "cycle": 0,
    "harmCoef": 1000,
    "moveTime": null,
    "moveSpeed": null,
    "moveDir": null,
    "targetValidator": "",
    "casterValidator": "",
    "bullets": [
      {
        "bulletID": 948,
        "ejectTime": 100,
        "angle": 0
      }
    ]
  },
  "80231": {
    "id": "80231",
    "name": "虹吸",
    "description": null,
    "popOutText": null,
    "energyCost": null,
    "effect": [
      7027
    ],
    "castTime": null,
    "range": null,
    "CD": 2500,
    "prob": null,
    "duration": 4500,
    "type": null,
    "cycle": null,
    "harmCoef": 1000,
    "moveTime": null,
    "moveSpeed": null,
    "moveDir": null,
    "targetValidator": "",
    "casterValidator": ""
  },
  "80241": {
    "id": "80241",
    "name": "领导力",
    "description": null,
    "popOutText": null,
    "energyCost": null,
    "effect": [
      7018
    ],
    "castTime": null,
    "range": null,
    "CD": 10000,
    "prob": 1000,
    "duration": 8000,
    "type": null,
    "cycle": null,
    "harmCoef": 1000,
    "moveTime": null,
    "moveSpeed": null,
    "moveDir": null,
    "targetValidator": "",
    "casterValidator": ""
  },
  "80251": {
    "id": "80251",
    "name": "过热/HotterThanHotter",
    "description": null,
    "popOutText": null,
    "energyCost": 1,
    "effect": [
      7019
    ],
    "castTime": null,
    "range": null,
    "CD": 10000,
    "prob": 1000,
    "duration": 100,
    "type": null,
    "cycle": null,
    "harmCoef": 1000,
    "moveTime": null,
    "moveSpeed": null,
    "moveDir": null,
    "targetValidator": "",
    "casterValidator": ""
  },
  "80261": {
    "id": "80261",
    "name": "龟派气功",
    "description": null,
    "popOutText": null,
    "energyCost": 40,
    "effect": null,
    "castTime": null,
    "range": null,
    "CD": 10000,
    "prob": 1000,
    "duration": 2000,
    "type": 2,
    "cycle": 0,
    "harmCoef": 1000,
    "moveTime": null,
    "moveSpeed": null,
    "moveDir": null,
    "targetValidator": "",
    "casterValidator": "",
    "bullets": [
      {
        "bulletID": 943,
        "ejectTime": 2000,
        "angle": 0
      }
    ]
  },
  "80271": {
    "id": "80271",
    "name": "人工降雨",
    "description": null,
    "popOutText": null,
    "energyCost": 40,
    "effect": [
      7021
    ],
    "castTime": null,
    "range": null,
    "CD": 10000,
    "prob": 1000,
    "duration": 100,
    "type": null,
    "cycle": null,
    "harmCoef": 1000,
    "moveTime": null,
    "moveSpeed": null,
    "moveDir": null,
    "targetValidator": "",
    "casterValidator": ""
  },
  "80281": {
    "id": "80281",
    "name": "人工降雨&怪物技能",
    "description": null,
    "popOutText": null,
    "energyCost": 1,
    "effect": [
      7022
    ],
    "castTime": null,
    "range": null,
    "CD": 10000,
    "prob": 500,
    "duration": 2000,
    "type": null,
    "cycle": null,
    "harmCoef": 1000,
    "moveTime": null,
    "moveSpeed": null,
    "moveDir": null,
    "targetValidator": "",
    "casterValidator": ""
  },
  "80291": {
    "id": "80291",
    "name": "冲刺，开始和结束时震开周围单位",
    "description": null,
    "popOutText": null,
    "energyCost": 40,
    "effect": [
      7023
    ],
    "castTime": null,
    "range": null,
    "CD": 6250,
    "prob": 1000,
    "duration": 600,
    "type": null,
    "cycle": null,
    "harmCoef": 1000,
    "moveTime": 600,
    "moveSpeed": 500,
    "moveDir": 2,
    "targetValidator": "",
    "casterValidator": ""
  },
  "80301": {
    "id": "80301",
    "name": "散弹枪",
    "description": null,
    "popOutText": null,
    "energyCost": null,
    "effect": null,
    "castTime": null,
    "range": null,
    "CD": 1250,
    "prob": 1000,
    "duration": 100,
    "type": 2,
    "cycle": 0,
    "harmCoef": 1000,
    "moveTime": null,
    "moveSpeed": null,
    "moveDir": null,
    "targetValidator": "",
    "casterValidator": "",
    "bullets": [
      {
        "bulletID": 944,
        "ejectTime": 50,
        "angle": 0
      },
      {
        "bulletID": 945,
        "ejectTime": 50,
        "angle": 15
      },
      {
        "bulletID": 945,
        "ejectTime": 50,
        "angle": -15
      },
      {
        "bulletID": 946,
        "ejectTime": 50,
        "angle": 40
      },
      {
        "bulletID": 946,
        "ejectTime": 50,
        "angle": -40
      }
    ]
  },
  "80311": {
    "id": "80311",
    "name": "撕毁货架标签购买",
    "description": null,
    "popOutText": null,
    "energyCost": null,
    "effect": null,
    "castTime": null,
    "range": null,
    "CD": 6250,
    "prob": 1000,
    "duration": null,
    "type": null,
    "cycle": null,
    "harmCoef": "",
    "moveTime": null,
    "moveSpeed": null,
    "moveDir": null,
    "targetValidator": 401,
    "casterValidator": ""
  },
  "80321": {
    "id": "80321",
    "name": "在货架附近放火，降低周围意愿值",
    "description": null,
    "popOutText": "一把火烧了这个破店",
    "energyCost": null,
    "effect": [
      7035,
      7047
    ],
    "castTime": null,
    "range": 100,
    "CD": 6250,
    "prob": 1000,
    "duration": 2000,
    "type": null,
    "cycle": null,
    "harmCoef": null,
    "moveTime": null,
    "moveSpeed": null,
    "moveDir": null,
    "targetValidator": 401,
    "casterValidator": 401
  },
  "80331": {
    "id": "80331",
    "name": "在顾客附近放火，降低周围意愿值",
    "description": null,
    "popOutText": "FFFFFF",
    "energyCost": null,
    "effect": [
      7035,
      7047
    ],
    "castTime": null,
    "range": 100,
    "CD": 6250,
    "prob": 1000,
    "duration": 2000,
    "type": null,
    "cycle": null,
    "harmCoef": null,
    "moveTime": null,
    "moveSpeed": null,
    "moveDir": null,
    "targetValidator": 402,
    "casterValidator": 402
  },
  "80341": {
    "id": "80341",
    "name": "降低货架50%售价",
    "description": null,
    "popOutText": "便宜点吧",
    "energyCost": null,
    "effect": [
      7036,
      7047
    ],
    "castTime": null,
    "range": 100,
    "CD": 6250,
    "prob": 1000,
    "duration": 2000,
    "type": null,
    "cycle": null,
    "harmCoef": null,
    "moveTime": null,
    "moveSpeed": null,
    "moveDir": null,
    "targetValidator": 401,
    "casterValidator": 401
  },
  "80351": {
    "id": "80351",
    "name": "降低货架购买几率",
    "description": null,
    "popOutText": "这个成色不行啊",
    "energyCost": null,
    "effect": [
      7037,
      7047
    ],
    "castTime": null,
    "range": 100,
    "CD": 6250,
    "prob": 1000,
    "duration": 2000,
    "type": null,
    "cycle": null,
    "harmCoef": null,
    "moveTime": null,
    "moveSpeed": null,
    "moveDir": null,
    "targetValidator": 401,
    "casterValidator": 401
  },
  "80361": {
    "id": "80361",
    "name": "禁止货架被光顾",
    "description": null,
    "popOutText": "都不许买",
    "energyCost": null,
    "effect": [
      7038,
      7047
    ],
    "castTime": null,
    "range": 100,
    "CD": 6250,
    "prob": 1000,
    "duration": 2000,
    "type": null,
    "cycle": null,
    "harmCoef": null,
    "moveTime": null,
    "moveSpeed": null,
    "moveDir": null,
    "targetValidator": 401,
    "casterValidator": 401
  },
  "80371": {
    "id": "80371",
    "name": "恢复货架",
    "description": "驱散货架负面buff",
    "popOutText": "芭娜娜魔法！恢复吧货架！",
    "energyCost": null,
    "effect": [
      7039
    ],
    "castTime": null,
    "range": 100,
    "CD": 1250,
    "prob": 1000,
    "duration": 2000,
    "type": null,
    "cycle": null,
    "harmCoef": "",
    "moveTime": null,
    "moveSpeed": null,
    "moveDir": null,
    "targetValidator": 401,
    "casterValidator": 401
  },
  "80372": {
    "id": "80372",
    "name": "恢复货架",
    "description": "驱散货架负面buff",
    "popOutText": "芭娜娜魔法！恢复吧货架！",
    "energyCost": null,
    "effect": [
      7039
    ],
    "castTime": null,
    "range": 100,
    "CD": 1250,
    "prob": 1000,
    "duration": 2000,
    "type": null,
    "cycle": null,
    "harmCoef": "",
    "moveTime": null,
    "moveSpeed": null,
    "moveDir": null,
    "targetValidator": 401,
    "casterValidator": 401
  },
  "80373": {
    "id": "80373",
    "name": "恢复货架",
    "description": "驱散货架负面buff",
    "popOutText": "芭娜娜魔法！恢复吧货架！",
    "energyCost": null,
    "effect": [
      7039
    ],
    "castTime": null,
    "range": 100,
    "CD": 1250,
    "prob": 1000,
    "duration": 2000,
    "type": null,
    "cycle": null,
    "harmCoef": "",
    "moveTime": null,
    "moveSpeed": null,
    "moveDir": null,
    "targetValidator": 401,
    "casterValidator": 401
  },
  "80374": {
    "id": "80374",
    "name": "恢复货架",
    "description": "驱散货架负面buff",
    "popOutText": "芭娜娜魔法！恢复吧货架！",
    "energyCost": null,
    "effect": [
      7039
    ],
    "castTime": null,
    "range": 100,
    "CD": 1250,
    "prob": 1000,
    "duration": 2000,
    "type": null,
    "cycle": null,
    "harmCoef": "",
    "moveTime": null,
    "moveSpeed": null,
    "moveDir": null,
    "targetValidator": 401,
    "casterValidator": 401
  },
  "80375": {
    "id": "80375",
    "name": "恢复货架",
    "description": "驱散货架负面buff",
    "popOutText": "芭娜娜魔法！恢复吧货架！",
    "energyCost": null,
    "effect": [
      7039
    ],
    "castTime": null,
    "range": 100,
    "CD": 1250,
    "prob": 1000,
    "duration": 2000,
    "type": null,
    "cycle": null,
    "harmCoef": "",
    "moveTime": null,
    "moveSpeed": null,
    "moveDir": null,
    "targetValidator": 401,
    "casterValidator": 401
  },
  "80381": {
    "id": "80381",
    "name": "拖地",
    "description": "驱散负面effect",
    "popOutText": "拖一拖地吧",
    "energyCost": null,
    "effect": [
      7040
    ],
    "castTime": null,
    "range": 100,
    "CD": 1250,
    "prob": 1000,
    "duration": 2000,
    "type": null,
    "cycle": null,
    "harmCoef": "",
    "moveTime": null,
    "moveSpeed": null,
    "moveDir": null,
    "targetValidator": 416,
    "casterValidator": 416
  },
  "80382": {
    "id": "80382",
    "name": "拖地",
    "description": "驱散负面effect",
    "popOutText": "拖一拖地吧",
    "energyCost": null,
    "effect": [
      7040
    ],
    "castTime": null,
    "range": 100,
    "CD": 1250,
    "prob": 1000,
    "duration": 2000,
    "type": null,
    "cycle": null,
    "harmCoef": "",
    "moveTime": null,
    "moveSpeed": null,
    "moveDir": null,
    "targetValidator": 416,
    "casterValidator": 416
  },
  "80383": {
    "id": "80383",
    "name": "拖地",
    "description": "驱散负面effect",
    "popOutText": "拖一拖地吧",
    "energyCost": null,
    "effect": [
      7040
    ],
    "castTime": null,
    "range": 100,
    "CD": 1250,
    "prob": 1000,
    "duration": 2000,
    "type": null,
    "cycle": null,
    "harmCoef": "",
    "moveTime": null,
    "moveSpeed": null,
    "moveDir": null,
    "targetValidator": 416,
    "casterValidator": 416
  },
  "80384": {
    "id": "80384",
    "name": "拖地",
    "description": "驱散负面effect",
    "popOutText": "拖一拖地吧",
    "energyCost": null,
    "effect": [
      7040
    ],
    "castTime": null,
    "range": 100,
    "CD": 1250,
    "prob": 1000,
    "duration": 2000,
    "type": null,
    "cycle": null,
    "harmCoef": "",
    "moveTime": null,
    "moveSpeed": null,
    "moveDir": null,
    "targetValidator": 416,
    "casterValidator": 416
  },
  "80385": {
    "id": "80385",
    "name": "拖地",
    "description": "驱散负面effect",
    "popOutText": "拖一拖地吧",
    "energyCost": null,
    "effect": [
      7040
    ],
    "castTime": null,
    "range": 100,
    "CD": 1250,
    "prob": 1000,
    "duration": 2000,
    "type": null,
    "cycle": null,
    "harmCoef": "",
    "moveTime": null,
    "moveSpeed": null,
    "moveDir": null,
    "targetValidator": 416,
    "casterValidator": 416
  },
  "80391": {
    "id": "80391",
    "name": "大扫除",
    "description": "驱散一片范围内的负面effect",
    "popOutText": "洗刷刷洗刷刷",
    "energyCost": null,
    "effect": null,
    "castTime": null,
    "range": null,
    "CD": 6250,
    "prob": 1000,
    "duration": 2000,
    "type": null,
    "cycle": null,
    "harmCoef": "",
    "moveTime": null,
    "moveSpeed": null,
    "moveDir": null,
    "targetValidator": 416,
    "casterValidator": 416
  },
  "80392": {
    "id": "80392",
    "name": "大扫除",
    "description": "驱散一片范围内的负面effect",
    "popOutText": "洗刷刷洗刷刷",
    "energyCost": null,
    "effect": null,
    "castTime": null,
    "range": null,
    "CD": 6250,
    "prob": 1000,
    "duration": 2000,
    "type": null,
    "cycle": null,
    "harmCoef": "",
    "moveTime": null,
    "moveSpeed": null,
    "moveDir": null,
    "targetValidator": 416,
    "casterValidator": 416
  },
  "80393": {
    "id": "80393",
    "name": "大扫除",
    "description": "驱散一片范围内的负面effect",
    "popOutText": "洗刷刷洗刷刷",
    "energyCost": null,
    "effect": null,
    "castTime": null,
    "range": null,
    "CD": 6250,
    "prob": 1000,
    "duration": 2000,
    "type": null,
    "cycle": null,
    "harmCoef": "",
    "moveTime": null,
    "moveSpeed": null,
    "moveDir": null,
    "targetValidator": 416,
    "casterValidator": 416
  },
  "80394": {
    "id": "80394",
    "name": "大扫除",
    "description": "驱散一片范围内的负面effect",
    "popOutText": "洗刷刷洗刷刷",
    "energyCost": null,
    "effect": null,
    "castTime": null,
    "range": null,
    "CD": 6250,
    "prob": 1000,
    "duration": 2000,
    "type": null,
    "cycle": null,
    "harmCoef": "",
    "moveTime": null,
    "moveSpeed": null,
    "moveDir": null,
    "targetValidator": 416,
    "casterValidator": 416
  },
  "80395": {
    "id": "80395",
    "name": "大扫除",
    "description": "驱散一片范围内的负面effect",
    "popOutText": "洗刷刷洗刷刷",
    "energyCost": null,
    "effect": null,
    "castTime": null,
    "range": null,
    "CD": 6250,
    "prob": 1000,
    "duration": 2000,
    "type": null,
    "cycle": null,
    "harmCoef": "",
    "moveTime": null,
    "moveSpeed": null,
    "moveDir": null,
    "targetValidator": 416,
    "casterValidator": 416
  },
  "80401": {
    "id": "80401",
    "name": "罚款",
    "description": "找捣乱过的顾客罚款",
    "popOutText": "捣了乱还想跑？！",
    "energyCost": null,
    "effect": [
      7051
    ],
    "castTime": null,
    "range": 50,
    "CD": 2500,
    "prob": 1000,
    "duration": 1000,
    "type": null,
    "cycle": null,
    "harmCoef": "",
    "moveTime": null,
    "moveSpeed": null,
    "moveDir": null,
    "targetValidator": 417,
    "casterValidator": 417
  },
  "80402": {
    "id": "80402",
    "name": "罚款",
    "description": "找捣乱过的顾客罚款",
    "popOutText": "捣了乱还想跑？！",
    "energyCost": null,
    "effect": [
      7052
    ],
    "castTime": null,
    "range": 50,
    "CD": 2500,
    "prob": 1000,
    "duration": 1000,
    "type": null,
    "cycle": null,
    "harmCoef": "",
    "moveTime": null,
    "moveSpeed": null,
    "moveDir": null,
    "targetValidator": 417,
    "casterValidator": 417
  },
  "80403": {
    "id": "80403",
    "name": "罚款",
    "description": "找捣乱过的顾客罚款",
    "popOutText": "捣了乱还想跑？！",
    "energyCost": null,
    "effect": [
      7053
    ],
    "castTime": null,
    "range": 50,
    "CD": 2500,
    "prob": 1000,
    "duration": 1000,
    "type": null,
    "cycle": null,
    "harmCoef": "",
    "moveTime": null,
    "moveSpeed": null,
    "moveDir": null,
    "targetValidator": 417,
    "casterValidator": 417
  },
  "80404": {
    "id": "80404",
    "name": "罚款",
    "description": "找捣乱过的顾客罚款",
    "popOutText": "捣了乱还想跑？！",
    "energyCost": null,
    "effect": [
      7054
    ],
    "castTime": null,
    "range": 50,
    "CD": 2500,
    "prob": 1000,
    "duration": 1000,
    "type": null,
    "cycle": null,
    "harmCoef": "",
    "moveTime": null,
    "moveSpeed": null,
    "moveDir": null,
    "targetValidator": 417,
    "casterValidator": 417
  },
  "80405": {
    "id": "80405",
    "name": "罚款",
    "description": "找捣乱过的顾客罚款",
    "popOutText": "捣了乱还想跑？！",
    "energyCost": null,
    "effect": [
      7055
    ],
    "castTime": null,
    "range": 50,
    "CD": 2500,
    "prob": 1000,
    "duration": 1000,
    "type": null,
    "cycle": null,
    "harmCoef": "",
    "moveTime": null,
    "moveSpeed": null,
    "moveDir": null,
    "targetValidator": 417,
    "casterValidator": 417
  },
  "80411": {
    "id": "80411",
    "name": "吆喝",
    "description": "提高特定货架售价",
    "popOutText": "老板最坏，给钱就卖!",
    "energyCost": null,
    "effect": null,
    "castTime": null,
    "range": null,
    "CD": 3750,
    "prob": 1000,
    "duration": 2000,
    "type": null,
    "cycle": null,
    "harmCoef": "",
    "moveTime": null,
    "moveSpeed": null,
    "moveDir": null,
    "targetValidator": 401,
    "casterValidator": 401
  },
  "80412": {
    "id": "80412",
    "name": "吆喝",
    "description": "提高特定货架售价",
    "popOutText": "老板最坏，给钱就卖!",
    "energyCost": null,
    "effect": null,
    "castTime": null,
    "range": null,
    "CD": 3750,
    "prob": 1000,
    "duration": 2000,
    "type": null,
    "cycle": null,
    "harmCoef": "",
    "moveTime": null,
    "moveSpeed": null,
    "moveDir": null,
    "targetValidator": 401,
    "casterValidator": 401
  },
  "80413": {
    "id": "80413",
    "name": "吆喝",
    "description": "提高特定货架售价",
    "popOutText": "老板最坏，给钱就卖!",
    "energyCost": null,
    "effect": null,
    "castTime": null,
    "range": null,
    "CD": 3750,
    "prob": 1000,
    "duration": 2000,
    "type": null,
    "cycle": null,
    "harmCoef": "",
    "moveTime": null,
    "moveSpeed": null,
    "moveDir": null,
    "targetValidator": 401,
    "casterValidator": 401
  },
  "80414": {
    "id": "80414",
    "name": "吆喝",
    "description": "提高特定货架售价",
    "popOutText": "老板最坏，给钱就卖!",
    "energyCost": null,
    "effect": null,
    "castTime": null,
    "range": null,
    "CD": 3750,
    "prob": 1000,
    "duration": 2000,
    "type": null,
    "cycle": null,
    "harmCoef": "",
    "moveTime": null,
    "moveSpeed": null,
    "moveDir": null,
    "targetValidator": 401,
    "casterValidator": 401
  },
  "80415": {
    "id": "80415",
    "name": "吆喝",
    "description": "提高特定货架售价",
    "popOutText": "老板最坏，给钱就卖!",
    "energyCost": null,
    "effect": null,
    "castTime": null,
    "range": null,
    "CD": 3750,
    "prob": 1000,
    "duration": 2000,
    "type": null,
    "cycle": null,
    "harmCoef": "",
    "moveTime": null,
    "moveSpeed": null,
    "moveDir": null,
    "targetValidator": 401,
    "casterValidator": 401
  },
  "80421": {
    "id": "80421",
    "name": "安利",
    "description": "提高额定货架出售几率",
    "popOutText": "感恩来袭，掀翻低价。",
    "energyCost": null,
    "effect": null,
    "castTime": null,
    "range": null,
    "CD": 3750,
    "prob": 1000,
    "duration": 2000,
    "type": null,
    "cycle": null,
    "harmCoef": "",
    "moveTime": null,
    "moveSpeed": null,
    "moveDir": null,
    "targetValidator": 401,
    "casterValidator": 401
  },
  "80422": {
    "id": "80422",
    "name": "安利",
    "description": "提高额定货架出售几率",
    "popOutText": "感恩来袭，掀翻低价。",
    "energyCost": null,
    "effect": null,
    "castTime": null,
    "range": null,
    "CD": 3750,
    "prob": 1000,
    "duration": 2000,
    "type": null,
    "cycle": null,
    "harmCoef": "",
    "moveTime": null,
    "moveSpeed": null,
    "moveDir": null,
    "targetValidator": 401,
    "casterValidator": 401
  },
  "80423": {
    "id": "80423",
    "name": "安利",
    "description": "提高额定货架出售几率",
    "popOutText": "感恩来袭，掀翻低价。",
    "energyCost": null,
    "effect": null,
    "castTime": null,
    "range": null,
    "CD": 3750,
    "prob": 1000,
    "duration": 2000,
    "type": null,
    "cycle": null,
    "harmCoef": "",
    "moveTime": null,
    "moveSpeed": null,
    "moveDir": null,
    "targetValidator": 401,
    "casterValidator": 401
  },
  "80424": {
    "id": "80424",
    "name": "安利",
    "description": "提高额定货架出售几率",
    "popOutText": "感恩来袭，掀翻低价。",
    "energyCost": null,
    "effect": null,
    "castTime": null,
    "range": null,
    "CD": 3750,
    "prob": 1000,
    "duration": 2000,
    "type": null,
    "cycle": null,
    "harmCoef": "",
    "moveTime": null,
    "moveSpeed": null,
    "moveDir": null,
    "targetValidator": 401,
    "casterValidator": 401
  },
  "80425": {
    "id": "80425",
    "name": "安利",
    "description": "提高额定货架出售几率",
    "popOutText": "感恩来袭，掀翻低价。",
    "energyCost": null,
    "effect": null,
    "castTime": null,
    "range": null,
    "CD": 3750,
    "prob": 1000,
    "duration": 2000,
    "type": null,
    "cycle": null,
    "harmCoef": "",
    "moveTime": null,
    "moveSpeed": null,
    "moveDir": null,
    "targetValidator": 401,
    "casterValidator": 401
  },
  "80431": {
    "id": "80431",
    "name": "大吆喝",
    "description": "提高附近所有货架售价",
    "popOutText": "你来我就给，进店就有礼。",
    "energyCost": null,
    "effect": null,
    "castTime": null,
    "range": null,
    "CD": 3750,
    "prob": 1000,
    "duration": 2000,
    "type": null,
    "cycle": null,
    "harmCoef": "",
    "moveTime": null,
    "moveSpeed": null,
    "moveDir": null,
    "targetValidator": 401,
    "casterValidator": 401
  },
  "80432": {
    "id": "80432",
    "name": "大吆喝",
    "description": "提高附近所有货架售价",
    "popOutText": "你来我就给，进店就有礼。",
    "energyCost": null,
    "effect": null,
    "castTime": null,
    "range": null,
    "CD": 3750,
    "prob": 1000,
    "duration": 2000,
    "type": null,
    "cycle": null,
    "harmCoef": "",
    "moveTime": null,
    "moveSpeed": null,
    "moveDir": null,
    "targetValidator": 401,
    "casterValidator": 401
  },
  "80433": {
    "id": "80433",
    "name": "大吆喝",
    "description": "提高附近所有货架售价",
    "popOutText": "你来我就给，进店就有礼。",
    "energyCost": null,
    "effect": null,
    "castTime": null,
    "range": null,
    "CD": 3750,
    "prob": 1000,
    "duration": 2000,
    "type": null,
    "cycle": null,
    "harmCoef": "",
    "moveTime": null,
    "moveSpeed": null,
    "moveDir": null,
    "targetValidator": 401,
    "casterValidator": 401
  },
  "80434": {
    "id": "80434",
    "name": "大吆喝",
    "description": "提高附近所有货架售价",
    "popOutText": "你来我就给，进店就有礼。",
    "energyCost": null,
    "effect": null,
    "castTime": null,
    "range": null,
    "CD": 3750,
    "prob": 1000,
    "duration": 2000,
    "type": null,
    "cycle": null,
    "harmCoef": "",
    "moveTime": null,
    "moveSpeed": null,
    "moveDir": null,
    "targetValidator": 401,
    "casterValidator": 401
  },
  "80435": {
    "id": "80435",
    "name": "大吆喝",
    "description": "提高附近所有货架售价",
    "popOutText": "你来我就给，进店就有礼。",
    "energyCost": null,
    "effect": null,
    "castTime": null,
    "range": null,
    "CD": 3750,
    "prob": 1000,
    "duration": 2000,
    "type": null,
    "cycle": null,
    "harmCoef": "",
    "moveTime": null,
    "moveSpeed": null,
    "moveDir": null,
    "targetValidator": 401,
    "casterValidator": 401
  },
  "80441": {
    "id": "80441",
    "name": "传销",
    "description": "提高顾客意愿值",
    "popOutText": "新的带回家，满意传万家。",
    "energyCost": null,
    "effect": [
      7056
    ],
    "castTime": null,
    "range": 50,
    "CD": 3750,
    "prob": 1000,
    "duration": 3000,
    "type": null,
    "cycle": null,
    "harmCoef": "",
    "moveTime": null,
    "moveSpeed": null,
    "moveDir": null,
    "targetValidator": 402,
    "casterValidator": 402
  },
  "80442": {
    "id": "80442",
    "name": "传销",
    "description": "提高顾客意愿值",
    "popOutText": "新的带回家，满意传万家。",
    "energyCost": null,
    "effect": [
      7057
    ],
    "castTime": null,
    "range": 50,
    "CD": 3750,
    "prob": 1000,
    "duration": 3000,
    "type": null,
    "cycle": null,
    "harmCoef": "",
    "moveTime": null,
    "moveSpeed": null,
    "moveDir": null,
    "targetValidator": 402,
    "casterValidator": 402
  },
  "80443": {
    "id": "80443",
    "name": "传销",
    "description": "提高顾客意愿值",
    "popOutText": "新的带回家，满意传万家。",
    "energyCost": null,
    "effect": [
      7058
    ],
    "castTime": null,
    "range": 50,
    "CD": 3750,
    "prob": 1000,
    "duration": 3000,
    "type": null,
    "cycle": null,
    "harmCoef": "",
    "moveTime": null,
    "moveSpeed": null,
    "moveDir": null,
    "targetValidator": 402,
    "casterValidator": 402
  },
  "80444": {
    "id": "80444",
    "name": "传销",
    "description": "提高顾客意愿值",
    "popOutText": "新的带回家，满意传万家。",
    "energyCost": null,
    "effect": [
      7059
    ],
    "castTime": null,
    "range": 50,
    "CD": 3750,
    "prob": 1000,
    "duration": 3000,
    "type": null,
    "cycle": null,
    "harmCoef": "",
    "moveTime": null,
    "moveSpeed": null,
    "moveDir": null,
    "targetValidator": 402,
    "casterValidator": 402
  },
  "80445": {
    "id": "80445",
    "name": "传销",
    "description": "提高顾客意愿值",
    "popOutText": "新的带回家，满意传万家。",
    "energyCost": null,
    "effect": [
      7060
    ],
    "castTime": null,
    "range": 50,
    "CD": 3750,
    "prob": 1000,
    "duration": 3000,
    "type": null,
    "cycle": null,
    "harmCoef": "",
    "moveTime": null,
    "moveSpeed": null,
    "moveDir": null,
    "targetValidator": 402,
    "casterValidator": 402
  },
  "80451": {
    "id": "80451",
    "name": "跳楼大甩卖",
    "description": "提高附近所有货架出售几率",
    "popOutText": "双十一，好开心，亲的到来我欢欣!",
    "energyCost": null,
    "effect": null,
    "castTime": null,
    "range": null,
    "CD": 3750,
    "prob": 1000,
    "duration": 2000,
    "type": null,
    "cycle": null,
    "harmCoef": "",
    "moveTime": null,
    "moveSpeed": null,
    "moveDir": null,
    "targetValidator": 401,
    "casterValidator": 401
  },
  "80452": {
    "id": "80452",
    "name": "跳楼大甩卖",
    "description": "提高附近所有货架出售几率",
    "popOutText": "双十一，好开心，亲的到来我欢欣!",
    "energyCost": null,
    "effect": null,
    "castTime": null,
    "range": null,
    "CD": 3750,
    "prob": 1000,
    "duration": 2000,
    "type": null,
    "cycle": null,
    "harmCoef": "",
    "moveTime": null,
    "moveSpeed": null,
    "moveDir": null,
    "targetValidator": 401,
    "casterValidator": 401
  },
  "80453": {
    "id": "80453",
    "name": "跳楼大甩卖",
    "description": "提高附近所有货架出售几率",
    "popOutText": "双十一，好开心，亲的到来我欢欣!",
    "energyCost": null,
    "effect": null,
    "castTime": null,
    "range": null,
    "CD": 3750,
    "prob": 1000,
    "duration": 2000,
    "type": null,
    "cycle": null,
    "harmCoef": "",
    "moveTime": null,
    "moveSpeed": null,
    "moveDir": null,
    "targetValidator": 401,
    "casterValidator": 401
  },
  "80454": {
    "id": "80454",
    "name": "跳楼大甩卖",
    "description": "提高附近所有货架出售几率",
    "popOutText": "双十一，好开心，亲的到来我欢欣!",
    "energyCost": null,
    "effect": null,
    "castTime": null,
    "range": null,
    "CD": 3750,
    "prob": 1000,
    "duration": 2000,
    "type": null,
    "cycle": null,
    "harmCoef": "",
    "moveTime": null,
    "moveSpeed": null,
    "moveDir": null,
    "targetValidator": 401,
    "casterValidator": 401
  },
  "80455": {
    "id": "80455",
    "name": "跳楼大甩卖",
    "description": "提高附近所有货架出售几率",
    "popOutText": "双十一，好开心，亲的到来我欢欣!",
    "energyCost": null,
    "effect": null,
    "castTime": null,
    "range": null,
    "CD": 3750,
    "prob": 1000,
    "duration": 2000,
    "type": null,
    "cycle": null,
    "harmCoef": "",
    "moveTime": null,
    "moveSpeed": null,
    "moveDir": null,
    "targetValidator": 401,
    "casterValidator": 401
  },
  "80461": {
    "id": "80461",
    "name": "连续发射",
    "description": "连续快速发射一串子弹",
    "popOutText": "小心心发射~biu",
    "energyCost": 40,
    "effect": null,
    "castTime": null,
    "range": null,
    "CD": 2500,
    "prob": null,
    "duration": 500,
    "type": 2,
    "cycle": 0,
    "harmCoef": 500,
    "moveTime": null,
    "moveSpeed": null,
    "moveDir": null,
    "targetValidator": "",
    "casterValidator": "",
    "bullets": [
      {
        "bulletID": 933,
        "ejectTime": 0,
        "angle": 0
      },
      {
        "bulletID": 933,
        "ejectTime": 100,
        "angle": 0
      },
      {
        "bulletID": 933,
        "ejectTime": 200,
        "angle": 0
      }
    ]
  },
  "80462": {
    "id": "80462",
    "name": "连续发射",
    "description": "连续快速发射一串子弹",
    "popOutText": "小心心发射~biu",
    "energyCost": 40,
    "effect": null,
    "castTime": null,
    "range": null,
    "CD": 2500,
    "prob": null,
    "duration": 500,
    "type": 2,
    "cycle": 0,
    "harmCoef": 1000,
    "moveTime": null,
    "moveSpeed": null,
    "moveDir": null,
    "targetValidator": "",
    "casterValidator": "",
    "bullets": [
      {
        "bulletID": 933,
        "ejectTime": 0,
        "angle": 0
      },
      {
        "bulletID": 933,
        "ejectTime": 75,
        "angle": 0
      },
      {
        "bulletID": 933,
        "ejectTime": 150,
        "angle": 0
      },
      {
        "bulletID": 933,
        "ejectTime": 225,
        "angle": 0
      }
    ]
  },
  "80463": {
    "id": "80463",
    "name": "连续发射",
    "description": "连续快速发射一串子弹",
    "popOutText": "小心心发射~biu",
    "energyCost": 40,
    "effect": null,
    "castTime": null,
    "range": null,
    "CD": 2500,
    "prob": null,
    "duration": 500,
    "type": 2,
    "cycle": 0,
    "harmCoef": 2000,
    "moveTime": null,
    "moveSpeed": null,
    "moveDir": null,
    "targetValidator": "",
    "casterValidator": "",
    "bullets": [
      {
        "bulletID": 933,
        "ejectTime": 0,
        "angle": 0
      },
      {
        "bulletID": 933,
        "ejectTime": 50,
        "angle": 0
      },
      {
        "bulletID": 933,
        "ejectTime": 100,
        "angle": 0
      },
      {
        "bulletID": 933,
        "ejectTime": 150,
        "angle": 0
      },
      {
        "bulletID": 933,
        "ejectTime": 200,
        "angle": 0
      }
    ]
  },
  "80471": {
    "id": "80471",
    "name": "穿云箭",
    "description": "可以打晕击中的敌人，带击穿效果",
    "popOutText": null,
    "energyCost": 40,
    "effect": null,
    "castTime": null,
    "range": null,
    "CD": 2500,
    "prob": null,
    "duration": 500,
    "type": 2,
    "cycle": 0,
    "harmCoef": 500,
    "moveTime": null,
    "moveSpeed": null,
    "moveDir": null,
    "targetValidator": "",
    "casterValidator": "",
    "bullets": [
      {
        "bulletID": 951,
        "ejectTime": 0,
        "angle": 0
      }
    ]
  },
  "80472": {
    "id": "80472",
    "name": "穿云箭",
    "description": "可以打晕击中的敌人，带击穿效果",
    "popOutText": null,
    "energyCost": 40,
    "effect": null,
    "castTime": null,
    "range": null,
    "CD": 2500,
    "prob": null,
    "duration": 500,
    "type": 2,
    "cycle": 0,
    "harmCoef": 1000,
    "moveTime": null,
    "moveSpeed": null,
    "moveDir": null,
    "targetValidator": "",
    "casterValidator": "",
    "bullets": [
      {
        "bulletID": 952,
        "ejectTime": 0,
        "angle": 0
      }
    ]
  },
  "80473": {
    "id": "80473",
    "name": "穿云箭",
    "description": "可以打晕击中的敌人，带击穿效果",
    "popOutText": null,
    "energyCost": 40,
    "effect": null,
    "castTime": null,
    "range": null,
    "CD": 2500,
    "prob": null,
    "duration": 500,
    "type": 2,
    "cycle": 0,
    "harmCoef": 2000,
    "moveTime": null,
    "moveSpeed": null,
    "moveDir": null,
    "targetValidator": "",
    "casterValidator": "",
    "bullets": [
      {
        "bulletID": 953,
        "ejectTime": 0,
        "angle": 0
      }
    ]
  },
  "80481": {
    "id": "80481",
    "name": "安放炸药",
    "description": "AOE伤害",
    "popOutText": null,
    "energyCost": 40,
    "effect": [
      7048
    ],
    "castTime": null,
    "range": null,
    "CD": 6250,
    "prob": null,
    "duration": 500,
    "type": null,
    "cycle": null,
    "harmCoef": 1000,
    "moveTime": null,
    "moveSpeed": null,
    "moveDir": null,
    "targetValidator": "",
    "casterValidator": ""
  },
  "80482": {
    "id": "80482",
    "name": "安放炸药",
    "description": "AOE伤害",
    "popOutText": null,
    "energyCost": 40,
    "effect": [
      7049
    ],
    "castTime": null,
    "range": null,
    "CD": 6250,
    "prob": null,
    "duration": 500,
    "type": null,
    "cycle": null,
    "harmCoef": 1000,
    "moveTime": null,
    "moveSpeed": null,
    "moveDir": null,
    "targetValidator": "",
    "casterValidator": ""
  },
  "80483": {
    "id": "80483",
    "name": "安放炸药",
    "description": "AOE伤害",
    "popOutText": null,
    "energyCost": 40,
    "effect": [
      7050
    ],
    "castTime": null,
    "range": null,
    "CD": 6250,
    "prob": null,
    "duration": 500,
    "type": null,
    "cycle": null,
    "harmCoef": 1000,
    "moveTime": null,
    "moveSpeed": null,
    "moveDir": null,
    "targetValidator": "",
    "casterValidator": ""
  },
  "80491": {
    "id": "80491",
    "name": "冰封陵墓",
    "description": "将目标点附近的敌人冰封",
    "popOutText": null,
    "energyCost": 40,
    "effect": [
      7044
    ],
    "castTime": null,
    "range": null,
    "CD": 2500,
    "prob": null,
    "duration": 500,
    "type": null,
    "cycle": null,
    "harmCoef": 1000,
    "moveTime": null,
    "moveSpeed": null,
    "moveDir": null,
    "targetValidator": "",
    "casterValidator": ""
  },
  "80492": {
    "id": "80492",
    "name": "冰封陵墓",
    "description": "将目标点附近的敌人冰封",
    "popOutText": null,
    "energyCost": 40,
    "effect": [
      7045
    ],
    "castTime": null,
    "range": null,
    "CD": 2500,
    "prob": null,
    "duration": 500,
    "type": null,
    "cycle": null,
    "harmCoef": 1000,
    "moveTime": null,
    "moveSpeed": null,
    "moveDir": null,
    "targetValidator": "",
    "casterValidator": ""
  },
  "80493": {
    "id": "80493",
    "name": "冰封陵墓",
    "description": "将目标点附近的敌人冰封",
    "popOutText": null,
    "energyCost": 40,
    "effect": [
      7046
    ],
    "castTime": null,
    "range": null,
    "CD": 2500,
    "prob": null,
    "duration": 500,
    "type": null,
    "cycle": null,
    "harmCoef": 1000,
    "moveTime": null,
    "moveSpeed": null,
    "moveDir": null,
    "targetValidator": "",
    "casterValidator": ""
  },
  "80501": {
    "id": "80501",
    "name": "抛射",
    "description": "抛射火力",
    "popOutText": null,
    "energyCost": null,
    "effect": null,
    "castTime": null,
    "range": null,
    "CD": 3750,
    "prob": 1000,
    "duration": 1000,
    "type": null,
    "cycle": null,
    "harmCoef": 1000,
    "moveTime": null,
    "moveSpeed": null,
    "moveDir": null,
    "targetValidator": "",
    "casterValidator": "",
    "bullets": [
      {
        "bulletID": 950,
        "ejectTime": 0,
        "angle": 0
      }
    ]
  }
}