{
  "1": {
    "1": 950,
    "2": 50,
    "3": 0,
    "4": 0,
    "5": 0,
    "id": "1",
    "refreshCost": 1
  },
  "2": {
    "1": 880,
    "2": 100,
    "3": 20,
    "4": 0,
    "5": 0,
    "id": "2",
    "refreshCost": 2
  },
  "3": {
    "1": 810,
    "2": 150,
    "3": 40,
    "4": 0,
    "5": 0,
    "id": "3",
    "refreshCost": 3
  },
  "4": {
    "1": 740,
    "2": 200,
    "3": 60,
    "4": 0,
    "5": 0,
    "id": "4",
    "refreshCost": 5
  },
  "5": {
    "1": 670,
    "2": 250,
    "3": 80,
    "4": 0,
    "5": 0,
    "id": "5",
    "refreshCost": 8
  },
  "6": {
    "1": 600,
    "2": 300,
    "3": 100,
    "4": 0,
    "5": 0,
    "id": "6",
    "refreshCost": 10
  },
  "7": {
    "1": 530,
    "2": 350,
    "3": 120,
    "4": 0,
    "5": 0,
    "id": "7",
    "refreshCost": 13
  },
  "8": {
    "1": 460,
    "2": 400,
    "3": 140,
    "4": 0,
    "5": 0,
    "id": "8",
    "refreshCost": 17
  },
  "9": {
    "1": 390,
    "2": 450,
    "3": 160,
    "4": 0,
    "5": 0,
    "id": "9",
    "refreshCost": 21
  },
  "10": {
    "1": 320,
    "2": 500,
    "3": 180,
    "4": 0,
    "5": 0,
    "id": "10",
    "refreshCost": 25
  }
}