{
  "player": {
    "id": "player",
    "emptyAttribute": {
      "emptyOperator": "emptyValue"
    },
    "nearest": {
      "emptyOperator": "emptyValue"
    },
    "distance": {
      "=": "number",
      "==": "number",
      "!=": "number",
      ">": "number",
      ">=": "number",
      "<": "number",
      "<=": "number"
    },
    "buff": {
      "have": "number",
      "notHave": "number"
    },
    "hpPercent": {
      "=": "number",
      "==": "number",
      "!=": "number",
      ">": "number",
      ">=": "number",
      "<": "number",
      "<=": "number"
    },
    "interest": null,
    "time": null,
    "checked_shelf_num": null,
    "buyed_num": null
  },
  "shelf": {
    "id": "shelf",
    "emptyAttribute": {
      "emptyOperator": "emptyValue"
    },
    "nearest": {
      "emptyOperator": "emptyValue"
    },
    "distance": {
      "=": "number",
      "==": "number",
      "!=": "number",
      ">": "number",
      ">=": "number",
      "<": "number",
      "<=": "number"
    },
    "buff": {
      "have": "number",
      "notHave": "number"
    },
    "hpPercent": null,
    "interest": null,
    "time": null,
    "checked_shelf_num": null,
    "buyed_num": null
  },
  "employee": {
    "id": "employee",
    "emptyAttribute": {
      "emptyOperator": "emptyValue"
    },
    "nearest": {
      "emptyOperator": "emptyValue"
    },
    "distance": {
      "=": "number",
      "==": "number",
      "!=": "number",
      ">": "number",
      ">=": "number",
      "<": "number",
      "<=": "number"
    },
    "buff": {
      "have": "number",
      "notHave": "number"
    },
    "hpPercent": null,
    "interest": null,
    "time": null,
    "checked_shelf_num": null,
    "buyed_num": null
  },
  "customer": {
    "id": "customer",
    "emptyAttribute": {
      "emptyOperator": "emptyValue"
    },
    "nearest": {
      "emptyOperator": "emptyValue"
    },
    "distance": {
      "=": "number",
      "==": "number",
      "!=": "number",
      ">": "number",
      ">=": "number",
      "<": "number",
      "<=": "number"
    },
    "buff": {
      "have": "number",
      "notHave": "number"
    },
    "hpPercent": null,
    "interest": {
      "=": "number",
      "==": "number",
      "!=": "number",
      ">": "number",
      ">=": "number",
      "<": "number",
      "<=": "number"
    },
    "time": {
      "=": "number",
      "==": "number",
      "!=": "number",
      ">": "number",
      ">=": "number",
      "<": "number",
      "<=": "number"
    },
    "checked_shelf_num": {
      "=": "number",
      "==": "number",
      "!=": "number",
      ">": "number",
      ">=": "number",
      "<": "number",
      "<=": "number"
    },
    "buyed_num": {
      "=": "number",
      "==": "number",
      "!=": "number",
      ">": "number",
      ">=": "number",
      "<": "number",
      "<=": "number"
    }
  },
  "monster": {
    "id": "monster",
    "emptyAttribute": {
      "emptyOperator": "emptyValue"
    },
    "nearest": {
      "emptyOperator": "emptyValue"
    },
    "distance": {
      "=": "number",
      "==": "number",
      "!=": "number",
      ">": "number",
      ">=": "number",
      "<": "number",
      "<=": "number"
    },
    "buff": {
      "have": "number",
      "notHave": "number"
    },
    "hpPercent": {
      "=": "number",
      "==": "number",
      "!=": "number",
      ">": "number",
      ">=": "number",
      "<": "number",
      "<=": "number"
    },
    "interest": null,
    "time": null,
    "checked_shelf_num": null,
    "buyed_num": null
  },
  "effect": {
    "id": "effect",
    "emptyAttribute": {
      "emptyOperator": "emptyValue"
    },
    "nearest": {
      "emptyOperator": "emptyValue"
    },
    "distance": {
      "=": "number",
      "==": "number",
      "!=": "number",
      ">": "number",
      ">=": "number",
      "<": "number",
      "<=": "number"
    },
    "buff": null,
    "hpPercent": null,
    "interest": null,
    "time": null,
    "checked_shelf_num": null,
    "buyed_num": null
  },
  "null": {
    "id": null,
    "emptyAttribute": null,
    "nearest": null,
    "distance": null,
    "buff": null,
    "hpPercent": null,
    "interest": null,
    "time": null,
    "checked_shelf_num": null,
    "buyed_num": null
  }
}