{
  "401": {
    "id": "401",
    "type": "shelf",
    "containSelf": null,
    "attribute": null,
    "attributeOperator": null,
    "attributeValue": null,
    "listOperator": null,
    "listValue": null
  },
  "402": {
    "id": "402",
    "type": "customer",
    "containSelf": null,
    "attribute": null,
    "attributeOperator": null,
    "attributeValue": null,
    "listOperator": null,
    "listValue": null
  },
  "403": {
    "id": "403",
    "type": "employee",
    "containSelf": null,
    "attribute": "distance",
    "attributeOperator": "<=",
    "attributeValue": 300,
    "listOperator": null,
    "listValue": null
  },
  "404": {
    "id": "404",
    "type": "shelf",
    "containSelf": null,
    "attribute": "distance",
    "attributeOperator": "<=",
    "attributeValue": 300,
    "listOperator": ">=",
    "listValue": 2
  },
  "405": {
    "id": "405",
    "type": "customer",
    "containSelf": 0,
    "attribute": "distance",
    "attributeOperator": "<=",
    "attributeValue": 200,
    "listOperator": ">",
    "listValue": 3
  },
  "406": {
    "id": "406",
    "type": "self",
    "containSelf": null,
    "attribute": "hpPercent",
    "attributeOperator": "<",
    "attributeValue": 400,
    "listOperator": null,
    "listValue": null
  },
  "407": {
    "id": "407",
    "type": "player",
    "containSelf": null,
    "attribute": "buff",
    "attributeOperator": "have",
    "attributeValue": 80001,
    "listOperator": ">",
    "listValue": 1
  },
  "408": {
    "id": "408",
    "type": "player",
    "containSelf": null,
    "attribute": "distance",
    "attributeOperator": "<=",
    "attributeValue": 300,
    "listOperator": "==",
    "listValue": 0
  },
  "409": {
    "id": "409",
    "type": "shelf",
    "containSelf": null,
    "attribute": "buff",
    "attributeOperator": "notHave",
    "attributeValue": 80002,
    "listOperator": ">",
    "listValue": 0
  },
  "410": {
    "id": "410",
    "type": "self",
    "containSelf": null,
    "attribute": null,
    "attributeOperator": null,
    "attributeValue": null,
    "listOperator": null,
    "listValue": null
  },
  "411": {
    "id": "411",
    "type": "shelf",
    "containSelf": null,
    "attribute": "nearest",
    "attributeOperator": null,
    "attributeValue": null,
    "listOperator": null,
    "listValue": null
  },
  "412": {
    "id": "412",
    "type": "customer",
    "containSelf": null,
    "attribute": "interest",
    "attributeOperator": ">",
    "attributeValue": 0,
    "listOperator": null,
    "listValue": null
  },
  "413": {
    "id": "413",
    "type": "customer",
    "containSelf": null,
    "attribute": "time",
    "attributeOperator": ">",
    "attributeValue": 2000,
    "listOperator": null,
    "listValue": null
  },
  "414": {
    "id": "414",
    "type": "customer",
    "containSelf": null,
    "attribute": "checked_shelf_num",
    "attributeOperator": ">",
    "attributeValue": 0,
    "listOperator": null,
    "listValue": null
  },
  "415": {
    "id": "415",
    "type": "customer",
    "containSelf": null,
    "attribute": "buyed_num",
    "attributeOperator": ">",
    "attributeValue": 0,
    "listOperator": null,
    "listValue": null
  },
  "416": {
    "id": "416",
    "type": "effect",
    "containSelf": null,
    "attribute": null,
    "attributeOperator": null,
    "attributeValue": null,
    "listOperator": ">=",
    "listValue": 1
  },
  "417": {
    "id": "417",
    "type": "customer",
    "containSelf": null,
    "attribute": "buff",
    "attributeOperator": "have",
    "attributeValue": 80048,
    "listOperator": ">",
    "listValue": 0
  },
  "null": {
    "id": null,
    "type": null,
    "containSelf": null,
    "attribute": null,
    "attributeOperator": null,
    "attributeValue": null,
    "listOperator": null,
    "listValue": null
  }
}