{
  "21011": {
    "id": "21011",
    "name": "优良火弓",
    "type": 1,
    "quality": 2,
    "forSale": 1,
    "sprite": "sBow1",
    "attack": 7.2,
    "HP": 390,
    "attRange": 200,
    "attCD": 450,
    "attStiff": 60,
    "beAttStiff": 1,
    "bulletID": 911,
    "buyType": 0,
    "price": 24,
    "desc": "射出红色箭矢，可快速穿透所有敌人",
    "leftBtn": "左键点击可穿戴",
    "rightBtn": "右键点击可三合一升星",
    "shootSound": "sound_shoot_gun",
    "skill": 80471,
    "posX": null,
    "posY": null
  },
  "21012": {
    "id": "21012",
    "name": "优良火弓",
    "type": 1,
    "quality": 2,
    "forSale": 1,
    "sprite": "sBow1",
    "attack": 11.5,
    "HP": 507.00000000000006,
    "attRange": 200,
    "attCD": 450,
    "attStiff": 60,
    "beAttStiff": 1,
    "bulletID": 911,
    "buyType": 0,
    "price": 72,
    "desc": "射出红色箭矢，可快速穿透所有敌人",
    "leftBtn": "左键点击可穿戴",
    "rightBtn": "右键点击可三合一升星",
    "shootSound": "sound_shoot_gun",
    "skill": 80471,
    "posX": null,
    "posY": null
  },
  "21013": {
    "id": "21013",
    "name": "优良火弓",
    "type": 1,
    "quality": 2,
    "forSale": 1,
    "sprite": "sBow1",
    "attack": 15.8,
    "HP": 624,
    "attRange": 200,
    "attCD": 450,
    "attStiff": 60,
    "beAttStiff": 1,
    "bulletID": 911,
    "buyType": 0,
    "price": 240,
    "desc": "射出红色箭矢，可快速穿透所有敌人",
    "leftBtn": "左键点击可穿戴",
    "rightBtn": "已升至满级",
    "shootSound": "sound_shoot_gun",
    "skill": 80471,
    "posX": null,
    "posY": null
  },
  "21021": {
    "id": "21021",
    "name": "精致火弓",
    "type": 1,
    "quality": 3,
    "forSale": 1,
    "sprite": "sBow1",
    "attack": 9.9,
    "HP": 480,
    "attRange": 200,
    "attCD": 450,
    "attStiff": 60,
    "beAttStiff": 1,
    "bulletID": 911,
    "buyType": 0,
    "price": 80,
    "desc": "射出红色箭矢，可快速穿透所有敌人",
    "leftBtn": "左键点击可穿戴",
    "rightBtn": "右键点击可三合一升星",
    "shootSound": "sound_shoot_gun",
    "skill": 80472,
    "posX": null,
    "posY": null
  },
  "21022": {
    "id": "21022",
    "name": "精致火弓",
    "type": 1,
    "quality": 3,
    "forSale": 1,
    "sprite": "sBow1",
    "attack": 15.8,
    "HP": 624,
    "attRange": 200,
    "attCD": 450,
    "attStiff": 60,
    "beAttStiff": 1,
    "bulletID": 911,
    "buyType": 0,
    "price": 240,
    "desc": "射出红色箭矢，可快速穿透所有敌人",
    "leftBtn": "左键点击可穿戴",
    "rightBtn": "右键点击可三合一升星",
    "shootSound": "sound_shoot_gun",
    "skill": 80472,
    "posX": null,
    "posY": null
  },
  "21023": {
    "id": "21023",
    "name": "精致火弓",
    "type": 1,
    "quality": 3,
    "forSale": 1,
    "sprite": "sBow1",
    "attack": 21.8,
    "HP": 768.0000000000001,
    "attRange": 200,
    "attCD": 450,
    "attStiff": 60,
    "beAttStiff": 1,
    "bulletID": 911,
    "buyType": 0,
    "price": 800,
    "desc": "射出红色箭矢，可快速穿透所有敌人",
    "leftBtn": "左键点击可穿戴",
    "rightBtn": "已升至满级",
    "shootSound": "sound_shoot_gun",
    "skill": 80472,
    "posX": null,
    "posY": null
  },
  "21091": {
    "id": "21091",
    "name": "小火弓",
    "type": 1,
    "quality": 1,
    "forSale": 0,
    "sprite": "sBow1",
    "attack": 4.5,
    "HP": 300,
    "attRange": 350,
    "attCD": 900,
    "attStiff": 50,
    "beAttStiff": 1,
    "bulletID": 911,
    "buyType": 0,
    "price": 8,
    "desc": null,
    "leftBtn": null,
    "rightBtn": "右键点击可三合一升星",
    "shootSound": "sound_shoot_gun",
    "skill": "",
    "posX": null,
    "posY": -10
  },
  "21092": {
    "id": "21092",
    "name": "小火弓",
    "type": 1,
    "quality": 1,
    "forSale": 0,
    "sprite": "sBow1",
    "attack": 7.2,
    "HP": 390,
    "attRange": 350,
    "attCD": 900,
    "attStiff": 50,
    "beAttStiff": 1,
    "bulletID": 911,
    "buyType": 0,
    "price": 24,
    "desc": null,
    "leftBtn": null,
    "rightBtn": "右键点击可三合一升星",
    "shootSound": "sound_shoot_gun",
    "skill": "",
    "posX": null,
    "posY": -10
  },
  "21093": {
    "id": "21093",
    "name": "小火弓",
    "type": 1,
    "quality": 1,
    "forSale": 0,
    "sprite": "sBow2",
    "attack": 9.9,
    "HP": 480,
    "attRange": 350,
    "attCD": 900,
    "attStiff": 50,
    "beAttStiff": 1,
    "bulletID": 911,
    "buyType": 0,
    "price": 80,
    "desc": null,
    "leftBtn": null,
    "rightBtn": "右键点击可三合一升星",
    "shootSound": "sound_shoot_gun",
    "skill": "",
    "posX": null,
    "posY": -10
  },
  "21094": {
    "id": "21094",
    "name": "小火弓",
    "type": 1,
    "quality": 1,
    "forSale": 0,
    "sprite": "sBow2",
    "attack": 12.6,
    "HP": 570,
    "attRange": 350,
    "attCD": 900,
    "attStiff": 50,
    "beAttStiff": 1,
    "bulletID": 911,
    "buyType": 0,
    "price": 240,
    "desc": null,
    "leftBtn": null,
    "rightBtn": "右键点击可三合一升星",
    "shootSound": "sound_shoot_gun",
    "skill": "",
    "posX": null,
    "posY": -10
  },
  "21095": {
    "id": "21095",
    "name": "小火弓",
    "type": 1,
    "quality": 1,
    "forSale": 0,
    "sprite": "sBow3",
    "attack": 15.3,
    "HP": 660,
    "attRange": 350,
    "attCD": 900,
    "attStiff": 50,
    "beAttStiff": 1,
    "bulletID": 911,
    "buyType": 0,
    "price": 800,
    "desc": null,
    "leftBtn": null,
    "rightBtn": "已升至满级",
    "shootSound": "sound_shoot_gun",
    "skill": "",
    "posX": null,
    "posY": -10
  },
  "21101": {
    "id": "21101",
    "name": "小冰杖",
    "type": 1,
    "quality": 1,
    "forSale": 0,
    "sprite": "sStaff1",
    "attack": 4.5,
    "HP": 300,
    "attRange": 350,
    "attCD": 900,
    "attStiff": 50,
    "beAttStiff": 1,
    "bulletID": 911,
    "buyType": 0,
    "price": 8,
    "desc": null,
    "leftBtn": null,
    "rightBtn": "右键点击可三合一升星",
    "shootSound": "sound_shoot_gun",
    "skill": "",
    "posX": null,
    "posY": -10
  },
  "21102": {
    "id": "21102",
    "name": "小冰杖",
    "type": 1,
    "quality": 1,
    "forSale": 0,
    "sprite": "sStaff1",
    "attack": 7.2,
    "HP": 390,
    "attRange": 350,
    "attCD": 900,
    "attStiff": 50,
    "beAttStiff": 1,
    "bulletID": 911,
    "buyType": 0,
    "price": 24,
    "desc": null,
    "leftBtn": null,
    "rightBtn": "右键点击可三合一升星",
    "shootSound": "sound_shoot_gun",
    "skill": "",
    "posX": null,
    "posY": -10
  },
  "21103": {
    "id": "21103",
    "name": "小冰杖",
    "type": 1,
    "quality": 1,
    "forSale": 0,
    "sprite": "sStaff2",
    "attack": 9.9,
    "HP": 480,
    "attRange": 350,
    "attCD": 900,
    "attStiff": 50,
    "beAttStiff": 1,
    "bulletID": 911,
    "buyType": 0,
    "price": 80,
    "desc": null,
    "leftBtn": null,
    "rightBtn": "右键点击可三合一升星",
    "shootSound": "sound_shoot_gun",
    "skill": "",
    "posX": null,
    "posY": -10
  },
  "21104": {
    "id": "21104",
    "name": "小冰杖",
    "type": 1,
    "quality": 1,
    "forSale": 0,
    "sprite": "sStaff2",
    "attack": 12.6,
    "HP": 570,
    "attRange": 350,
    "attCD": 900,
    "attStiff": 50,
    "beAttStiff": 1,
    "bulletID": 911,
    "buyType": 0,
    "price": 240,
    "desc": null,
    "leftBtn": null,
    "rightBtn": "右键点击可三合一升星",
    "shootSound": "sound_shoot_gun",
    "skill": "",
    "posX": null,
    "posY": -10
  },
  "22031": {
    "id": "22031",
    "name": "普通冰杖",
    "type": 2,
    "quality": 1,
    "forSale": 1,
    "sprite": "sStaff1",
    "attack": 18,
    "HP": 300,
    "attRange": 200,
    "attCD": 750,
    "attStiff": 150,
    "beAttStiff": 1,
    "bulletID": 921,
    "buyType": 0,
    "price": 8,
    "desc": "召唤水之魔法，爆炸造成范围伤害，并使敌方减速23%",
    "leftBtn": "左键点击可穿戴",
    "rightBtn": "右键点击可三合一升星",
    "shootSound": "sound_shoot_gun",
    "skill": 80491,
    "posX": null,
    "posY": null
  },
  "22032": {
    "id": "22032",
    "name": "普通冰杖",
    "type": 2,
    "quality": 1,
    "forSale": 1,
    "sprite": "sStaff1",
    "attack": 28.8,
    "HP": 390,
    "attRange": 200,
    "attCD": 750,
    "attStiff": 150,
    "beAttStiff": 1,
    "bulletID": 921,
    "buyType": 0,
    "price": 24,
    "desc": "召唤水之魔法，爆炸造成范围伤害，并使敌方减速24%",
    "leftBtn": "左键点击可穿戴",
    "rightBtn": "右键点击可三合一升星",
    "shootSound": "sound_shoot_gun",
    "skill": 80491,
    "posX": null,
    "posY": null
  },
  "22033": {
    "id": "22033",
    "name": "普通冰杖",
    "type": 2,
    "quality": 1,
    "forSale": 1,
    "sprite": "sStaff1",
    "attack": 39.6,
    "HP": 480,
    "attRange": 200,
    "attCD": 750,
    "attStiff": 150,
    "beAttStiff": 1,
    "bulletID": 921,
    "buyType": 0,
    "price": 80,
    "desc": "召唤水之魔法，爆炸造成范围伤害，并使敌方减速25%",
    "leftBtn": "左键点击可穿戴",
    "rightBtn": "已升至满级",
    "shootSound": "sound_shoot_gun",
    "skill": 80491,
    "posX": null,
    "posY": null
  },
  "22041": {
    "id": "22041",
    "name": "优良冰杖",
    "type": 2,
    "quality": 2,
    "forSale": 1,
    "sprite": "sStaff2",
    "attack": 28.8,
    "HP": 390,
    "attRange": 200,
    "attCD": 750,
    "attStiff": 150,
    "beAttStiff": 1,
    "bulletID": 921,
    "buyType": 0,
    "price": 24,
    "desc": "召唤水之魔法，爆炸造成范围伤害，并使敌方减速26%",
    "leftBtn": "左键点击可穿戴",
    "rightBtn": "右键点击可三合一升星",
    "shootSound": "sound_shoot_gun",
    "skill": 80492,
    "posX": null,
    "posY": null
  },
  "22042": {
    "id": "22042",
    "name": "优良冰杖",
    "type": 2,
    "quality": 2,
    "forSale": 1,
    "sprite": "sStaff2",
    "attack": 46.1,
    "HP": 507.00000000000006,
    "attRange": 200,
    "attCD": 750,
    "attStiff": 150,
    "beAttStiff": 1,
    "bulletID": 921,
    "buyType": 0,
    "price": 72,
    "desc": "召唤水之魔法，爆炸造成范围伤害，并使敌方减速27%",
    "leftBtn": "左键点击可穿戴",
    "rightBtn": "右键点击可三合一升星",
    "shootSound": "sound_shoot_gun",
    "skill": 80492,
    "posX": null,
    "posY": null
  },
  "22043": {
    "id": "22043",
    "name": "优良冰杖",
    "type": 2,
    "quality": 2,
    "forSale": 1,
    "sprite": "sStaff2",
    "attack": 63.4,
    "HP": 624,
    "attRange": 200,
    "attCD": 750,
    "attStiff": 150,
    "beAttStiff": 1,
    "bulletID": 921,
    "buyType": 0,
    "price": 240,
    "desc": "召唤水之魔法，爆炸造成范围伤害，并使敌方减速28%",
    "leftBtn": "左键点击可穿戴",
    "rightBtn": "已升至满级",
    "shootSound": "sound_shoot_gun",
    "skill": 80492,
    "posX": null,
    "posY": null
  },
  "22124": {
    "id": "22124",
    "name": "小榴弹炮",
    "type": 2,
    "quality": 1,
    "forSale": 0,
    "sprite": "sStaff2",
    "attack": 50.4,
    "HP": 570,
    "attRange": 350,
    "attCD": 1500,
    "attStiff": 50,
    "beAttStiff": 1,
    "bulletID": 950,
    "buyType": 0,
    "price": 240,
    "desc": null,
    "leftBtn": null,
    "rightBtn": "右键点击可三合一升星",
    "shootSound": "sound_shoot_gun",
    "skill": "",
    "posX": null,
    "posY": -10
  },
  "22125": {
    "id": "22125",
    "name": "小榴弹炮",
    "type": 2,
    "quality": 1,
    "forSale": 0,
    "sprite": "sStaff3",
    "attack": 61.2,
    "HP": 660,
    "attRange": 350,
    "attCD": 1500,
    "attStiff": 50,
    "beAttStiff": 1,
    "bulletID": 950,
    "buyType": 0,
    "price": 800,
    "desc": null,
    "leftBtn": null,
    "rightBtn": "已升至满级",
    "shootSound": "sound_shoot_gun",
    "skill": "",
    "posX": null,
    "posY": -10
  },
  "23051": {
    "id": "23051",
    "name": "普通机枪",
    "type": 3,
    "quality": 1,
    "forSale": 1,
    "sprite": "sGun1",
    "attack": 3,
    "HP": 360,
    "attRange": 200,
    "attCD": 150,
    "attStiff": 100,
    "beAttStiff": 1,
    "bulletID": 931,
    "buyType": 0,
    "price": 8,
    "desc": "快速发射黄色子弹，造成大量伤害",
    "leftBtn": "左键点击可穿戴",
    "rightBtn": "右键点击可三合一升星",
    "shootSound": "sound_shoot_gun",
    "skill": 80461,
    "posX": null,
    "posY": null
  },
  "23052": {
    "id": "23052",
    "name": "普通机枪",
    "type": 3,
    "quality": 1,
    "forSale": 1,
    "sprite": "sGun1",
    "attack": 4.8,
    "HP": 468,
    "attRange": 200,
    "attCD": 150,
    "attStiff": 100,
    "beAttStiff": 1,
    "bulletID": 931,
    "buyType": 0,
    "price": 24,
    "desc": "快速发射黄色子弹，造成大量伤害",
    "leftBtn": "左键点击可穿戴",
    "rightBtn": "右键点击可三合一升星",
    "shootSound": "sound_shoot_gun",
    "skill": 80461,
    "posX": null,
    "posY": null
  },
  "23053": {
    "id": "23053",
    "name": "普通机枪",
    "type": 3,
    "quality": 1,
    "forSale": 1,
    "sprite": "sGun1",
    "attack": 6.6,
    "HP": 576,
    "attRange": 200,
    "attCD": 150,
    "attStiff": 100,
    "beAttStiff": 1,
    "bulletID": 931,
    "buyType": 0,
    "price": 80,
    "desc": "快速发射黄色子弹，造成大量伤害",
    "leftBtn": "左键点击可穿戴",
    "rightBtn": "已升至满级",
    "shootSound": "sound_shoot_gun",
    "skill": 80461,
    "posX": null,
    "posY": null
  },
  "23061": {
    "id": "23061",
    "name": "优良机枪",
    "type": 3,
    "quality": 2,
    "forSale": 1,
    "sprite": "sGun1",
    "attack": 4.8,
    "HP": 468,
    "attRange": 200,
    "attCD": 150,
    "attStiff": 100,
    "beAttStiff": 1,
    "bulletID": 931,
    "buyType": 0,
    "price": 24,
    "desc": "快速发射黄色子弹，造成大量伤害",
    "leftBtn": "左键点击可穿戴",
    "rightBtn": "右键点击可三合一升星",
    "shootSound": "sound_shoot_gun",
    "skill": 80462,
    "posX": null,
    "posY": null
  },
  "23062": {
    "id": "23062",
    "name": "优良机枪",
    "type": 3,
    "quality": 2,
    "forSale": 1,
    "sprite": "sGun1",
    "attack": 7.7,
    "HP": 608.4,
    "attRange": 200,
    "attCD": 150,
    "attStiff": 100,
    "beAttStiff": 1,
    "bulletID": 931,
    "buyType": 0,
    "price": 72,
    "desc": "快速发射黄色子弹，造成大量伤害",
    "leftBtn": "左键点击可穿戴",
    "rightBtn": "右键点击可三合一升星",
    "shootSound": "sound_shoot_gun",
    "skill": 80462,
    "posX": null,
    "posY": null
  },
  "23063": {
    "id": "23063",
    "name": "优良机枪",
    "type": 3,
    "quality": 2,
    "forSale": 1,
    "sprite": "sGun1",
    "attack": 10.6,
    "HP": 748.8,
    "attRange": 200,
    "attCD": 150,
    "attStiff": 100,
    "beAttStiff": 1,
    "bulletID": 931,
    "buyType": 0,
    "price": 240,
    "desc": "快速发射黄色子弹，造成大量伤害",
    "leftBtn": "左键点击可穿戴",
    "rightBtn": "已升至满级",
    "shootSound": "sound_shoot_gun",
    "skill": 80462,
    "posX": null,
    "posY": null
  },
  "23071": {
    "id": "23071",
    "name": "优良榴弹炮",
    "type": 3,
    "quality": 2,
    "forSale": 1,
    "sprite": "sStaff3",
    "attack": 4.8,
    "HP": 468,
    "attRange": 450,
    "attCD": 150,
    "attStiff": 100,
    "beAttStiff": 1,
    "bulletID": 950,
    "buyType": 0,
    "price": 24,
    "desc": "手持迫击炮",
    "leftBtn": "左键点击可穿戴",
    "rightBtn": "右键点击可三合一升星",
    "shootSound": "sound_shoot_gun",
    "skill": 80481,
    "posX": null,
    "posY": null
  },
  "23072": {
    "id": "23072",
    "name": "优良榴弹炮",
    "type": 3,
    "quality": 2,
    "forSale": 1,
    "sprite": "sStaff3",
    "attack": 7.7,
    "HP": 608.4,
    "attRange": 450,
    "attCD": 150,
    "attStiff": 100,
    "beAttStiff": 1,
    "bulletID": 950,
    "buyType": 0,
    "price": 72,
    "desc": "手持迫击炮",
    "leftBtn": "左键点击可穿戴",
    "rightBtn": "右键点击可三合一升星",
    "shootSound": "sound_shoot_gun",
    "skill": 80481,
    "posX": null,
    "posY": null
  },
  "23073": {
    "id": "23073",
    "name": "优良榴弹炮",
    "type": 3,
    "quality": 2,
    "forSale": 1,
    "sprite": "sStaff3",
    "attack": 10.6,
    "HP": 748.8,
    "attRange": 450,
    "attCD": 150,
    "attStiff": 100,
    "beAttStiff": 1,
    "bulletID": 950,
    "buyType": 0,
    "price": 240,
    "desc": "手持迫击炮",
    "leftBtn": "左键点击可穿戴",
    "rightBtn": "已升至满级",
    "shootSound": "sound_shoot_gun",
    "skill": 80481,
    "posX": null,
    "posY": null
  },
  "23081": {
    "id": "23081",
    "name": "精致榴弹炮",
    "type": 3,
    "quality": 3,
    "forSale": 1,
    "sprite": "sStaff3",
    "attack": 6.6,
    "HP": 576,
    "attRange": 450,
    "attCD": 150,
    "attStiff": 100,
    "beAttStiff": 1,
    "bulletID": 950,
    "buyType": 0,
    "price": 80,
    "desc": "手持迫击炮",
    "leftBtn": "左键点击可穿戴",
    "rightBtn": "右键点击可三合一升星",
    "shootSound": "sound_shoot_gun",
    "skill": 80482,
    "posX": null,
    "posY": null
  },
  "23082": {
    "id": "23082",
    "name": "精致榴弹炮",
    "type": 3,
    "quality": 3,
    "forSale": 1,
    "sprite": "sStaff3",
    "attack": 10.6,
    "HP": 748.8000000000002,
    "attRange": 450,
    "attCD": 150,
    "attStiff": 100,
    "beAttStiff": 1,
    "bulletID": 950,
    "buyType": 0,
    "price": 240,
    "desc": "手持迫击炮",
    "leftBtn": "左键点击可穿戴",
    "rightBtn": "右键点击可三合一升星",
    "shootSound": "sound_shoot_gun",
    "skill": 80482,
    "posX": null,
    "posY": null
  },
  "23083": {
    "id": "23083",
    "name": "精致榴弹炮",
    "type": 3,
    "quality": 3,
    "forSale": 1,
    "sprite": "sStaff3",
    "attack": 14.5,
    "HP": 921.6,
    "attRange": 450,
    "attCD": 150,
    "attStiff": 100,
    "beAttStiff": 1,
    "bulletID": 950,
    "buyType": 0,
    "price": 800,
    "desc": "手持迫击炮",
    "leftBtn": "左键点击可穿戴",
    "rightBtn": "已升至满级",
    "shootSound": "sound_shoot_gun",
    "skill": 80482,
    "posX": null,
    "posY": null
  },
  "23105": {
    "id": "23105",
    "name": "小冰杖",
    "type": 3,
    "quality": 1,
    "forSale": 0,
    "sprite": "sStaff3",
    "attack": 10.2,
    "HP": 792,
    "attRange": 350,
    "attCD": 300,
    "attStiff": 50,
    "beAttStiff": 1,
    "bulletID": 931,
    "buyType": 0,
    "price": 800,
    "desc": null,
    "leftBtn": null,
    "rightBtn": "已升至满级",
    "shootSound": "sound_shoot_gun",
    "skill": "",
    "posX": null,
    "posY": -10
  },
  "23111": {
    "id": "23111",
    "name": "小机枪",
    "type": 3,
    "quality": 1,
    "forSale": 0,
    "sprite": "sGun1",
    "attack": 3,
    "HP": 360,
    "attRange": 350,
    "attCD": 300,
    "attStiff": 50,
    "beAttStiff": 1,
    "bulletID": 931,
    "buyType": 0,
    "price": 8,
    "desc": null,
    "leftBtn": null,
    "rightBtn": "右键点击可三合一升星",
    "shootSound": "sound_shoot_gun",
    "skill": "",
    "posX": null,
    "posY": -10
  },
  "23112": {
    "id": "23112",
    "name": "小机枪",
    "type": 3,
    "quality": 1,
    "forSale": 0,
    "sprite": "sGun1",
    "attack": 4.8,
    "HP": 468,
    "attRange": 350,
    "attCD": 300,
    "attStiff": 50,
    "beAttStiff": 1,
    "bulletID": 931,
    "buyType": 0,
    "price": 24,
    "desc": null,
    "leftBtn": null,
    "rightBtn": "右键点击可三合一升星",
    "shootSound": "sound_shoot_gun",
    "skill": "",
    "posX": null,
    "posY": -10
  },
  "23113": {
    "id": "23113",
    "name": "小机枪",
    "type": 3,
    "quality": 1,
    "forSale": 0,
    "sprite": "sGun2",
    "attack": 6.6,
    "HP": 576,
    "attRange": 350,
    "attCD": 300,
    "attStiff": 50,
    "beAttStiff": 1,
    "bulletID": 931,
    "buyType": 0,
    "price": 80,
    "desc": null,
    "leftBtn": null,
    "rightBtn": "右键点击可三合一升星",
    "shootSound": "sound_shoot_gun",
    "skill": "",
    "posX": null,
    "posY": -10
  },
  "23114": {
    "id": "23114",
    "name": "小机枪",
    "type": 3,
    "quality": 1,
    "forSale": 0,
    "sprite": "sGun2",
    "attack": 8.4,
    "HP": 684.0000000000001,
    "attRange": 350,
    "attCD": 300,
    "attStiff": 50,
    "beAttStiff": 1,
    "bulletID": 931,
    "buyType": 0,
    "price": 240,
    "desc": null,
    "leftBtn": null,
    "rightBtn": "右键点击可三合一升星",
    "shootSound": "sound_shoot_gun",
    "skill": "",
    "posX": null,
    "posY": -10
  },
  "23115": {
    "id": "23115",
    "name": "小机枪",
    "type": 3,
    "quality": 1,
    "forSale": 0,
    "sprite": "sGun3",
    "attack": 10.2,
    "HP": 792,
    "attRange": 350,
    "attCD": 300,
    "attStiff": 50,
    "beAttStiff": 1,
    "bulletID": 931,
    "buyType": 0,
    "price": 800,
    "desc": null,
    "leftBtn": null,
    "rightBtn": "已升至满级",
    "shootSound": "sound_shoot_gun",
    "skill": "",
    "posX": null,
    "posY": -10
  },
  "23121": {
    "id": "23121",
    "name": "小榴弹炮",
    "type": 3,
    "quality": 1,
    "forSale": 0,
    "sprite": "sStaff1",
    "attack": 3,
    "HP": 360,
    "attRange": 350,
    "attCD": 300,
    "attStiff": 50,
    "beAttStiff": 1,
    "bulletID": 950,
    "buyType": 0,
    "price": 8,
    "desc": null,
    "leftBtn": null,
    "rightBtn": "右键点击可三合一升星",
    "shootSound": "sound_shoot_gun",
    "skill": "",
    "posX": null,
    "posY": -10
  },
  "23122": {
    "id": "23122",
    "name": "小榴弹炮",
    "type": 3,
    "quality": 1,
    "forSale": 0,
    "sprite": "sStaff1",
    "attack": 4.8,
    "HP": 468,
    "attRange": 350,
    "attCD": 300,
    "attStiff": 50,
    "beAttStiff": 1,
    "bulletID": 950,
    "buyType": 0,
    "price": 24,
    "desc": null,
    "leftBtn": null,
    "rightBtn": "右键点击可三合一升星",
    "shootSound": "sound_shoot_gun",
    "skill": "",
    "posX": null,
    "posY": -10
  },
  "23123": {
    "id": "23123",
    "name": "小榴弹炮",
    "type": 3,
    "quality": 1,
    "forSale": 0,
    "sprite": "sStaff2",
    "attack": 6.6,
    "HP": 576,
    "attRange": 350,
    "attCD": 300,
    "attStiff": 50,
    "beAttStiff": 1,
    "bulletID": 950,
    "buyType": 0,
    "price": 80,
    "desc": null,
    "leftBtn": null,
    "rightBtn": "右键点击可三合一升星",
    "shootSound": "sound_shoot_gun",
    "skill": "",
    "posX": null,
    "posY": -10
  }
}