{
  "911": {
    "id": "911",
    "penetrate": 1,
    "sprite": "sArrow",
    "speed": 1400,
    "life": 10,
    "buff": null,
    "explodeS": "sBullet_red_ex",
    "harmFrame": null,
    "explodeSound": "sound_bullet_ex"
  },
  "912": {
    "id": "912",
    "penetrate": 1,
    "sprite": "sBullet_red",
    "speed": 1400,
    "life": 10,
    "buff": null,
    "explodeS": "sBullet_red_ex",
    "harmFrame": null,
    "explodeSound": "sound_bullet_ex"
  },
  "921": {
    "id": "921",
    "penetrate": null,
    "sprite": "sBullet_blue",
    "speed": 600,
    "life": 3,
    "buff": 80101,
    "explodeS": "sBullet_blue_ex",
    "harmFrame": 2,
    "explodeSound": "sound_bullet_ex"
  },
  "931": {
    "id": "931",
    "penetrate": null,
    "sprite": "sBullet",
    "speed": 1000,
    "life": 10,
    "buff": null,
    "explodeS": "sBullet_ex",
    "harmFrame": null,
    "explodeSound": "sound_bullet_ex"
  },
  "932": {
    "id": "932",
    "penetrate": null,
    "sprite": "sBullet",
    "speed": 1000,
    "life": 10,
    "buff": 80002,
    "explodeS": "sBullet_ex",
    "harmFrame": null,
    "explodeSound": "sound_bullet_ex"
  },
  "941": {
    "id": "941",
    "penetrate": null,
    "sprite": "sBullet_green",
    "speed": 600,
    "life": 10,
    "buff": null,
    "explodeS": "sBullet_green_ex",
    "harmFrame": null,
    "explodeSound": "sound_bullet_ex"
  },
  "942": {
    "id": "942",
    "penetrate": null,
    "sprite": "sBullet_purple",
    "speed": 500,
    "life": 3,
    "buff": 80101,
    "explodeS": "sBullet_purple_ex",
    "harmFrame": 2,
    "explodeSound": "sound_bullet_ex"
  }
}