{
  "2001": {
    "id": "2001",
    "sprite": "cus1",
    "interest1": 2,
    "interest2": 0.7,
    "interest3": 0
  },
  "2002": {
    "id": "2002",
    "sprite": "cus2",
    "interest1": 0.7,
    "interest2": 0,
    "interest3": 2
  },
  "2003": {
    "id": "2003",
    "sprite": "cus3",
    "interest1": 0,
    "interest2": 2,
    "interest3": 0.7
  },
  "2004": {
    "id": "2004",
    "sprite": "cus4",
    "interest1": 1,
    "interest2": 1,
    "interest3": 0
  },
  "2005": {
    "id": "2005",
    "sprite": "cus5",
    "interest1": 1,
    "interest2": 0,
    "interest3": 1
  },
  "2006": {
    "id": "2006",
    "sprite": "cus6",
    "interest1": 0,
    "interest2": 1,
    "interest3": 1
  }
}