{
  "11101": {
    "id": "11101",
    "name": "苹果",
    "type": 1,
    "quality": 1,
    "sprite": "apple",
    "buyType": 1,
    "price": 2,
    "sell_price": 1,
    "interest": 6,
    "desc": "这是一个苹果",
    "leftBtn": "左键点击可放置在场景中货架上",
    "rightBtn": "右键点击可三合一升星",
    "triggCon": 2,
    "triggEffect": 2,
    "effectVal": 200,
    "effectDesc": "提高顾客对食品的兴趣值20%",
    "effectChat": "看上去好好吃~"
  },
  "11102": {
    "id": "11102",
    "name": "苹果",
    "type": 1,
    "quality": 1,
    "sprite": "apple",
    "buyType": 1,
    "price": 4,
    "sell_price": 2,
    "interest": 6,
    "desc": "这是一个苹果",
    "leftBtn": "左键点击可放置在场景中货架上",
    "rightBtn": "右键点击可三合一升星",
    "triggCon": 2,
    "triggEffect": 2,
    "effectVal": 200,
    "effectDesc": "提高顾客对食品的兴趣值20%",
    "effectChat": "看上去好好吃~"
  },
  "11103": {
    "id": "11103",
    "name": "苹果",
    "type": 1,
    "quality": 1,
    "sprite": "apple",
    "buyType": 1,
    "price": 8,
    "sell_price": 4,
    "interest": 6,
    "desc": "这是一个苹果",
    "leftBtn": "左键点击可放置在场景中货架上",
    "rightBtn": "已升至满级",
    "triggCon": 2,
    "triggEffect": 2,
    "effectVal": 200,
    "effectDesc": "提高顾客对食品的兴趣值20%",
    "effectChat": "看上去好好吃~"
  },
  "11111": {
    "id": "11111",
    "name": "鱼排",
    "type": 1,
    "quality": 1,
    "sprite": "fish",
    "buyType": 1,
    "price": 2,
    "sell_price": 1,
    "interest": 6,
    "desc": "这是一个鱼排",
    "leftBtn": "左键点击可放置在场景中货架上",
    "rightBtn": "右键点击可三合一升星",
    "triggCon": 2,
    "triggEffect": 4,
    "effectVal": 100,
    "effectDesc": "提高顾客对食品的付费10%",
    "effectChat": "我想吃更贵的……"
  },
  "11112": {
    "id": "11112",
    "name": "鱼排",
    "type": 1,
    "quality": 1,
    "sprite": "fish",
    "buyType": 1,
    "price": 4,
    "sell_price": 2,
    "interest": 6,
    "desc": "这是一个鱼排",
    "leftBtn": "左键点击可放置在场景中货架上",
    "rightBtn": "右键点击可三合一升星",
    "triggCon": 2,
    "triggEffect": 4,
    "effectVal": 100,
    "effectDesc": "提高顾客对食品的付费10%",
    "effectChat": "我想吃更贵的……"
  },
  "11113": {
    "id": "11113",
    "name": "鱼排",
    "type": 1,
    "quality": 1,
    "sprite": "fish",
    "buyType": 1,
    "price": 8,
    "sell_price": 4,
    "interest": 6,
    "desc": "这是一个鱼排",
    "leftBtn": "左键点击可放置在场景中货架上",
    "rightBtn": "已升至满级",
    "triggCon": 2,
    "triggEffect": 4,
    "effectVal": 100,
    "effectDesc": "提高顾客对食品的付费10%",
    "effectChat": "我想吃更贵的……"
  },
  "11121": {
    "id": "11121",
    "name": "苹果派",
    "type": 1,
    "quality": 1,
    "sprite": "pie1",
    "buyType": 1,
    "price": 2,
    "sell_price": 1,
    "interest": 6,
    "desc": "这是一个苹果派",
    "leftBtn": "左键点击可放置在场景中货架上",
    "rightBtn": "右键点击可三合一升星",
    "triggCon": 2,
    "triggEffect": 2,
    "effectVal": 10000,
    "effectDesc": "加满对食品的兴趣值",
    "effectChat": "好饱……嗝……"
  },
  "11122": {
    "id": "11122",
    "name": "苹果派",
    "type": 1,
    "quality": 1,
    "sprite": "pie1",
    "buyType": 1,
    "price": 4,
    "sell_price": 2,
    "interest": 6,
    "desc": "这是一个苹果派",
    "leftBtn": "左键点击可放置在场景中货架上",
    "rightBtn": "右键点击可三合一升星",
    "triggCon": 2,
    "triggEffect": 2,
    "effectVal": 10000,
    "effectDesc": "加满对食品的兴趣值",
    "effectChat": "好饱……嗝……"
  },
  "11123": {
    "id": "11123",
    "name": "苹果派",
    "type": 1,
    "quality": 1,
    "sprite": "pie1",
    "buyType": 1,
    "price": 8,
    "sell_price": 4,
    "interest": 6,
    "desc": "这是一个苹果派",
    "leftBtn": "左键点击可放置在场景中货架上",
    "rightBtn": "已升至满级",
    "triggCon": 2,
    "triggEffect": 2,
    "effectVal": 10000,
    "effectDesc": "加满对食品的兴趣值",
    "effectChat": "好饱……嗝……"
  },
  "11201": {
    "id": "11201",
    "name": "大苹果",
    "type": 1,
    "quality": 2,
    "sprite": "apple",
    "buyType": 1,
    "price": 4,
    "sell_price": 2,
    "interest": 16,
    "desc": "这是一个大苹果",
    "leftBtn": "左键点击可放置在场景中货架上",
    "rightBtn": "右键点击可三合一升星",
    "triggCon": 2,
    "triggEffect": 2,
    "effectVal": 200,
    "effectDesc": "提高顾客对食品的兴趣值20%",
    "effectChat": "看上去好好吃~"
  },
  "11202": {
    "id": "11202",
    "name": "大苹果",
    "type": 1,
    "quality": 2,
    "sprite": "apple",
    "buyType": 1,
    "price": 8,
    "sell_price": 4,
    "interest": 16,
    "desc": "这是一个大苹果",
    "leftBtn": "左键点击可放置在场景中货架上",
    "rightBtn": "右键点击可三合一升星",
    "triggCon": 2,
    "triggEffect": 2,
    "effectVal": 200,
    "effectDesc": "提高顾客对食品的兴趣值20%",
    "effectChat": "看上去好好吃~"
  },
  "11203": {
    "id": "11203",
    "name": "大苹果",
    "type": 1,
    "quality": 2,
    "sprite": "apple",
    "buyType": 1,
    "price": 16,
    "sell_price": 8,
    "interest": 16,
    "desc": "这是一个大苹果",
    "leftBtn": "左键点击可放置在场景中货架上",
    "rightBtn": "已升至满级",
    "triggCon": 2,
    "triggEffect": 2,
    "effectVal": 200,
    "effectDesc": "提高顾客对食品的兴趣值20%",
    "effectChat": "看上去好好吃~"
  },
  "11211": {
    "id": "11211",
    "name": "大鱼排",
    "type": 1,
    "quality": 2,
    "sprite": "fish",
    "buyType": 1,
    "price": 4,
    "sell_price": 2,
    "interest": 16,
    "desc": "这是一个大鱼排",
    "leftBtn": "左键点击可放置在场景中货架上",
    "rightBtn": "右键点击可三合一升星",
    "triggCon": 2,
    "triggEffect": 4,
    "effectVal": 100,
    "effectDesc": "提高顾客对食品的付费10%",
    "effectChat": "我想吃更贵的……"
  },
  "11212": {
    "id": "11212",
    "name": "大鱼排",
    "type": 1,
    "quality": 2,
    "sprite": "fish",
    "buyType": 1,
    "price": 8,
    "sell_price": 4,
    "interest": 16,
    "desc": "这是一个大鱼排",
    "leftBtn": "左键点击可放置在场景中货架上",
    "rightBtn": "右键点击可三合一升星",
    "triggCon": 2,
    "triggEffect": 4,
    "effectVal": 100,
    "effectDesc": "提高顾客对食品的付费10%",
    "effectChat": "我想吃更贵的……"
  },
  "11213": {
    "id": "11213",
    "name": "大鱼排",
    "type": 1,
    "quality": 2,
    "sprite": "fish",
    "buyType": 1,
    "price": 16,
    "sell_price": 8,
    "interest": 16,
    "desc": "这是一个大鱼排",
    "leftBtn": "左键点击可放置在场景中货架上",
    "rightBtn": "已升至满级",
    "triggCon": 2,
    "triggEffect": 4,
    "effectVal": 100,
    "effectDesc": "提高顾客对食品的付费10%",
    "effectChat": "我想吃更贵的……"
  },
  "11221": {
    "id": "11221",
    "name": "甜苹果派",
    "type": 1,
    "quality": 2,
    "sprite": "pie1",
    "buyType": 1,
    "price": 4,
    "sell_price": 2,
    "interest": 16,
    "desc": "这是一个甜苹果派",
    "leftBtn": "左键点击可放置在场景中货架上",
    "rightBtn": "右键点击可三合一升星",
    "triggCon": 2,
    "triggEffect": 2,
    "effectVal": 10000,
    "effectDesc": "加满对食品的兴趣值",
    "effectChat": "好饱……嗝……"
  },
  "11222": {
    "id": "11222",
    "name": "甜苹果派",
    "type": 1,
    "quality": 2,
    "sprite": "pie1",
    "buyType": 1,
    "price": 8,
    "sell_price": 4,
    "interest": 16,
    "desc": "这是一个甜苹果派",
    "leftBtn": "左键点击可放置在场景中货架上",
    "rightBtn": "右键点击可三合一升星",
    "triggCon": 2,
    "triggEffect": 2,
    "effectVal": 10000,
    "effectDesc": "加满对食品的兴趣值",
    "effectChat": "好饱……嗝……"
  },
  "11223": {
    "id": "11223",
    "name": "甜苹果派",
    "type": 1,
    "quality": 2,
    "sprite": "pie1",
    "buyType": 1,
    "price": 16,
    "sell_price": 8,
    "interest": 16,
    "desc": "这是一个甜苹果派",
    "leftBtn": "左键点击可放置在场景中货架上",
    "rightBtn": "已升至满级",
    "triggCon": 2,
    "triggEffect": 2,
    "effectVal": 10000,
    "effectDesc": "加满对食品的兴趣值",
    "effectChat": "好饱……嗝……"
  },
  "11301": {
    "id": "11301",
    "name": "樱桃",
    "type": 1,
    "quality": 3,
    "sprite": "cherry",
    "buyType": 1,
    "price": 6,
    "sell_price": 3,
    "interest": 30,
    "desc": "这是一个樱桃",
    "leftBtn": "左键点击可放置在场景中货架上",
    "rightBtn": "右键点击可三合一升星",
    "triggCon": 2,
    "triggEffect": 2,
    "effectVal": 200,
    "effectDesc": "提高顾客对食品的兴趣值20%",
    "effectChat": "看上去好好吃~"
  },
  "11302": {
    "id": "11302",
    "name": "樱桃",
    "type": 1,
    "quality": 3,
    "sprite": "cherry",
    "buyType": 1,
    "price": 12,
    "sell_price": 6,
    "interest": 30,
    "desc": "这是一个樱桃",
    "leftBtn": "左键点击可放置在场景中货架上",
    "rightBtn": "右键点击可三合一升星",
    "triggCon": 2,
    "triggEffect": 2,
    "effectVal": 200,
    "effectDesc": "提高顾客对食品的兴趣值20%",
    "effectChat": "看上去好好吃~"
  },
  "11303": {
    "id": "11303",
    "name": "樱桃",
    "type": 1,
    "quality": 3,
    "sprite": "cherry",
    "buyType": 1,
    "price": 24,
    "sell_price": 12,
    "interest": 30,
    "desc": "这是一个樱桃",
    "leftBtn": "左键点击可放置在场景中货架上",
    "rightBtn": "已升至满级",
    "triggCon": 2,
    "triggEffect": 2,
    "effectVal": 200,
    "effectDesc": "提高顾客对食品的兴趣值20%",
    "effectChat": "看上去好好吃~"
  },
  "11311": {
    "id": "11311",
    "name": "鸡腿",
    "type": 1,
    "quality": 3,
    "sprite": "chicken",
    "buyType": 1,
    "price": 6,
    "sell_price": 3,
    "interest": 30,
    "desc": "这是一个鸡腿",
    "leftBtn": "左键点击可放置在场景中货架上",
    "rightBtn": "右键点击可三合一升星",
    "triggCon": 2,
    "triggEffect": 4,
    "effectVal": 100,
    "effectDesc": "提高顾客对食品的付费10%",
    "effectChat": "我想吃更贵的……"
  },
  "11312": {
    "id": "11312",
    "name": "鸡腿",
    "type": 1,
    "quality": 3,
    "sprite": "chicken",
    "buyType": 1,
    "price": 12,
    "sell_price": 6,
    "interest": 30,
    "desc": "这是一个鸡腿",
    "leftBtn": "左键点击可放置在场景中货架上",
    "rightBtn": "右键点击可三合一升星",
    "triggCon": 2,
    "triggEffect": 4,
    "effectVal": 100,
    "effectDesc": "提高顾客对食品的付费10%",
    "effectChat": "我想吃更贵的……"
  },
  "11313": {
    "id": "11313",
    "name": "鸡腿",
    "type": 1,
    "quality": 3,
    "sprite": "chicken",
    "buyType": 1,
    "price": 24,
    "sell_price": 12,
    "interest": 30,
    "desc": "这是一个鸡腿",
    "leftBtn": "左键点击可放置在场景中货架上",
    "rightBtn": "已升至满级",
    "triggCon": 2,
    "triggEffect": 4,
    "effectVal": 100,
    "effectDesc": "提高顾客对食品的付费10%",
    "effectChat": "我想吃更贵的……"
  },
  "11321": {
    "id": "11321",
    "name": "柠檬派",
    "type": 1,
    "quality": 3,
    "sprite": "pie2",
    "buyType": 1,
    "price": 6,
    "sell_price": 3,
    "interest": 30,
    "desc": "这是一个柠檬派",
    "leftBtn": "左键点击可放置在场景中货架上",
    "rightBtn": "右键点击可三合一升星",
    "triggCon": 2,
    "triggEffect": 2,
    "effectVal": 10000,
    "effectDesc": "加满对食品的兴趣值",
    "effectChat": "好饱……嗝……"
  },
  "11322": {
    "id": "11322",
    "name": "柠檬派",
    "type": 1,
    "quality": 3,
    "sprite": "pie2",
    "buyType": 1,
    "price": 12,
    "sell_price": 6,
    "interest": 30,
    "desc": "这是一个柠檬派",
    "leftBtn": "左键点击可放置在场景中货架上",
    "rightBtn": "右键点击可三合一升星",
    "triggCon": 2,
    "triggEffect": 2,
    "effectVal": 10000,
    "effectDesc": "加满对食品的兴趣值",
    "effectChat": "好饱……嗝……"
  },
  "11323": {
    "id": "11323",
    "name": "柠檬派",
    "type": 1,
    "quality": 3,
    "sprite": "pie2",
    "buyType": 1,
    "price": 24,
    "sell_price": 12,
    "interest": 30,
    "desc": "这是一个柠檬派",
    "leftBtn": "左键点击可放置在场景中货架上",
    "rightBtn": "已升至满级",
    "triggCon": 2,
    "triggEffect": 2,
    "effectVal": 10000,
    "effectDesc": "加满对食品的兴趣值",
    "effectChat": "好饱……嗝……"
  },
  "11401": {
    "id": "11401",
    "name": "车厘子",
    "type": 1,
    "quality": 4,
    "sprite": "cherry",
    "buyType": 1,
    "price": 8,
    "sell_price": 4,
    "interest": 48,
    "desc": "这是一个车厘子",
    "leftBtn": "左键点击可放置在场景中货架上",
    "rightBtn": "右键点击可三合一升星",
    "triggCon": 2,
    "triggEffect": 2,
    "effectVal": 200,
    "effectDesc": "提高顾客对食品的兴趣值20%",
    "effectChat": "看上去好好吃~"
  },
  "11402": {
    "id": "11402",
    "name": "车厘子",
    "type": 1,
    "quality": 4,
    "sprite": "cherry",
    "buyType": 1,
    "price": 16,
    "sell_price": 8,
    "interest": 48,
    "desc": "这是一个车厘子",
    "leftBtn": "左键点击可放置在场景中货架上",
    "rightBtn": "右键点击可三合一升星",
    "triggCon": 2,
    "triggEffect": 2,
    "effectVal": 200,
    "effectDesc": "提高顾客对食品的兴趣值20%",
    "effectChat": "看上去好好吃~"
  },
  "11403": {
    "id": "11403",
    "name": "车厘子",
    "type": 1,
    "quality": 4,
    "sprite": "cherry",
    "buyType": 1,
    "price": 32,
    "sell_price": 16,
    "interest": 48,
    "desc": "这是一个车厘子",
    "leftBtn": "左键点击可放置在场景中货架上",
    "rightBtn": "已升至满级",
    "triggCon": 2,
    "triggEffect": 2,
    "effectVal": 200,
    "effectDesc": "提高顾客对食品的兴趣值20%",
    "effectChat": "看上去好好吃~"
  },
  "11411": {
    "id": "11411",
    "name": "大鸡腿",
    "type": 1,
    "quality": 4,
    "sprite": "chicken",
    "buyType": 1,
    "price": 8,
    "sell_price": 4,
    "interest": 48,
    "desc": "这是一个大鸡腿",
    "leftBtn": "左键点击可放置在场景中货架上",
    "rightBtn": "右键点击可三合一升星",
    "triggCon": 2,
    "triggEffect": 4,
    "effectVal": 100,
    "effectDesc": "提高顾客对食品的付费10%",
    "effectChat": "我想吃更贵的……"
  },
  "11412": {
    "id": "11412",
    "name": "大鸡腿",
    "type": 1,
    "quality": 4,
    "sprite": "chicken",
    "buyType": 1,
    "price": 16,
    "sell_price": 8,
    "interest": 48,
    "desc": "这是一个大鸡腿",
    "leftBtn": "左键点击可放置在场景中货架上",
    "rightBtn": "右键点击可三合一升星",
    "triggCon": 2,
    "triggEffect": 4,
    "effectVal": 100,
    "effectDesc": "提高顾客对食品的付费10%",
    "effectChat": "我想吃更贵的……"
  },
  "11413": {
    "id": "11413",
    "name": "大鸡腿",
    "type": 1,
    "quality": 4,
    "sprite": "chicken",
    "buyType": 1,
    "price": 32,
    "sell_price": 16,
    "interest": 48,
    "desc": "这是一个大鸡腿",
    "leftBtn": "左键点击可放置在场景中货架上",
    "rightBtn": "已升至满级",
    "triggCon": 2,
    "triggEffect": 4,
    "effectVal": 100,
    "effectDesc": "提高顾客对食品的付费10%",
    "effectChat": "我想吃更贵的……"
  },
  "11421": {
    "id": "11421",
    "name": "鲜柠檬派",
    "type": 1,
    "quality": 4,
    "sprite": "pie2",
    "buyType": 1,
    "price": 8,
    "sell_price": 4,
    "interest": 48,
    "desc": "这是一个鲜柠檬派",
    "leftBtn": "左键点击可放置在场景中货架上",
    "rightBtn": "右键点击可三合一升星",
    "triggCon": 2,
    "triggEffect": 2,
    "effectVal": 10000,
    "effectDesc": "加满对食品的兴趣值",
    "effectChat": "好饱……嗝……"
  },
  "11422": {
    "id": "11422",
    "name": "鲜柠檬派",
    "type": 1,
    "quality": 4,
    "sprite": "pie2",
    "buyType": 1,
    "price": 16,
    "sell_price": 8,
    "interest": 48,
    "desc": "这是一个鲜柠檬派",
    "leftBtn": "左键点击可放置在场景中货架上",
    "rightBtn": "右键点击可三合一升星",
    "triggCon": 2,
    "triggEffect": 2,
    "effectVal": 10000,
    "effectDesc": "加满对食品的兴趣值",
    "effectChat": "好饱……嗝……"
  },
  "11423": {
    "id": "11423",
    "name": "鲜柠檬派",
    "type": 1,
    "quality": 4,
    "sprite": "pie2",
    "buyType": 1,
    "price": 32,
    "sell_price": 16,
    "interest": 48,
    "desc": "这是一个鲜柠檬派",
    "leftBtn": "左键点击可放置在场景中货架上",
    "rightBtn": "已升至满级",
    "triggCon": 2,
    "triggEffect": 2,
    "effectVal": 10000,
    "effectDesc": "加满对食品的兴趣值",
    "effectChat": "好饱……嗝……"
  },
  "11501": {
    "id": "11501",
    "name": "草莓",
    "type": 1,
    "quality": 5,
    "sprite": "strawberry",
    "buyType": 1,
    "price": 10,
    "sell_price": 5,
    "interest": 70,
    "desc": "这是一个草莓",
    "leftBtn": "左键点击可放置在场景中货架上",
    "rightBtn": "右键点击可三合一升星",
    "triggCon": 2,
    "triggEffect": 2,
    "effectVal": 200,
    "effectDesc": "提高顾客对食品的兴趣值20%",
    "effectChat": "看上去好好吃~"
  },
  "11502": {
    "id": "11502",
    "name": "草莓",
    "type": 1,
    "quality": 5,
    "sprite": "strawberry",
    "buyType": 1,
    "price": 20,
    "sell_price": 10,
    "interest": 70,
    "desc": "这是一个草莓",
    "leftBtn": "左键点击可放置在场景中货架上",
    "rightBtn": "右键点击可三合一升星",
    "triggCon": 2,
    "triggEffect": 2,
    "effectVal": 200,
    "effectDesc": "提高顾客对食品的兴趣值20%",
    "effectChat": "看上去好好吃~"
  },
  "11503": {
    "id": "11503",
    "name": "草莓",
    "type": 1,
    "quality": 5,
    "sprite": "strawberry",
    "buyType": 1,
    "price": 40,
    "sell_price": 20,
    "interest": 70,
    "desc": "这是一个草莓",
    "leftBtn": "左键点击可放置在场景中货架上",
    "rightBtn": "已升至满级",
    "triggCon": 2,
    "triggEffect": 2,
    "effectVal": 200,
    "effectDesc": "提高顾客对食品的兴趣值20%",
    "effectChat": "看上去好好吃~"
  },
  "11511": {
    "id": "11511",
    "name": "牛排",
    "type": 1,
    "quality": 5,
    "sprite": "beef",
    "buyType": 1,
    "price": 10,
    "sell_price": 5,
    "interest": 70,
    "desc": "这是一个牛排",
    "leftBtn": "左键点击可放置在场景中货架上",
    "rightBtn": "右键点击可三合一升星",
    "triggCon": 2,
    "triggEffect": 4,
    "effectVal": 100,
    "effectDesc": "提高顾客对食品的付费10%",
    "effectChat": "我想吃更贵的……"
  },
  "11512": {
    "id": "11512",
    "name": "牛排",
    "type": 1,
    "quality": 5,
    "sprite": "beef",
    "buyType": 1,
    "price": 20,
    "sell_price": 10,
    "interest": 70,
    "desc": "这是一个牛排",
    "leftBtn": "左键点击可放置在场景中货架上",
    "rightBtn": "右键点击可三合一升星",
    "triggCon": 2,
    "triggEffect": 4,
    "effectVal": 100,
    "effectDesc": "提高顾客对食品的付费10%",
    "effectChat": "我想吃更贵的……"
  },
  "11513": {
    "id": "11513",
    "name": "牛排",
    "type": 1,
    "quality": 5,
    "sprite": "beef",
    "buyType": 1,
    "price": 40,
    "sell_price": 20,
    "interest": 70,
    "desc": "这是一个牛排",
    "leftBtn": "左键点击可放置在场景中货架上",
    "rightBtn": "已升至满级",
    "triggCon": 2,
    "triggEffect": 4,
    "effectVal": 100,
    "effectDesc": "提高顾客对食品的付费10%",
    "effectChat": "我想吃更贵的……"
  },
  "11521": {
    "id": "11521",
    "name": "南瓜派",
    "type": 1,
    "quality": 5,
    "sprite": "pie3",
    "buyType": 1,
    "price": 10,
    "sell_price": 5,
    "interest": 70,
    "desc": "这是一个南瓜派",
    "leftBtn": "左键点击可放置在场景中货架上",
    "rightBtn": "右键点击可三合一升星",
    "triggCon": 2,
    "triggEffect": 2,
    "effectVal": 10000,
    "effectDesc": "加满对食品的兴趣值",
    "effectChat": "好饱……嗝……"
  },
  "11522": {
    "id": "11522",
    "name": "南瓜派",
    "type": 1,
    "quality": 5,
    "sprite": "pie3",
    "buyType": 1,
    "price": 20,
    "sell_price": 10,
    "interest": 70,
    "desc": "这是一个南瓜派",
    "leftBtn": "左键点击可放置在场景中货架上",
    "rightBtn": "右键点击可三合一升星",
    "triggCon": 2,
    "triggEffect": 2,
    "effectVal": 10000,
    "effectDesc": "加满对食品的兴趣值",
    "effectChat": "好饱……嗝……"
  },
  "11523": {
    "id": "11523",
    "name": "南瓜派",
    "type": 1,
    "quality": 5,
    "sprite": "pie3",
    "buyType": 1,
    "price": 40,
    "sell_price": 20,
    "interest": 70,
    "desc": "这是一个南瓜派",
    "leftBtn": "左键点击可放置在场景中货架上",
    "rightBtn": "已升至满级",
    "triggCon": 2,
    "triggEffect": 2,
    "effectVal": 10000,
    "effectDesc": "加满对食品的兴趣值",
    "effectChat": "好饱……嗝……"
  },
  "12101": {
    "id": "12101",
    "name": "美式咖啡",
    "type": 2,
    "quality": 1,
    "sprite": "coffee1",
    "buyType": 1,
    "price": 3,
    "sell_price": 2,
    "interest": 6,
    "desc": "这是一个美式咖啡",
    "leftBtn": "左键点击可放置在场景中货架上",
    "rightBtn": "右键点击可三合一升星",
    "triggCon": 1,
    "triggEffect": 4,
    "effectVal": 300,
    "effectDesc": "顾客对饮料付费增加30%",
    "effectChat": "我要更贵的饮料！"
  },
  "12102": {
    "id": "12102",
    "name": "美式咖啡",
    "type": 2,
    "quality": 1,
    "sprite": "coffee1",
    "buyType": 1,
    "price": 6,
    "sell_price": 3,
    "interest": 6,
    "desc": "这是一个美式咖啡",
    "leftBtn": "左键点击可放置在场景中货架上",
    "rightBtn": "右键点击可三合一升星",
    "triggCon": 1,
    "triggEffect": 4,
    "effectVal": 300,
    "effectDesc": "顾客对饮料付费增加30%",
    "effectChat": "我要更贵的饮料！"
  },
  "12103": {
    "id": "12103",
    "name": "美式咖啡",
    "type": 2,
    "quality": 1,
    "sprite": "coffee1",
    "buyType": 1,
    "price": 12,
    "sell_price": 6,
    "interest": 6,
    "desc": "这是一个美式咖啡",
    "leftBtn": "左键点击可放置在场景中货架上",
    "rightBtn": "已升至满级",
    "triggCon": 1,
    "triggEffect": 4,
    "effectVal": 300,
    "effectDesc": "顾客对饮料付费增加30%",
    "effectChat": "我要更贵的饮料！"
  },
  "12111": {
    "id": "12111",
    "name": "自来水",
    "type": 2,
    "quality": 1,
    "sprite": "water1",
    "buyType": 1,
    "price": 3,
    "sell_price": 2,
    "interest": 6,
    "desc": "这是一个自来水",
    "leftBtn": "左键点击可放置在场景中货架上",
    "rightBtn": "右键点击可三合一升星",
    "triggCon": 1,
    "triggEffect": 1,
    "effectVal": 300,
    "effectDesc": "有30%概率在卖出后返还商品",
    "effectChat": "好难喝，还给你了！"
  },
  "12112": {
    "id": "12112",
    "name": "自来水",
    "type": 2,
    "quality": 1,
    "sprite": "water1",
    "buyType": 1,
    "price": 6,
    "sell_price": 3,
    "interest": 6,
    "desc": "这是一个自来水",
    "leftBtn": "左键点击可放置在场景中货架上",
    "rightBtn": "右键点击可三合一升星",
    "triggCon": 1,
    "triggEffect": 1,
    "effectVal": 300,
    "effectDesc": "有30%概率在卖出后返还商品",
    "effectChat": "好难喝，还给你了！"
  },
  "12113": {
    "id": "12113",
    "name": "自来水",
    "type": 2,
    "quality": 1,
    "sprite": "water1",
    "buyType": 1,
    "price": 12,
    "sell_price": 6,
    "interest": 6,
    "desc": "这是一个自来水",
    "leftBtn": "左键点击可放置在场景中货架上",
    "rightBtn": "已升至满级",
    "triggCon": 1,
    "triggEffect": 1,
    "effectVal": 300,
    "effectDesc": "有30%概率在卖出后返还商品",
    "effectChat": "好难喝，还给你了！"
  },
  "12121": {
    "id": "12121",
    "name": "啤酒",
    "type": 2,
    "quality": 1,
    "sprite": "beer",
    "buyType": 1,
    "price": 3,
    "sell_price": 2,
    "interest": 6,
    "desc": "这是一个啤酒",
    "leftBtn": "左键点击可放置在场景中货架上",
    "rightBtn": "右键点击可三合一升星",
    "triggCon": 1,
    "triggEffect": 3,
    "effectVal": -500,
    "effectDesc": "降低顾客对非饮料的兴趣值50%",
    "effectChat": "啊，我只想喝饮料~"
  },
  "12122": {
    "id": "12122",
    "name": "啤酒",
    "type": 2,
    "quality": 1,
    "sprite": "beer",
    "buyType": 1,
    "price": 6,
    "sell_price": 3,
    "interest": 6,
    "desc": "这是一个啤酒",
    "leftBtn": "左键点击可放置在场景中货架上",
    "rightBtn": "右键点击可三合一升星",
    "triggCon": 1,
    "triggEffect": 3,
    "effectVal": -500,
    "effectDesc": "降低顾客对非饮料的兴趣值50%",
    "effectChat": "啊，我只想喝饮料~"
  },
  "12123": {
    "id": "12123",
    "name": "啤酒",
    "type": 2,
    "quality": 1,
    "sprite": "beer",
    "buyType": 1,
    "price": 12,
    "sell_price": 6,
    "interest": 6,
    "desc": "这是一个啤酒",
    "leftBtn": "左键点击可放置在场景中货架上",
    "rightBtn": "已升至满级",
    "triggCon": 1,
    "triggEffect": 3,
    "effectVal": -500,
    "effectDesc": "降低顾客对非饮料的兴趣值50%",
    "effectChat": "啊，我只想喝饮料~"
  },
  "12201": {
    "id": "12201",
    "name": "拿铁咖啡",
    "type": 2,
    "quality": 2,
    "sprite": "coffee1",
    "buyType": 1,
    "price": 6,
    "sell_price": 3,
    "interest": 16,
    "desc": "这是一个拿铁咖啡",
    "leftBtn": "左键点击可放置在场景中货架上",
    "rightBtn": "右键点击可三合一升星",
    "triggCon": 1,
    "triggEffect": 4,
    "effectVal": 300,
    "effectDesc": "顾客对饮料付费增加30%",
    "effectChat": "我要更贵的饮料！"
  },
  "12202": {
    "id": "12202",
    "name": "拿铁咖啡",
    "type": 2,
    "quality": 2,
    "sprite": "coffee1",
    "buyType": 1,
    "price": 12,
    "sell_price": 6,
    "interest": 16,
    "desc": "这是一个拿铁咖啡",
    "leftBtn": "左键点击可放置在场景中货架上",
    "rightBtn": "右键点击可三合一升星",
    "triggCon": 1,
    "triggEffect": 4,
    "effectVal": 300,
    "effectDesc": "顾客对饮料付费增加30%",
    "effectChat": "我要更贵的饮料！"
  },
  "12203": {
    "id": "12203",
    "name": "拿铁咖啡",
    "type": 2,
    "quality": 2,
    "sprite": "coffee1",
    "buyType": 1,
    "price": 24,
    "sell_price": 12,
    "interest": 16,
    "desc": "这是一个拿铁咖啡",
    "leftBtn": "左键点击可放置在场景中货架上",
    "rightBtn": "已升至满级",
    "triggCon": 1,
    "triggEffect": 4,
    "effectVal": 300,
    "effectDesc": "顾客对饮料付费增加30%",
    "effectChat": "我要更贵的饮料！"
  },
  "12211": {
    "id": "12211",
    "name": "纯净水",
    "type": 2,
    "quality": 2,
    "sprite": "water1",
    "buyType": 1,
    "price": 6,
    "sell_price": 3,
    "interest": 16,
    "desc": "这是一个纯净水",
    "leftBtn": "左键点击可放置在场景中货架上",
    "rightBtn": "右键点击可三合一升星",
    "triggCon": 1,
    "triggEffect": 1,
    "effectVal": 300,
    "effectDesc": "有30%概率在卖出后返还商品",
    "effectChat": "好难喝，还给你了！"
  },
  "12212": {
    "id": "12212",
    "name": "纯净水",
    "type": 2,
    "quality": 2,
    "sprite": "water1",
    "buyType": 1,
    "price": 12,
    "sell_price": 6,
    "interest": 16,
    "desc": "这是一个纯净水",
    "leftBtn": "左键点击可放置在场景中货架上",
    "rightBtn": "右键点击可三合一升星",
    "triggCon": 1,
    "triggEffect": 1,
    "effectVal": 300,
    "effectDesc": "有30%概率在卖出后返还商品",
    "effectChat": "好难喝，还给你了！"
  },
  "12213": {
    "id": "12213",
    "name": "纯净水",
    "type": 2,
    "quality": 2,
    "sprite": "water1",
    "buyType": 1,
    "price": 24,
    "sell_price": 12,
    "interest": 16,
    "desc": "这是一个纯净水",
    "leftBtn": "左键点击可放置在场景中货架上",
    "rightBtn": "已升至满级",
    "triggCon": 1,
    "triggEffect": 1,
    "effectVal": 300,
    "effectDesc": "有30%概率在卖出后返还商品",
    "effectChat": "好难喝，还给你了！"
  },
  "12221": {
    "id": "12221",
    "name": "精酿啤酒",
    "type": 2,
    "quality": 2,
    "sprite": "beer",
    "buyType": 1,
    "price": 6,
    "sell_price": 3,
    "interest": 16,
    "desc": "这是一个精酿啤酒",
    "leftBtn": "左键点击可放置在场景中货架上",
    "rightBtn": "右键点击可三合一升星",
    "triggCon": 1,
    "triggEffect": 3,
    "effectVal": -500,
    "effectDesc": "降低顾客对非饮料的兴趣值50%",
    "effectChat": "啊，我只想喝饮料~"
  },
  "12222": {
    "id": "12222",
    "name": "精酿啤酒",
    "type": 2,
    "quality": 2,
    "sprite": "beer",
    "buyType": 1,
    "price": 12,
    "sell_price": 6,
    "interest": 16,
    "desc": "这是一个精酿啤酒",
    "leftBtn": "左键点击可放置在场景中货架上",
    "rightBtn": "右键点击可三合一升星",
    "triggCon": 1,
    "triggEffect": 3,
    "effectVal": -500,
    "effectDesc": "降低顾客对非饮料的兴趣值50%",
    "effectChat": "啊，我只想喝饮料~"
  },
  "12223": {
    "id": "12223",
    "name": "精酿啤酒",
    "type": 2,
    "quality": 2,
    "sprite": "beer",
    "buyType": 1,
    "price": 24,
    "sell_price": 12,
    "interest": 16,
    "desc": "这是一个精酿啤酒",
    "leftBtn": "左键点击可放置在场景中货架上",
    "rightBtn": "已升至满级",
    "triggCon": 1,
    "triggEffect": 3,
    "effectVal": -500,
    "effectDesc": "降低顾客对非饮料的兴趣值50%",
    "effectChat": "啊，我只想喝饮料~"
  },
  "12301": {
    "id": "12301",
    "name": "香草拿铁",
    "type": 2,
    "quality": 3,
    "sprite": "coffee2",
    "buyType": 1,
    "price": 9,
    "sell_price": 5,
    "interest": 30,
    "desc": "这是一个香草拿铁",
    "leftBtn": "左键点击可放置在场景中货架上",
    "rightBtn": "右键点击可三合一升星",
    "triggCon": 1,
    "triggEffect": 4,
    "effectVal": 300,
    "effectDesc": "顾客对饮料付费增加30%",
    "effectChat": "我要更贵的饮料！"
  },
  "12302": {
    "id": "12302",
    "name": "香草拿铁",
    "type": 2,
    "quality": 3,
    "sprite": "coffee2",
    "buyType": 1,
    "price": 18,
    "sell_price": 9,
    "interest": 30,
    "desc": "这是一个香草拿铁",
    "leftBtn": "左键点击可放置在场景中货架上",
    "rightBtn": "右键点击可三合一升星",
    "triggCon": 1,
    "triggEffect": 4,
    "effectVal": 300,
    "effectDesc": "顾客对饮料付费增加30%",
    "effectChat": "我要更贵的饮料！"
  },
  "12303": {
    "id": "12303",
    "name": "香草拿铁",
    "type": 2,
    "quality": 3,
    "sprite": "coffee2",
    "buyType": 1,
    "price": 36,
    "sell_price": 18,
    "interest": 30,
    "desc": "这是一个香草拿铁",
    "leftBtn": "左键点击可放置在场景中货架上",
    "rightBtn": "已升至满级",
    "triggCon": 1,
    "triggEffect": 4,
    "effectVal": 300,
    "effectDesc": "顾客对饮料付费增加30%",
    "effectChat": "我要更贵的饮料！"
  },
  "12311": {
    "id": "12311",
    "name": "矿泉水",
    "type": 2,
    "quality": 3,
    "sprite": "water2",
    "buyType": 1,
    "price": 9,
    "sell_price": 5,
    "interest": 30,
    "desc": "这是一个矿泉水",
    "leftBtn": "左键点击可放置在场景中货架上",
    "rightBtn": "右键点击可三合一升星",
    "triggCon": 1,
    "triggEffect": 1,
    "effectVal": 300,
    "effectDesc": "有30%概率在卖出后返还商品",
    "effectChat": "好难喝，还给你了！"
  },
  "12312": {
    "id": "12312",
    "name": "矿泉水",
    "type": 2,
    "quality": 3,
    "sprite": "water2",
    "buyType": 1,
    "price": 18,
    "sell_price": 9,
    "interest": 30,
    "desc": "这是一个矿泉水",
    "leftBtn": "左键点击可放置在场景中货架上",
    "rightBtn": "右键点击可三合一升星",
    "triggCon": 1,
    "triggEffect": 1,
    "effectVal": 300,
    "effectDesc": "有30%概率在卖出后返还商品",
    "effectChat": "好难喝，还给你了！"
  },
  "12313": {
    "id": "12313",
    "name": "矿泉水",
    "type": 2,
    "quality": 3,
    "sprite": "water2",
    "buyType": 1,
    "price": 36,
    "sell_price": 18,
    "interest": 30,
    "desc": "这是一个矿泉水",
    "leftBtn": "左键点击可放置在场景中货架上",
    "rightBtn": "已升至满级",
    "triggCon": 1,
    "triggEffect": 1,
    "effectVal": 300,
    "effectDesc": "有30%概率在卖出后返还商品",
    "effectChat": "好难喝，还给你了！"
  },
  "12321": {
    "id": "12321",
    "name": "红酒",
    "type": 2,
    "quality": 3,
    "sprite": "wine",
    "buyType": 1,
    "price": 9,
    "sell_price": 5,
    "interest": 30,
    "desc": "这是一个红酒",
    "leftBtn": "左键点击可放置在场景中货架上",
    "rightBtn": "右键点击可三合一升星",
    "triggCon": 1,
    "triggEffect": 3,
    "effectVal": -500,
    "effectDesc": "降低顾客对非饮料的兴趣值50%",
    "effectChat": "啊，我只想喝饮料~"
  },
  "12322": {
    "id": "12322",
    "name": "红酒",
    "type": 2,
    "quality": 3,
    "sprite": "wine",
    "buyType": 1,
    "price": 18,
    "sell_price": 9,
    "interest": 30,
    "desc": "这是一个红酒",
    "leftBtn": "左键点击可放置在场景中货架上",
    "rightBtn": "右键点击可三合一升星",
    "triggCon": 1,
    "triggEffect": 3,
    "effectVal": -500,
    "effectDesc": "降低顾客对非饮料的兴趣值50%",
    "effectChat": "啊，我只想喝饮料~"
  },
  "12323": {
    "id": "12323",
    "name": "红酒",
    "type": 2,
    "quality": 3,
    "sprite": "wine",
    "buyType": 1,
    "price": 36,
    "sell_price": 18,
    "interest": 30,
    "desc": "这是一个红酒",
    "leftBtn": "左键点击可放置在场景中货架上",
    "rightBtn": "已升至满级",
    "triggCon": 1,
    "triggEffect": 3,
    "effectVal": -500,
    "effectDesc": "降低顾客对非饮料的兴趣值50%",
    "effectChat": "啊，我只想喝饮料~"
  },
  "12401": {
    "id": "12401",
    "name": "摩卡咖啡",
    "type": 2,
    "quality": 4,
    "sprite": "coffee2",
    "buyType": 1,
    "price": 12,
    "sell_price": 6,
    "interest": 48,
    "desc": "这是一个摩卡咖啡",
    "leftBtn": "左键点击可放置在场景中货架上",
    "rightBtn": "右键点击可三合一升星",
    "triggCon": 1,
    "triggEffect": 4,
    "effectVal": 300,
    "effectDesc": "顾客对饮料付费增加30%",
    "effectChat": "我要更贵的饮料！"
  },
  "12402": {
    "id": "12402",
    "name": "摩卡咖啡",
    "type": 2,
    "quality": 4,
    "sprite": "coffee2",
    "buyType": 1,
    "price": 24,
    "sell_price": 12,
    "interest": 48,
    "desc": "这是一个摩卡咖啡",
    "leftBtn": "左键点击可放置在场景中货架上",
    "rightBtn": "右键点击可三合一升星",
    "triggCon": 1,
    "triggEffect": 4,
    "effectVal": 300,
    "effectDesc": "顾客对饮料付费增加30%",
    "effectChat": "我要更贵的饮料！"
  },
  "12403": {
    "id": "12403",
    "name": "摩卡咖啡",
    "type": 2,
    "quality": 4,
    "sprite": "coffee2",
    "buyType": 1,
    "price": 48,
    "sell_price": 24,
    "interest": 48,
    "desc": "这是一个摩卡咖啡",
    "leftBtn": "左键点击可放置在场景中货架上",
    "rightBtn": "已升至满级",
    "triggCon": 1,
    "triggEffect": 4,
    "effectVal": 300,
    "effectDesc": "顾客对饮料付费增加30%",
    "effectChat": "我要更贵的饮料！"
  },
  "12411": {
    "id": "12411",
    "name": "冰川水",
    "type": 2,
    "quality": 4,
    "sprite": "water2",
    "buyType": 1,
    "price": 12,
    "sell_price": 6,
    "interest": 48,
    "desc": "这是一个冰川水",
    "leftBtn": "左键点击可放置在场景中货架上",
    "rightBtn": "右键点击可三合一升星",
    "triggCon": 1,
    "triggEffect": 1,
    "effectVal": 300,
    "effectDesc": "有30%概率在卖出后返还商品",
    "effectChat": "好难喝，还给你了！"
  },
  "12412": {
    "id": "12412",
    "name": "冰川水",
    "type": 2,
    "quality": 4,
    "sprite": "water2",
    "buyType": 1,
    "price": 24,
    "sell_price": 12,
    "interest": 48,
    "desc": "这是一个冰川水",
    "leftBtn": "左键点击可放置在场景中货架上",
    "rightBtn": "右键点击可三合一升星",
    "triggCon": 1,
    "triggEffect": 1,
    "effectVal": 300,
    "effectDesc": "有30%概率在卖出后返还商品",
    "effectChat": "好难喝，还给你了！"
  },
  "12413": {
    "id": "12413",
    "name": "冰川水",
    "type": 2,
    "quality": 4,
    "sprite": "water2",
    "buyType": 1,
    "price": 48,
    "sell_price": 24,
    "interest": 48,
    "desc": "这是一个冰川水",
    "leftBtn": "左键点击可放置在场景中货架上",
    "rightBtn": "已升至满级",
    "triggCon": 1,
    "triggEffect": 1,
    "effectVal": 300,
    "effectDesc": "有30%概率在卖出后返还商品",
    "effectChat": "好难喝，还给你了！"
  },
  "12421": {
    "id": "12421",
    "name": "高档红酒",
    "type": 2,
    "quality": 4,
    "sprite": "wine",
    "buyType": 1,
    "price": 12,
    "sell_price": 6,
    "interest": 48,
    "desc": "这是一个高档红酒",
    "leftBtn": "左键点击可放置在场景中货架上",
    "rightBtn": "右键点击可三合一升星",
    "triggCon": 1,
    "triggEffect": 3,
    "effectVal": -500,
    "effectDesc": "降低顾客对非饮料的兴趣值50%",
    "effectChat": "啊，我只想喝饮料~"
  },
  "12422": {
    "id": "12422",
    "name": "高档红酒",
    "type": 2,
    "quality": 4,
    "sprite": "wine",
    "buyType": 1,
    "price": 24,
    "sell_price": 12,
    "interest": 48,
    "desc": "这是一个高档红酒",
    "leftBtn": "左键点击可放置在场景中货架上",
    "rightBtn": "右键点击可三合一升星",
    "triggCon": 1,
    "triggEffect": 3,
    "effectVal": -500,
    "effectDesc": "降低顾客对非饮料的兴趣值50%",
    "effectChat": "啊，我只想喝饮料~"
  },
  "12423": {
    "id": "12423",
    "name": "高档红酒",
    "type": 2,
    "quality": 4,
    "sprite": "wine",
    "buyType": 1,
    "price": 48,
    "sell_price": 24,
    "interest": 48,
    "desc": "这是一个高档红酒",
    "leftBtn": "左键点击可放置在场景中货架上",
    "rightBtn": "已升至满级",
    "triggCon": 1,
    "triggEffect": 3,
    "effectVal": -500,
    "effectDesc": "降低顾客对非饮料的兴趣值50%",
    "effectChat": "啊，我只想喝饮料~"
  },
  "12501": {
    "id": "12501",
    "name": "卡布奇诺",
    "type": 2,
    "quality": 5,
    "sprite": "coffee3",
    "buyType": 1,
    "price": 15,
    "sell_price": 8,
    "interest": 70,
    "desc": "这是一个卡布奇诺",
    "leftBtn": "左键点击可放置在场景中货架上",
    "rightBtn": "右键点击可三合一升星",
    "triggCon": 1,
    "triggEffect": 4,
    "effectVal": 300,
    "effectDesc": "顾客对饮料付费增加30%",
    "effectChat": "我要更贵的饮料！"
  },
  "12502": {
    "id": "12502",
    "name": "卡布奇诺",
    "type": 2,
    "quality": 5,
    "sprite": "coffee3",
    "buyType": 1,
    "price": 30,
    "sell_price": 15,
    "interest": 70,
    "desc": "这是一个卡布奇诺",
    "leftBtn": "左键点击可放置在场景中货架上",
    "rightBtn": "右键点击可三合一升星",
    "triggCon": 1,
    "triggEffect": 4,
    "effectVal": 300,
    "effectDesc": "顾客对饮料付费增加30%",
    "effectChat": "我要更贵的饮料！"
  },
  "12503": {
    "id": "12503",
    "name": "卡布奇诺",
    "type": 2,
    "quality": 5,
    "sprite": "coffee3",
    "buyType": 1,
    "price": 60,
    "sell_price": 30,
    "interest": 70,
    "desc": "这是一个卡布奇诺",
    "leftBtn": "左键点击可放置在场景中货架上",
    "rightBtn": "已升至满级",
    "triggCon": 1,
    "triggEffect": 4,
    "effectVal": 300,
    "effectDesc": "顾客对饮料付费增加30%",
    "effectChat": "我要更贵的饮料！"
  },
  "12511": {
    "id": "12511",
    "name": "蛇草水",
    "type": 2,
    "quality": 5,
    "sprite": "water3",
    "buyType": 1,
    "price": 15,
    "sell_price": 8,
    "interest": 70,
    "desc": "这是一个蛇草水",
    "leftBtn": "左键点击可放置在场景中货架上",
    "rightBtn": "右键点击可三合一升星",
    "triggCon": 1,
    "triggEffect": 1,
    "effectVal": 300,
    "effectDesc": "有30%概率在卖出后返还商品",
    "effectChat": "好难喝，还给你了！"
  },
  "12512": {
    "id": "12512",
    "name": "蛇草水",
    "type": 2,
    "quality": 5,
    "sprite": "water3",
    "buyType": 1,
    "price": 30,
    "sell_price": 15,
    "interest": 70,
    "desc": "这是一个蛇草水",
    "leftBtn": "左键点击可放置在场景中货架上",
    "rightBtn": "右键点击可三合一升星",
    "triggCon": 1,
    "triggEffect": 1,
    "effectVal": 300,
    "effectDesc": "有30%概率在卖出后返还商品",
    "effectChat": "好难喝，还给你了！"
  },
  "12513": {
    "id": "12513",
    "name": "蛇草水",
    "type": 2,
    "quality": 5,
    "sprite": "water3",
    "buyType": 1,
    "price": 60,
    "sell_price": 30,
    "interest": 70,
    "desc": "这是一个蛇草水",
    "leftBtn": "左键点击可放置在场景中货架上",
    "rightBtn": "已升至满级",
    "triggCon": 1,
    "triggEffect": 1,
    "effectVal": 300,
    "effectDesc": "有30%概率在卖出后返还商品",
    "effectChat": "好难喝，还给你了！"
  },
  "12521": {
    "id": "12521",
    "name": "威士忌",
    "type": 2,
    "quality": 5,
    "sprite": "whiskey",
    "buyType": 1,
    "price": 15,
    "sell_price": 8,
    "interest": 70,
    "desc": "这是一个威士忌",
    "leftBtn": "左键点击可放置在场景中货架上",
    "rightBtn": "右键点击可三合一升星",
    "triggCon": 1,
    "triggEffect": 3,
    "effectVal": -500,
    "effectDesc": "降低顾客对非饮料的兴趣值50%",
    "effectChat": "啊，我只想喝饮料~"
  },
  "12522": {
    "id": "12522",
    "name": "威士忌",
    "type": 2,
    "quality": 5,
    "sprite": "whiskey",
    "buyType": 1,
    "price": 30,
    "sell_price": 15,
    "interest": 70,
    "desc": "这是一个威士忌",
    "leftBtn": "左键点击可放置在场景中货架上",
    "rightBtn": "右键点击可三合一升星",
    "triggCon": 1,
    "triggEffect": 3,
    "effectVal": -500,
    "effectDesc": "降低顾客对非饮料的兴趣值50%",
    "effectChat": "啊，我只想喝饮料~"
  },
  "12523": {
    "id": "12523",
    "name": "威士忌",
    "type": 2,
    "quality": 5,
    "sprite": "whiskey",
    "buyType": 1,
    "price": 60,
    "sell_price": 30,
    "interest": 70,
    "desc": "这是一个威士忌",
    "leftBtn": "左键点击可放置在场景中货架上",
    "rightBtn": "已升至满级",
    "triggCon": 1,
    "triggEffect": 3,
    "effectVal": -500,
    "effectDesc": "降低顾客对非饮料的兴趣值50%",
    "effectChat": "啊，我只想喝饮料~"
  },
  "13101": {
    "id": "13101",
    "name": "戒指",
    "type": 3,
    "quality": 1,
    "sprite": "ring1",
    "buyType": 1,
    "price": 4,
    "sell_price": 2,
    "interest": 6,
    "desc": "这是一个戒指",
    "leftBtn": "左键点击可放置在场景中货架上",
    "rightBtn": "右键点击可三合一升星",
    "triggCon": 3,
    "triggEffect": 6,
    "effectVal": 200,
    "effectDesc": "开店时同货架商品售价提高20%",
    "effectChat": null
  },
  "13102": {
    "id": "13102",
    "name": "戒指",
    "type": 3,
    "quality": 1,
    "sprite": "ring1",
    "buyType": 1,
    "price": 8,
    "sell_price": 4,
    "interest": 6,
    "desc": "这是一个戒指",
    "leftBtn": "左键点击可放置在场景中货架上",
    "rightBtn": "右键点击可三合一升星",
    "triggCon": 3,
    "triggEffect": 6,
    "effectVal": 200,
    "effectDesc": "开店时同货架商品售价提高20%",
    "effectChat": null
  },
  "13103": {
    "id": "13103",
    "name": "戒指",
    "type": 3,
    "quality": 1,
    "sprite": "ring1",
    "buyType": 1,
    "price": 16,
    "sell_price": 8,
    "interest": 6,
    "desc": "这是一个戒指",
    "leftBtn": "左键点击可放置在场景中货架上",
    "rightBtn": "已升至满级",
    "triggCon": 3,
    "triggEffect": 6,
    "effectVal": 200,
    "effectDesc": "开店时同货架商品售价提高20%",
    "effectChat": null
  },
  "13111": {
    "id": "13111",
    "name": "项链",
    "type": 3,
    "quality": 1,
    "sprite": "necklace1",
    "buyType": 1,
    "price": 4,
    "sell_price": 2,
    "interest": 6,
    "desc": "这是一个项链",
    "leftBtn": "左键点击可放置在场景中货架上",
    "rightBtn": "右键点击可三合一升星",
    "triggCon": 3,
    "triggEffect": 7,
    "effectVal": 100,
    "effectDesc": "开店时所有商品售价提高10%",
    "effectChat": null
  },
  "13112": {
    "id": "13112",
    "name": "项链",
    "type": 3,
    "quality": 1,
    "sprite": "necklace1",
    "buyType": 1,
    "price": 8,
    "sell_price": 4,
    "interest": 6,
    "desc": "这是一个项链",
    "leftBtn": "左键点击可放置在场景中货架上",
    "rightBtn": "右键点击可三合一升星",
    "triggCon": 3,
    "triggEffect": 7,
    "effectVal": 100,
    "effectDesc": "开店时所有商品售价提高10%",
    "effectChat": null
  },
  "13113": {
    "id": "13113",
    "name": "项链",
    "type": 3,
    "quality": 1,
    "sprite": "necklace1",
    "buyType": 1,
    "price": 16,
    "sell_price": 8,
    "interest": 6,
    "desc": "这是一个项链",
    "leftBtn": "左键点击可放置在场景中货架上",
    "rightBtn": "已升至满级",
    "triggCon": 3,
    "triggEffect": 7,
    "effectVal": 100,
    "effectDesc": "开店时所有商品售价提高10%",
    "effectChat": null
  },
  "13121": {
    "id": "13121",
    "name": "面具",
    "type": 3,
    "quality": 1,
    "sprite": "mask1",
    "buyType": 1,
    "price": 4,
    "sell_price": 2,
    "interest": 6,
    "desc": "这是一个面具",
    "leftBtn": "左键点击可放置在场景中货架上",
    "rightBtn": "右键点击可三合一升星",
    "triggCon": 3,
    "triggEffect": 9,
    "effectVal": 400,
    "effectDesc": "开店时获得40%商品售价的金钱",
    "effectChat": null
  },
  "13122": {
    "id": "13122",
    "name": "面具",
    "type": 3,
    "quality": 1,
    "sprite": "mask1",
    "buyType": 1,
    "price": 8,
    "sell_price": 4,
    "interest": 6,
    "desc": "这是一个面具",
    "leftBtn": "左键点击可放置在场景中货架上",
    "rightBtn": "右键点击可三合一升星",
    "triggCon": 3,
    "triggEffect": 9,
    "effectVal": 400,
    "effectDesc": "开店时获得40%商品售价的金钱",
    "effectChat": null
  },
  "13123": {
    "id": "13123",
    "name": "面具",
    "type": 3,
    "quality": 1,
    "sprite": "mask1",
    "buyType": 1,
    "price": 16,
    "sell_price": 8,
    "interest": 6,
    "desc": "这是一个面具",
    "leftBtn": "左键点击可放置在场景中货架上",
    "rightBtn": "已升至满级",
    "triggCon": 3,
    "triggEffect": 9,
    "effectVal": 400,
    "effectDesc": "开店时获得40%商品售价的金钱",
    "effectChat": null
  },
  "13201": {
    "id": "13201",
    "name": "塑料戒指",
    "type": 3,
    "quality": 2,
    "sprite": "ring1",
    "buyType": 1,
    "price": 8,
    "sell_price": 4,
    "interest": 16,
    "desc": "这是一个塑料戒指",
    "leftBtn": "左键点击可放置在场景中货架上",
    "rightBtn": "右键点击可三合一升星",
    "triggCon": 3,
    "triggEffect": 6,
    "effectVal": 200,
    "effectDesc": "开店时同货架商品售价提高20%",
    "effectChat": null
  },
  "13202": {
    "id": "13202",
    "name": "塑料戒指",
    "type": 3,
    "quality": 2,
    "sprite": "ring1",
    "buyType": 1,
    "price": 16,
    "sell_price": 8,
    "interest": 16,
    "desc": "这是一个塑料戒指",
    "leftBtn": "左键点击可放置在场景中货架上",
    "rightBtn": "右键点击可三合一升星",
    "triggCon": 3,
    "triggEffect": 6,
    "effectVal": 200,
    "effectDesc": "开店时同货架商品售价提高20%",
    "effectChat": null
  },
  "13203": {
    "id": "13203",
    "name": "塑料戒指",
    "type": 3,
    "quality": 2,
    "sprite": "ring1",
    "buyType": 1,
    "price": 32,
    "sell_price": 16,
    "interest": 16,
    "desc": "这是一个塑料戒指",
    "leftBtn": "左键点击可放置在场景中货架上",
    "rightBtn": "已升至满级",
    "triggCon": 3,
    "triggEffect": 6,
    "effectVal": 200,
    "effectDesc": "开店时同货架商品售价提高20%",
    "effectChat": null
  },
  "13211": {
    "id": "13211",
    "name": "塑料项链",
    "type": 3,
    "quality": 2,
    "sprite": "necklace1",
    "buyType": 1,
    "price": 8,
    "sell_price": 4,
    "interest": 16,
    "desc": "这是一个塑料项链",
    "leftBtn": "左键点击可放置在场景中货架上",
    "rightBtn": "右键点击可三合一升星",
    "triggCon": 3,
    "triggEffect": 7,
    "effectVal": 100,
    "effectDesc": "开店时所有商品售价提高10%",
    "effectChat": null
  },
  "13212": {
    "id": "13212",
    "name": "塑料项链",
    "type": 3,
    "quality": 2,
    "sprite": "necklace1",
    "buyType": 1,
    "price": 16,
    "sell_price": 8,
    "interest": 16,
    "desc": "这是一个塑料项链",
    "leftBtn": "左键点击可放置在场景中货架上",
    "rightBtn": "右键点击可三合一升星",
    "triggCon": 3,
    "triggEffect": 7,
    "effectVal": 100,
    "effectDesc": "开店时所有商品售价提高10%",
    "effectChat": null
  },
  "13213": {
    "id": "13213",
    "name": "塑料项链",
    "type": 3,
    "quality": 2,
    "sprite": "necklace1",
    "buyType": 1,
    "price": 32,
    "sell_price": 16,
    "interest": 16,
    "desc": "这是一个塑料项链",
    "leftBtn": "左键点击可放置在场景中货架上",
    "rightBtn": "已升至满级",
    "triggCon": 3,
    "triggEffect": 7,
    "effectVal": 100,
    "effectDesc": "开店时所有商品售价提高10%",
    "effectChat": null
  },
  "13221": {
    "id": "13221",
    "name": "铜面具",
    "type": 3,
    "quality": 2,
    "sprite": "mask1",
    "buyType": 1,
    "price": 8,
    "sell_price": 4,
    "interest": 16,
    "desc": "这是一个铜面具",
    "leftBtn": "左键点击可放置在场景中货架上",
    "rightBtn": "右键点击可三合一升星",
    "triggCon": 3,
    "triggEffect": 9,
    "effectVal": 400,
    "effectDesc": "开店时获得40%商品售价的金钱",
    "effectChat": null
  },
  "13222": {
    "id": "13222",
    "name": "铜面具",
    "type": 3,
    "quality": 2,
    "sprite": "mask1",
    "buyType": 1,
    "price": 16,
    "sell_price": 8,
    "interest": 16,
    "desc": "这是一个铜面具",
    "leftBtn": "左键点击可放置在场景中货架上",
    "rightBtn": "右键点击可三合一升星",
    "triggCon": 3,
    "triggEffect": 9,
    "effectVal": 400,
    "effectDesc": "开店时获得40%商品售价的金钱",
    "effectChat": null
  },
  "13223": {
    "id": "13223",
    "name": "铜面具",
    "type": 3,
    "quality": 2,
    "sprite": "mask1",
    "buyType": 1,
    "price": 32,
    "sell_price": 16,
    "interest": 16,
    "desc": "这是一个铜面具",
    "leftBtn": "左键点击可放置在场景中货架上",
    "rightBtn": "已升至满级",
    "triggCon": 3,
    "triggEffect": 9,
    "effectVal": 400,
    "effectDesc": "开店时获得40%商品售价的金钱",
    "effectChat": null
  },
  "13301": {
    "id": "13301",
    "name": "铜戒指",
    "type": 3,
    "quality": 3,
    "sprite": "ring2",
    "buyType": 1,
    "price": 12,
    "sell_price": 6,
    "interest": 30,
    "desc": "这是一个铜戒指",
    "leftBtn": "左键点击可放置在场景中货架上",
    "rightBtn": "右键点击可三合一升星",
    "triggCon": 3,
    "triggEffect": 6,
    "effectVal": 200,
    "effectDesc": "开店时同货架商品售价提高20%",
    "effectChat": null
  },
  "13302": {
    "id": "13302",
    "name": "铜戒指",
    "type": 3,
    "quality": 3,
    "sprite": "ring2",
    "buyType": 1,
    "price": 24,
    "sell_price": 12,
    "interest": 30,
    "desc": "这是一个铜戒指",
    "leftBtn": "左键点击可放置在场景中货架上",
    "rightBtn": "右键点击可三合一升星",
    "triggCon": 3,
    "triggEffect": 6,
    "effectVal": 200,
    "effectDesc": "开店时同货架商品售价提高20%",
    "effectChat": null
  },
  "13303": {
    "id": "13303",
    "name": "铜戒指",
    "type": 3,
    "quality": 3,
    "sprite": "ring2",
    "buyType": 1,
    "price": 48,
    "sell_price": 24,
    "interest": 30,
    "desc": "这是一个铜戒指",
    "leftBtn": "左键点击可放置在场景中货架上",
    "rightBtn": "已升至满级",
    "triggCon": 3,
    "triggEffect": 6,
    "effectVal": 200,
    "effectDesc": "开店时同货架商品售价提高20%",
    "effectChat": null
  },
  "13311": {
    "id": "13311",
    "name": "铜项链",
    "type": 3,
    "quality": 3,
    "sprite": "necklace2",
    "buyType": 1,
    "price": 12,
    "sell_price": 6,
    "interest": 30,
    "desc": "这是一个铜项链",
    "leftBtn": "左键点击可放置在场景中货架上",
    "rightBtn": "右键点击可三合一升星",
    "triggCon": 3,
    "triggEffect": 7,
    "effectVal": 100,
    "effectDesc": "开店时所有商品售价提高10%",
    "effectChat": null
  },
  "13312": {
    "id": "13312",
    "name": "铜项链",
    "type": 3,
    "quality": 3,
    "sprite": "necklace2",
    "buyType": 1,
    "price": 24,
    "sell_price": 12,
    "interest": 30,
    "desc": "这是一个铜项链",
    "leftBtn": "左键点击可放置在场景中货架上",
    "rightBtn": "右键点击可三合一升星",
    "triggCon": 3,
    "triggEffect": 7,
    "effectVal": 100,
    "effectDesc": "开店时所有商品售价提高10%",
    "effectChat": null
  },
  "13313": {
    "id": "13313",
    "name": "铜项链",
    "type": 3,
    "quality": 3,
    "sprite": "necklace2",
    "buyType": 1,
    "price": 48,
    "sell_price": 24,
    "interest": 30,
    "desc": "这是一个铜项链",
    "leftBtn": "左键点击可放置在场景中货架上",
    "rightBtn": "已升至满级",
    "triggCon": 3,
    "triggEffect": 7,
    "effectVal": 100,
    "effectDesc": "开店时所有商品售价提高10%",
    "effectChat": null
  },
  "13321": {
    "id": "13321",
    "name": "铁面具",
    "type": 3,
    "quality": 3,
    "sprite": "mask2",
    "buyType": 1,
    "price": 12,
    "sell_price": 6,
    "interest": 30,
    "desc": "这是一个铁面具",
    "leftBtn": "左键点击可放置在场景中货架上",
    "rightBtn": "右键点击可三合一升星",
    "triggCon": 3,
    "triggEffect": 9,
    "effectVal": 400,
    "effectDesc": "开店时获得40%商品售价的金钱",
    "effectChat": null
  },
  "13322": {
    "id": "13322",
    "name": "铁面具",
    "type": 3,
    "quality": 3,
    "sprite": "mask2",
    "buyType": 1,
    "price": 24,
    "sell_price": 12,
    "interest": 30,
    "desc": "这是一个铁面具",
    "leftBtn": "左键点击可放置在场景中货架上",
    "rightBtn": "右键点击可三合一升星",
    "triggCon": 3,
    "triggEffect": 9,
    "effectVal": 400,
    "effectDesc": "开店时获得40%商品售价的金钱",
    "effectChat": null
  },
  "13323": {
    "id": "13323",
    "name": "铁面具",
    "type": 3,
    "quality": 3,
    "sprite": "mask2",
    "buyType": 1,
    "price": 48,
    "sell_price": 24,
    "interest": 30,
    "desc": "这是一个铁面具",
    "leftBtn": "左键点击可放置在场景中货架上",
    "rightBtn": "已升至满级",
    "triggCon": 3,
    "triggEffect": 9,
    "effectVal": 400,
    "effectDesc": "开店时获得40%商品售价的金钱",
    "effectChat": null
  },
  "13401": {
    "id": "13401",
    "name": "金戒指",
    "type": 3,
    "quality": 4,
    "sprite": "ring2",
    "buyType": 1,
    "price": 16,
    "sell_price": 8,
    "interest": 48,
    "desc": "这是一个金戒指",
    "leftBtn": "左键点击可放置在场景中货架上",
    "rightBtn": "右键点击可三合一升星",
    "triggCon": 3,
    "triggEffect": 6,
    "effectVal": 200,
    "effectDesc": "开店时同货架商品售价提高20%",
    "effectChat": null
  },
  "13402": {
    "id": "13402",
    "name": "金戒指",
    "type": 3,
    "quality": 4,
    "sprite": "ring2",
    "buyType": 1,
    "price": 32,
    "sell_price": 16,
    "interest": 48,
    "desc": "这是一个金戒指",
    "leftBtn": "左键点击可放置在场景中货架上",
    "rightBtn": "右键点击可三合一升星",
    "triggCon": 3,
    "triggEffect": 6,
    "effectVal": 200,
    "effectDesc": "开店时同货架商品售价提高20%",
    "effectChat": null
  },
  "13403": {
    "id": "13403",
    "name": "金戒指",
    "type": 3,
    "quality": 4,
    "sprite": "ring2",
    "buyType": 1,
    "price": 64,
    "sell_price": 32,
    "interest": 48,
    "desc": "这是一个金戒指",
    "leftBtn": "左键点击可放置在场景中货架上",
    "rightBtn": "已升至满级",
    "triggCon": 3,
    "triggEffect": 6,
    "effectVal": 200,
    "effectDesc": "开店时同货架商品售价提高20%",
    "effectChat": null
  },
  "13411": {
    "id": "13411",
    "name": "金项链",
    "type": 3,
    "quality": 4,
    "sprite": "necklace2",
    "buyType": 1,
    "price": 16,
    "sell_price": 8,
    "interest": 48,
    "desc": "这是一个金项链",
    "leftBtn": "左键点击可放置在场景中货架上",
    "rightBtn": "右键点击可三合一升星",
    "triggCon": 3,
    "triggEffect": 7,
    "effectVal": 100,
    "effectDesc": "开店时所有商品售价提高10%",
    "effectChat": null
  },
  "13412": {
    "id": "13412",
    "name": "金项链",
    "type": 3,
    "quality": 4,
    "sprite": "necklace2",
    "buyType": 1,
    "price": 32,
    "sell_price": 16,
    "interest": 48,
    "desc": "这是一个金项链",
    "leftBtn": "左键点击可放置在场景中货架上",
    "rightBtn": "右键点击可三合一升星",
    "triggCon": 3,
    "triggEffect": 7,
    "effectVal": 100,
    "effectDesc": "开店时所有商品售价提高10%",
    "effectChat": null
  },
  "13413": {
    "id": "13413",
    "name": "金项链",
    "type": 3,
    "quality": 4,
    "sprite": "necklace2",
    "buyType": 1,
    "price": 64,
    "sell_price": 32,
    "interest": 48,
    "desc": "这是一个金项链",
    "leftBtn": "左键点击可放置在场景中货架上",
    "rightBtn": "已升至满级",
    "triggCon": 3,
    "triggEffect": 7,
    "effectVal": 100,
    "effectDesc": "开店时所有商品售价提高10%",
    "effectChat": null
  },
  "13421": {
    "id": "13421",
    "name": "银面具",
    "type": 3,
    "quality": 4,
    "sprite": "mask2",
    "buyType": 1,
    "price": 16,
    "sell_price": 8,
    "interest": 48,
    "desc": "这是一个银面具",
    "leftBtn": "左键点击可放置在场景中货架上",
    "rightBtn": "右键点击可三合一升星",
    "triggCon": 3,
    "triggEffect": 9,
    "effectVal": 400,
    "effectDesc": "开店时获得40%商品售价的金钱",
    "effectChat": null
  },
  "13422": {
    "id": "13422",
    "name": "银面具",
    "type": 3,
    "quality": 4,
    "sprite": "mask2",
    "buyType": 1,
    "price": 32,
    "sell_price": 16,
    "interest": 48,
    "desc": "这是一个银面具",
    "leftBtn": "左键点击可放置在场景中货架上",
    "rightBtn": "右键点击可三合一升星",
    "triggCon": 3,
    "triggEffect": 9,
    "effectVal": 400,
    "effectDesc": "开店时获得40%商品售价的金钱",
    "effectChat": null
  },
  "13423": {
    "id": "13423",
    "name": "银面具",
    "type": 3,
    "quality": 4,
    "sprite": "mask2",
    "buyType": 1,
    "price": 64,
    "sell_price": 32,
    "interest": 48,
    "desc": "这是一个银面具",
    "leftBtn": "左键点击可放置在场景中货架上",
    "rightBtn": "已升至满级",
    "triggCon": 3,
    "triggEffect": 9,
    "effectVal": 400,
    "effectDesc": "开店时获得40%商品售价的金钱",
    "effectChat": null
  },
  "13501": {
    "id": "13501",
    "name": "铂金戒指",
    "type": 3,
    "quality": 5,
    "sprite": "ring3",
    "buyType": 1,
    "price": 20,
    "sell_price": 10,
    "interest": 70,
    "desc": "这是一个铂金戒指",
    "leftBtn": "左键点击可放置在场景中货架上",
    "rightBtn": "右键点击可三合一升星",
    "triggCon": 3,
    "triggEffect": 6,
    "effectVal": 200,
    "effectDesc": "开店时同货架商品售价提高20%",
    "effectChat": null
  },
  "13502": {
    "id": "13502",
    "name": "铂金戒指",
    "type": 3,
    "quality": 5,
    "sprite": "ring3",
    "buyType": 1,
    "price": 40,
    "sell_price": 20,
    "interest": 70,
    "desc": "这是一个铂金戒指",
    "leftBtn": "左键点击可放置在场景中货架上",
    "rightBtn": "右键点击可三合一升星",
    "triggCon": 3,
    "triggEffect": 6,
    "effectVal": 200,
    "effectDesc": "开店时同货架商品售价提高20%",
    "effectChat": null
  },
  "13503": {
    "id": "13503",
    "name": "铂金戒指",
    "type": 3,
    "quality": 5,
    "sprite": "ring3",
    "buyType": 1,
    "price": 80,
    "sell_price": 40,
    "interest": 70,
    "desc": "这是一个铂金戒指",
    "leftBtn": "左键点击可放置在场景中货架上",
    "rightBtn": "已升至满级",
    "triggCon": 3,
    "triggEffect": 6,
    "effectVal": 200,
    "effectDesc": "开店时同货架商品售价提高20%",
    "effectChat": null
  },
  "13511": {
    "id": "13511",
    "name": "铂金项链",
    "type": 3,
    "quality": 5,
    "sprite": "necklace3",
    "buyType": 1,
    "price": 20,
    "sell_price": 10,
    "interest": 70,
    "desc": "这是一个铂金项链",
    "leftBtn": "左键点击可放置在场景中货架上",
    "rightBtn": "右键点击可三合一升星",
    "triggCon": 3,
    "triggEffect": 7,
    "effectVal": 100,
    "effectDesc": "开店时所有商品售价提高10%",
    "effectChat": null
  },
  "13512": {
    "id": "13512",
    "name": "铂金项链",
    "type": 3,
    "quality": 5,
    "sprite": "necklace3",
    "buyType": 1,
    "price": 40,
    "sell_price": 20,
    "interest": 70,
    "desc": "这是一个铂金项链",
    "leftBtn": "左键点击可放置在场景中货架上",
    "rightBtn": "右键点击可三合一升星",
    "triggCon": 3,
    "triggEffect": 7,
    "effectVal": 100,
    "effectDesc": "开店时所有商品售价提高10%",
    "effectChat": null
  },
  "13513": {
    "id": "13513",
    "name": "铂金项链",
    "type": 3,
    "quality": 5,
    "sprite": "necklace3",
    "buyType": 1,
    "price": 80,
    "sell_price": 40,
    "interest": 70,
    "desc": "这是一个铂金项链",
    "leftBtn": "左键点击可放置在场景中货架上",
    "rightBtn": "已升至满级",
    "triggCon": 3,
    "triggEffect": 7,
    "effectVal": 100,
    "effectDesc": "开店时所有商品售价提高10%",
    "effectChat": null
  },
  "13521": {
    "id": "13521",
    "name": "金面具",
    "type": 3,
    "quality": 5,
    "sprite": "mask3",
    "buyType": 1,
    "price": 20,
    "sell_price": 10,
    "interest": 70,
    "desc": "这是一个金面具",
    "leftBtn": "左键点击可放置在场景中货架上",
    "rightBtn": "右键点击可三合一升星",
    "triggCon": 3,
    "triggEffect": 9,
    "effectVal": 400,
    "effectDesc": "开店时获得40%商品售价的金钱",
    "effectChat": null
  },
  "13522": {
    "id": "13522",
    "name": "金面具",
    "type": 3,
    "quality": 5,
    "sprite": "mask3",
    "buyType": 1,
    "price": 40,
    "sell_price": 20,
    "interest": 70,
    "desc": "这是一个金面具",
    "leftBtn": "左键点击可放置在场景中货架上",
    "rightBtn": "右键点击可三合一升星",
    "triggCon": 3,
    "triggEffect": 9,
    "effectVal": 400,
    "effectDesc": "开店时获得40%商品售价的金钱",
    "effectChat": null
  },
  "13523": {
    "id": "13523",
    "name": "金面具",
    "type": 3,
    "quality": 5,
    "sprite": "mask3",
    "buyType": 1,
    "price": 80,
    "sell_price": 40,
    "interest": 70,
    "desc": "这是一个金面具",
    "leftBtn": "左键点击可放置在场景中货架上",
    "rightBtn": "已升至满级",
    "triggCon": 3,
    "triggEffect": 9,
    "effectVal": 400,
    "effectDesc": "开店时获得40%商品售价的金钱",
    "effectChat": null
  },
  "null": {
    "id": null,
    "name": null,
    "type": null,
    "quality": null,
    "sprite": null,
    "buyType": null,
    "price": null,
    "sell_price": null,
    "interest": null,
    "desc": null,
    "leftBtn": null,
    "rightBtn": null,
    "triggCon": null,
    "triggEffect": null,
    "effectVal": null,
    "effectDesc": null,
    "effectChat": null
  }
}