{
  "1": {
    "id": "1",
    "monGroupMin": 100,
    "monGroupMax": 100,
    "attCoef": 1,
    "hpCoef": 1,
    "bloodCoef": 0.5291005291005292
  },
  "2": {
    "id": "2",
    "monGroupMin": 101,
    "monGroupMax": 101,
    "attCoef": 1.15,
    "hpCoef": 1.3,
    "bloodCoef": 0.7936507936507937
  },
  "3": {
    "id": "3",
    "monGroupMin": 102,
    "monGroupMax": 102,
    "attCoef": 1.2999999999999998,
    "hpCoef": 1.6,
    "bloodCoef": 1.0582010582010584
  },
  "4": {
    "id": "4",
    "monGroupMin": 103,
    "monGroupMax": 105,
    "attCoef": 1.4499999999999997,
    "hpCoef": 1.9000000000000001,
    "bloodCoef": 1.3227513227513228
  },
  "5": {
    "id": "5",
    "monGroupMin": 102,
    "monGroupMax": 105,
    "attCoef": 1.5999999999999996,
    "hpCoef": 2.2,
    "bloodCoef": 1.5873015873015874
  },
  "6": {
    "id": "6",
    "monGroupMin": 101,
    "monGroupMax": 105,
    "attCoef": 1.7499999999999996,
    "hpCoef": 2.5,
    "bloodCoef": 1.851851851851852
  },
  "7": {
    "id": "7",
    "monGroupMin": 111,
    "monGroupMax": 115,
    "attCoef": 1.8999999999999995,
    "hpCoef": 2.8,
    "bloodCoef": 2.1164021164021167
  },
  "8": {
    "id": "8",
    "monGroupMin": 111,
    "monGroupMax": 115,
    "attCoef": 2.0499999999999994,
    "hpCoef": 3.0999999999999996,
    "bloodCoef": 2.380952380952381
  },
  "9": {
    "id": "9",
    "monGroupMin": 111,
    "monGroupMax": 115,
    "attCoef": 2.1999999999999993,
    "hpCoef": 3.3999999999999995,
    "bloodCoef": 2.6455026455026456
  },
  "10": {
    "id": "10",
    "monGroupMin": 111,
    "monGroupMax": 115,
    "attCoef": 2.349999999999999,
    "hpCoef": 3.6999999999999993,
    "bloodCoef": 2.9100529100529102
  },
  "11": {
    "id": "11",
    "monGroupMin": 111,
    "monGroupMax": 115,
    "attCoef": 2.499999999999999,
    "hpCoef": 3.999999999999999,
    "bloodCoef": 3.174603174603175
  },
  "12": {
    "id": "12",
    "monGroupMin": 111,
    "monGroupMax": 115,
    "attCoef": 2.649999999999999,
    "hpCoef": 4.299999999999999,
    "bloodCoef": 3.4391534391534395
  },
  "13": {
    "id": "13",
    "monGroupMin": 111,
    "monGroupMax": 115,
    "attCoef": 2.799999999999999,
    "hpCoef": 4.599999999999999,
    "bloodCoef": 3.703703703703704
  },
  "14": {
    "id": "14",
    "monGroupMin": 111,
    "monGroupMax": 115,
    "attCoef": 2.949999999999999,
    "hpCoef": 4.899999999999999,
    "bloodCoef": 3.9682539682539684
  },
  "15": {
    "id": "15",
    "monGroupMin": 111,
    "monGroupMax": 115,
    "attCoef": 3.0999999999999988,
    "hpCoef": 5.199999999999998,
    "bloodCoef": 4.2328042328042335
  },
  "16": {
    "id": "16",
    "monGroupMin": 121,
    "monGroupMax": 125,
    "attCoef": 3.2499999999999987,
    "hpCoef": 5.499999999999998,
    "bloodCoef": 4.497354497354498
  },
  "17": {
    "id": "17",
    "monGroupMin": 121,
    "monGroupMax": 125,
    "attCoef": 3.3999999999999986,
    "hpCoef": 5.799999999999998,
    "bloodCoef": 4.761904761904762
  },
  "18": {
    "id": "18",
    "monGroupMin": 121,
    "monGroupMax": 125,
    "attCoef": 3.5499999999999985,
    "hpCoef": 6.099999999999998,
    "bloodCoef": 5.026455026455027
  },
  "19": {
    "id": "19",
    "monGroupMin": 121,
    "monGroupMax": 125,
    "attCoef": 3.6999999999999984,
    "hpCoef": 6.399999999999998,
    "bloodCoef": 5.291005291005291
  },
  "20": {
    "id": "20",
    "monGroupMin": 121,
    "monGroupMax": 125,
    "attCoef": 3.8499999999999983,
    "hpCoef": 6.6999999999999975,
    "bloodCoef": 5.555555555555556
  },
  "21": {
    "id": "21",
    "monGroupMin": 121,
    "monGroupMax": 125,
    "attCoef": 3.9999999999999982,
    "hpCoef": 6.999999999999997,
    "bloodCoef": 5.8201058201058204
  },
  "22": {
    "id": "22",
    "monGroupMin": 121,
    "monGroupMax": 125,
    "attCoef": 4.149999999999999,
    "hpCoef": 7.299999999999997,
    "bloodCoef": 6.0846560846560855
  },
  "23": {
    "id": "23",
    "monGroupMin": 121,
    "monGroupMax": 125,
    "attCoef": 4.299999999999999,
    "hpCoef": 7.599999999999997,
    "bloodCoef": 6.34920634920635
  },
  "24": {
    "id": "24",
    "monGroupMin": 121,
    "monGroupMax": 125,
    "attCoef": 4.449999999999999,
    "hpCoef": 7.899999999999997,
    "bloodCoef": 6.613756613756614
  },
  "25": {
    "id": "25",
    "monGroupMin": 121,
    "monGroupMax": 125,
    "attCoef": 4.6,
    "hpCoef": 8.199999999999998,
    "bloodCoef": 6.878306878306879
  },
  "26": {
    "id": "26",
    "monGroupMin": 121,
    "monGroupMax": 125,
    "attCoef": 4.75,
    "hpCoef": 8.499999999999998,
    "bloodCoef": 7.142857142857143
  },
  "27": {
    "id": "27",
    "monGroupMin": 121,
    "monGroupMax": 125,
    "attCoef": 4.9,
    "hpCoef": 8.799999999999999,
    "bloodCoef": 7.407407407407408
  },
  "28": {
    "id": "28",
    "monGroupMin": 121,
    "monGroupMax": 125,
    "attCoef": 5.050000000000001,
    "hpCoef": 9.1,
    "bloodCoef": 7.6719576719576725
  },
  "29": {
    "id": "29",
    "monGroupMin": 121,
    "monGroupMax": 125,
    "attCoef": 5.200000000000001,
    "hpCoef": 9.4,
    "bloodCoef": 7.936507936507937
  },
  "30": {
    "id": "30",
    "monGroupMin": 121,
    "monGroupMax": 125,
    "attCoef": 5.350000000000001,
    "hpCoef": 9.700000000000001,
    "bloodCoef": 8.201058201058201
  },
  "31": {
    "id": "31",
    "monGroupMin": 121,
    "monGroupMax": 125,
    "attCoef": 5.500000000000002,
    "hpCoef": 10.000000000000002,
    "bloodCoef": 8.465608465608467
  },
  "32": {
    "id": "32",
    "monGroupMin": 121,
    "monGroupMax": 125,
    "attCoef": 5.650000000000002,
    "hpCoef": 10.300000000000002,
    "bloodCoef": 8.730158730158731
  },
  "33": {
    "id": "33",
    "monGroupMin": 121,
    "monGroupMax": 125,
    "attCoef": 5.8000000000000025,
    "hpCoef": 10.600000000000003,
    "bloodCoef": 8.994708994708995
  },
  "34": {
    "id": "34",
    "monGroupMin": 121,
    "monGroupMax": 125,
    "attCoef": 5.950000000000003,
    "hpCoef": 10.900000000000004,
    "bloodCoef": 9.25925925925926
  },
  "35": {
    "id": "35",
    "monGroupMin": 121,
    "monGroupMax": 125,
    "attCoef": 6.100000000000003,
    "hpCoef": 11.200000000000005,
    "bloodCoef": 9.523809523809524
  },
  "36": {
    "id": "36",
    "monGroupMin": 121,
    "monGroupMax": 125,
    "attCoef": 6.2500000000000036,
    "hpCoef": 11.500000000000005,
    "bloodCoef": 9.78835978835979
  },
  "37": {
    "id": "37",
    "monGroupMin": 121,
    "monGroupMax": 125,
    "attCoef": 6.400000000000004,
    "hpCoef": 11.800000000000006,
    "bloodCoef": 10.052910052910054
  },
  "38": {
    "id": "38",
    "monGroupMin": 121,
    "monGroupMax": 125,
    "attCoef": 6.550000000000004,
    "hpCoef": 12.100000000000007,
    "bloodCoef": 10.317460317460318
  },
  "39": {
    "id": "39",
    "monGroupMin": 121,
    "monGroupMax": 125,
    "attCoef": 6.700000000000005,
    "hpCoef": 12.400000000000007,
    "bloodCoef": 10.582010582010582
  },
  "40": {
    "id": "40",
    "monGroupMin": 121,
    "monGroupMax": 125,
    "attCoef": 6.850000000000005,
    "hpCoef": 12.700000000000008,
    "bloodCoef": 10.846560846560847
  }
}