{
  "31101": {
    "id": "31101",
    "name": "普通烤箱",
    "quality": 1,
    "type": 1,
    "sprite": "oven1",
    "space": 2,
    "addInterest": 3,
    "towerSprite": "sTower",
    "attack": 3,
    "attRange": 500,
    "attCD": 600,
    "attStiff": 50,
    "bulletID": 912,
    "shoot_x": 30,
    "shoot_y": 0,
    "buyType": 0,
    "price": 2,
    "desc": "攻速较高，且子弹可穿透敌人",
    "leftBtn": "左键点击可放置在场景中",
    "rightBtn": "右键点击可三合一升星",
    "shootSound": "sound_shoot_gun"
  },
  "31102": {
    "id": "31102",
    "name": "普通烤箱",
    "quality": 1,
    "type": 1,
    "sprite": "oven1",
    "space": 2,
    "addInterest": 4,
    "towerSprite": "sTower",
    "attack": 4.5,
    "attRange": 500,
    "attCD": 600,
    "attStiff": 50,
    "bulletID": 912,
    "shoot_x": 30,
    "shoot_y": 0,
    "buyType": 0,
    "price": 6,
    "desc": "攻速较高，且子弹可穿透敌人",
    "leftBtn": "左键点击可放置在场景中",
    "rightBtn": "右键点击可三合一升星",
    "shootSound": "sound_shoot_gun"
  },
  "31103": {
    "id": "31103",
    "name": "普通烤箱",
    "quality": 1,
    "type": 1,
    "sprite": "oven1",
    "space": 2,
    "addInterest": 5,
    "towerSprite": "sTower",
    "attack": 6,
    "attRange": 500,
    "attCD": 600,
    "attStiff": 50,
    "bulletID": 912,
    "shoot_x": 30,
    "shoot_y": 0,
    "buyType": 0,
    "price": 18,
    "desc": "攻速较高，且子弹可穿透敌人",
    "leftBtn": "左键点击可放置在场景中",
    "rightBtn": "已升至满级",
    "shootSound": "sound_shoot_gun"
  },
  "31201": {
    "id": "31201",
    "name": "高级烤箱",
    "quality": 2,
    "type": 1,
    "sprite": "oven2",
    "space": 2,
    "addInterest": 4,
    "towerSprite": "sTower",
    "attack": 3.6,
    "attRange": 500,
    "attCD": 600,
    "attStiff": 50,
    "bulletID": 912,
    "shoot_x": 30,
    "shoot_y": 0,
    "buyType": 0,
    "price": 4,
    "desc": "攻速较高，且子弹可穿透敌人",
    "leftBtn": "左键点击可放置在场景中",
    "rightBtn": "右键点击可三合一升星",
    "shootSound": "sound_shoot_gun"
  },
  "31202": {
    "id": "31202",
    "name": "高级烤箱",
    "quality": 2,
    "type": 1,
    "sprite": "oven2",
    "space": 2,
    "addInterest": 5,
    "towerSprite": "sTower",
    "attack": 5.4,
    "attRange": 500,
    "attCD": 600,
    "attStiff": 50,
    "bulletID": 912,
    "shoot_x": 30,
    "shoot_y": 0,
    "buyType": 0,
    "price": 12,
    "desc": "攻速较高，且子弹可穿透敌人",
    "leftBtn": "左键点击可放置在场景中",
    "rightBtn": "右键点击可三合一升星",
    "shootSound": "sound_shoot_gun"
  },
  "31203": {
    "id": "31203",
    "name": "高级烤箱",
    "quality": 2,
    "type": 1,
    "sprite": "oven2",
    "space": 2,
    "addInterest": 6,
    "towerSprite": "sTower",
    "attack": 7.2,
    "attRange": 500,
    "attCD": 600,
    "attStiff": 50,
    "bulletID": 912,
    "shoot_x": 30,
    "shoot_y": 0,
    "buyType": 0,
    "price": 36,
    "desc": "攻速较高，且子弹可穿透敌人",
    "leftBtn": "左键点击可放置在场景中",
    "rightBtn": "已升至满级",
    "shootSound": "sound_shoot_gun"
  },
  "31301": {
    "id": "31301",
    "name": "豪华烤箱",
    "quality": 3,
    "type": 1,
    "sprite": "oven3",
    "space": 2,
    "addInterest": 5,
    "towerSprite": "sTower",
    "attack": 4.2,
    "attRange": 500,
    "attCD": 600,
    "attStiff": 50,
    "bulletID": 912,
    "shoot_x": 30,
    "shoot_y": 0,
    "buyType": 0,
    "price": 6,
    "desc": "攻速较高，且子弹可穿透敌人",
    "leftBtn": "左键点击可放置在场景中",
    "rightBtn": "右键点击可三合一升星",
    "shootSound": "sound_shoot_gun"
  },
  "31302": {
    "id": "31302",
    "name": "豪华烤箱",
    "quality": 3,
    "type": 1,
    "sprite": "oven3",
    "space": 2,
    "addInterest": 6,
    "towerSprite": "sTower",
    "attack": 6.3,
    "attRange": 500,
    "attCD": 600,
    "attStiff": 50,
    "bulletID": 912,
    "shoot_x": 30,
    "shoot_y": 0,
    "buyType": 0,
    "price": 18,
    "desc": "攻速较高，且子弹可穿透敌人",
    "leftBtn": "左键点击可放置在场景中",
    "rightBtn": "右键点击可三合一升星",
    "shootSound": "sound_shoot_gun"
  },
  "31303": {
    "id": "31303",
    "name": "豪华烤箱",
    "quality": 3,
    "type": 1,
    "sprite": "oven3",
    "space": 2,
    "addInterest": 7,
    "towerSprite": "sTower",
    "attack": 8.4,
    "attRange": 500,
    "attCD": 600,
    "attStiff": 50,
    "bulletID": 912,
    "shoot_x": 30,
    "shoot_y": 0,
    "buyType": 0,
    "price": 54,
    "desc": "攻速较高，且子弹可穿透敌人",
    "leftBtn": "左键点击可放置在场景中",
    "rightBtn": "已升至满级",
    "shootSound": "sound_shoot_gun"
  },
  "31401": {
    "id": "31401",
    "name": "限量烤箱",
    "quality": 4,
    "type": 1,
    "sprite": "oven4",
    "space": 2,
    "addInterest": 6,
    "towerSprite": "sTower",
    "attack": 4.8,
    "attRange": 500,
    "attCD": 600,
    "attStiff": 50,
    "bulletID": 912,
    "shoot_x": 30,
    "shoot_y": 0,
    "buyType": 0,
    "price": 8,
    "desc": "攻速较高，且子弹可穿透敌人",
    "leftBtn": "左键点击可放置在场景中",
    "rightBtn": "右键点击可三合一升星",
    "shootSound": "sound_shoot_gun"
  },
  "31402": {
    "id": "31402",
    "name": "限量烤箱",
    "quality": 4,
    "type": 1,
    "sprite": "oven4",
    "space": 2,
    "addInterest": 7,
    "towerSprite": "sTower",
    "attack": 7.2,
    "attRange": 500,
    "attCD": 600,
    "attStiff": 50,
    "bulletID": 912,
    "shoot_x": 30,
    "shoot_y": 0,
    "buyType": 0,
    "price": 24,
    "desc": "攻速较高，且子弹可穿透敌人",
    "leftBtn": "左键点击可放置在场景中",
    "rightBtn": "右键点击可三合一升星",
    "shootSound": "sound_shoot_gun"
  },
  "31403": {
    "id": "31403",
    "name": "限量烤箱",
    "quality": 4,
    "type": 1,
    "sprite": "oven4",
    "space": 2,
    "addInterest": 8,
    "towerSprite": "sTower",
    "attack": 9.6,
    "attRange": 500,
    "attCD": 600,
    "attStiff": 50,
    "bulletID": 912,
    "shoot_x": 30,
    "shoot_y": 0,
    "buyType": 0,
    "price": 72,
    "desc": "攻速较高，且子弹可穿透敌人",
    "leftBtn": "左键点击可放置在场景中",
    "rightBtn": "已升至满级",
    "shootSound": "sound_shoot_gun"
  },
  "31501": {
    "id": "31501",
    "name": "典藏烤箱",
    "quality": 5,
    "type": 1,
    "sprite": "oven5",
    "space": 2,
    "addInterest": 7,
    "towerSprite": "sTower",
    "attack": 5.4,
    "attRange": 500,
    "attCD": 600,
    "attStiff": 50,
    "bulletID": 912,
    "shoot_x": 30,
    "shoot_y": 0,
    "buyType": 0,
    "price": 10,
    "desc": "攻速较高，且子弹可穿透敌人",
    "leftBtn": "左键点击可放置在场景中",
    "rightBtn": "右键点击可三合一升星",
    "shootSound": "sound_shoot_gun"
  },
  "31502": {
    "id": "31502",
    "name": "典藏烤箱",
    "quality": 5,
    "type": 1,
    "sprite": "oven5",
    "space": 2,
    "addInterest": 8,
    "towerSprite": "sTower",
    "attack": 8.1,
    "attRange": 500,
    "attCD": 600,
    "attStiff": 50,
    "bulletID": 912,
    "shoot_x": 30,
    "shoot_y": 0,
    "buyType": 0,
    "price": 30,
    "desc": "攻速较高，且子弹可穿透敌人",
    "leftBtn": "左键点击可放置在场景中",
    "rightBtn": "右键点击可三合一升星",
    "shootSound": "sound_shoot_gun"
  },
  "31503": {
    "id": "31503",
    "name": "典藏烤箱",
    "quality": 5,
    "type": 1,
    "sprite": "oven5",
    "space": 2,
    "addInterest": 9,
    "towerSprite": "sTower",
    "attack": 10.8,
    "attRange": 500,
    "attCD": 600,
    "attStiff": 50,
    "bulletID": 912,
    "shoot_x": 30,
    "shoot_y": 0,
    "buyType": 0,
    "price": 90,
    "desc": "攻速较高，且子弹可穿透敌人",
    "leftBtn": "左键点击可放置在场景中",
    "rightBtn": "已升至满级",
    "shootSound": "sound_shoot_gun"
  },
  "32101": {
    "id": "32101",
    "name": "普通冷柜",
    "quality": 1,
    "type": 2,
    "sprite": "refrige1",
    "space": 2,
    "addInterest": 3,
    "towerSprite": "sTower2",
    "attack": 7.2,
    "attRange": 300,
    "attCD": 1800,
    "attStiff": 100,
    "bulletID": 921,
    "shoot_x": 30,
    "shoot_y": 0,
    "buyType": 0,
    "price": 3,
    "desc": "给怪物施加减速效果",
    "leftBtn": "左键点击可放置在场景中（需靠墙）",
    "rightBtn": "右键点击可三合一升星",
    "shootSound": "sound_shoot_gun"
  },
  "32102": {
    "id": "32102",
    "name": "普通冷柜",
    "quality": 1,
    "type": 2,
    "sprite": "refrige1",
    "space": 2,
    "addInterest": 4,
    "towerSprite": "sTower2",
    "attack": 10.8,
    "attRange": 300,
    "attCD": 1800,
    "attStiff": 100,
    "bulletID": 921,
    "shoot_x": 30,
    "shoot_y": 0,
    "buyType": 0,
    "price": 9,
    "desc": "给怪物施加减速效果",
    "leftBtn": "左键点击可放置在场景中（需靠墙）",
    "rightBtn": "右键点击可三合一升星",
    "shootSound": "sound_shoot_gun"
  },
  "32103": {
    "id": "32103",
    "name": "普通冷柜",
    "quality": 1,
    "type": 2,
    "sprite": "refrige1",
    "space": 2,
    "addInterest": 5,
    "towerSprite": "sTower2",
    "attack": 14.4,
    "attRange": 300,
    "attCD": 1800,
    "attStiff": 100,
    "bulletID": 921,
    "shoot_x": 30,
    "shoot_y": 0,
    "buyType": 0,
    "price": 27,
    "desc": "给怪物施加减速效果",
    "leftBtn": "左键点击可放置在场景中（需靠墙）",
    "rightBtn": "已升至满级",
    "shootSound": "sound_shoot_gun"
  },
  "32201": {
    "id": "32201",
    "name": "高级冷柜",
    "quality": 2,
    "type": 2,
    "sprite": "refrige2",
    "space": 2,
    "addInterest": 4,
    "towerSprite": "sTower2",
    "attack": 8.6,
    "attRange": 300,
    "attCD": 1800,
    "attStiff": 100,
    "bulletID": 921,
    "shoot_x": 30,
    "shoot_y": 0,
    "buyType": 0,
    "price": 6,
    "desc": "给怪物施加减速效果",
    "leftBtn": "左键点击可放置在场景中（需靠墙）",
    "rightBtn": "右键点击可三合一升星",
    "shootSound": "sound_shoot_gun"
  },
  "32202": {
    "id": "32202",
    "name": "高级冷柜",
    "quality": 2,
    "type": 2,
    "sprite": "refrige2",
    "space": 2,
    "addInterest": 5,
    "towerSprite": "sTower2",
    "attack": 13,
    "attRange": 300,
    "attCD": 1800,
    "attStiff": 100,
    "bulletID": 921,
    "shoot_x": 30,
    "shoot_y": 0,
    "buyType": 0,
    "price": 18,
    "desc": "给怪物施加减速效果",
    "leftBtn": "左键点击可放置在场景中（需靠墙）",
    "rightBtn": "右键点击可三合一升星",
    "shootSound": "sound_shoot_gun"
  },
  "32203": {
    "id": "32203",
    "name": "高级冷柜",
    "quality": 2,
    "type": 2,
    "sprite": "refrige2",
    "space": 2,
    "addInterest": 6,
    "towerSprite": "sTower2",
    "attack": 17.3,
    "attRange": 300,
    "attCD": 1800,
    "attStiff": 100,
    "bulletID": 921,
    "shoot_x": 30,
    "shoot_y": 0,
    "buyType": 0,
    "price": 54,
    "desc": "给怪物施加减速效果",
    "leftBtn": "左键点击可放置在场景中（需靠墙）",
    "rightBtn": "已升至满级",
    "shootSound": "sound_shoot_gun"
  },
  "32301": {
    "id": "32301",
    "name": "豪华冷柜",
    "quality": 3,
    "type": 2,
    "sprite": "refrige3",
    "space": 2,
    "addInterest": 5,
    "towerSprite": "sTower2",
    "attack": 10.1,
    "attRange": 300,
    "attCD": 1800,
    "attStiff": 100,
    "bulletID": 921,
    "shoot_x": 30,
    "shoot_y": 0,
    "buyType": 0,
    "price": 9,
    "desc": "给怪物施加减速效果",
    "leftBtn": "左键点击可放置在场景中（需靠墙）",
    "rightBtn": "右键点击可三合一升星",
    "shootSound": "sound_shoot_gun"
  },
  "32302": {
    "id": "32302",
    "name": "豪华冷柜",
    "quality": 3,
    "type": 2,
    "sprite": "refrige3",
    "space": 2,
    "addInterest": 6,
    "towerSprite": "sTower2",
    "attack": 15.1,
    "attRange": 300,
    "attCD": 1800,
    "attStiff": 100,
    "bulletID": 921,
    "shoot_x": 30,
    "shoot_y": 0,
    "buyType": 0,
    "price": 27,
    "desc": "给怪物施加减速效果",
    "leftBtn": "左键点击可放置在场景中（需靠墙）",
    "rightBtn": "右键点击可三合一升星",
    "shootSound": "sound_shoot_gun"
  },
  "32303": {
    "id": "32303",
    "name": "豪华冷柜",
    "quality": 3,
    "type": 2,
    "sprite": "refrige3",
    "space": 2,
    "addInterest": 7,
    "towerSprite": "sTower2",
    "attack": 20.2,
    "attRange": 300,
    "attCD": 1800,
    "attStiff": 100,
    "bulletID": 921,
    "shoot_x": 30,
    "shoot_y": 0,
    "buyType": 0,
    "price": 81,
    "desc": "给怪物施加减速效果",
    "leftBtn": "左键点击可放置在场景中（需靠墙）",
    "rightBtn": "已升至满级",
    "shootSound": "sound_shoot_gun"
  },
  "32401": {
    "id": "32401",
    "name": "限量冷柜",
    "quality": 4,
    "type": 2,
    "sprite": "refrige4",
    "space": 2,
    "addInterest": 6,
    "towerSprite": "sTower2",
    "attack": 11.5,
    "attRange": 300,
    "attCD": 1800,
    "attStiff": 100,
    "bulletID": 921,
    "shoot_x": 30,
    "shoot_y": 0,
    "buyType": 0,
    "price": 12,
    "desc": "给怪物施加减速效果",
    "leftBtn": "左键点击可放置在场景中（需靠墙）",
    "rightBtn": "右键点击可三合一升星",
    "shootSound": "sound_shoot_gun"
  },
  "32402": {
    "id": "32402",
    "name": "限量冷柜",
    "quality": 4,
    "type": 2,
    "sprite": "refrige4",
    "space": 2,
    "addInterest": 7,
    "towerSprite": "sTower2",
    "attack": 17.3,
    "attRange": 300,
    "attCD": 1800,
    "attStiff": 100,
    "bulletID": 921,
    "shoot_x": 30,
    "shoot_y": 0,
    "buyType": 0,
    "price": 36,
    "desc": "给怪物施加减速效果",
    "leftBtn": "左键点击可放置在场景中（需靠墙）",
    "rightBtn": "右键点击可三合一升星",
    "shootSound": "sound_shoot_gun"
  },
  "32403": {
    "id": "32403",
    "name": "限量冷柜",
    "quality": 4,
    "type": 2,
    "sprite": "refrige4",
    "space": 2,
    "addInterest": 8,
    "towerSprite": "sTower2",
    "attack": 23,
    "attRange": 300,
    "attCD": 1800,
    "attStiff": 100,
    "bulletID": 921,
    "shoot_x": 30,
    "shoot_y": 0,
    "buyType": 0,
    "price": 108,
    "desc": "给怪物施加减速效果",
    "leftBtn": "左键点击可放置在场景中（需靠墙）",
    "rightBtn": "已升至满级",
    "shootSound": "sound_shoot_gun"
  },
  "32501": {
    "id": "32501",
    "name": "典藏冷柜",
    "quality": 5,
    "type": 2,
    "sprite": "refrige5",
    "space": 2,
    "addInterest": 7,
    "towerSprite": "sTower2",
    "attack": 13,
    "attRange": 300,
    "attCD": 1800,
    "attStiff": 100,
    "bulletID": 921,
    "shoot_x": 30,
    "shoot_y": 0,
    "buyType": 0,
    "price": 15,
    "desc": "给怪物施加减速效果",
    "leftBtn": "左键点击可放置在场景中（需靠墙）",
    "rightBtn": "右键点击可三合一升星",
    "shootSound": "sound_shoot_gun"
  },
  "32502": {
    "id": "32502",
    "name": "典藏冷柜",
    "quality": 5,
    "type": 2,
    "sprite": "refrige5",
    "space": 2,
    "addInterest": 8,
    "towerSprite": "sTower2",
    "attack": 19.4,
    "attRange": 300,
    "attCD": 1800,
    "attStiff": 100,
    "bulletID": 921,
    "shoot_x": 30,
    "shoot_y": 0,
    "buyType": 0,
    "price": 45,
    "desc": "给怪物施加减速效果",
    "leftBtn": "左键点击可放置在场景中（需靠墙）",
    "rightBtn": "右键点击可三合一升星",
    "shootSound": "sound_shoot_gun"
  },
  "32503": {
    "id": "32503",
    "name": "典藏冷柜",
    "quality": 5,
    "type": 2,
    "sprite": "refrige5",
    "space": 2,
    "addInterest": 9,
    "towerSprite": "sTower2",
    "attack": 25.9,
    "attRange": 300,
    "attCD": 1800,
    "attStiff": 100,
    "bulletID": 921,
    "shoot_x": 30,
    "shoot_y": 0,
    "buyType": 0,
    "price": 135,
    "desc": "给怪物施加减速效果",
    "leftBtn": "左键点击可放置在场景中（需靠墙）",
    "rightBtn": "已升至满级",
    "shootSound": "sound_shoot_gun"
  },
  "33101": {
    "id": "33101",
    "name": "普通柜台",
    "quality": 1,
    "type": 3,
    "sprite": "desk1",
    "space": 2,
    "addInterest": 3,
    "towerSprite": "sTower3",
    "attack": 4.8,
    "attRange": 250,
    "attCD": 800,
    "attStiff": 150,
    "bulletID": 932,
    "shoot_x": 30,
    "shoot_y": 0,
    "buyType": 0,
    "price": 4,
    "desc": "给怪物施加易伤效果",
    "leftBtn": "左键点击可放置在场景中",
    "rightBtn": "右键点击可三合一升星",
    "shootSound": "sound_shoot_gun"
  },
  "33102": {
    "id": "33102",
    "name": "普通柜台",
    "quality": 1,
    "type": 3,
    "sprite": "desk1",
    "space": 2,
    "addInterest": 4,
    "towerSprite": "sTower3",
    "attack": 7.2,
    "attRange": 250,
    "attCD": 800,
    "attStiff": 150,
    "bulletID": 932,
    "shoot_x": 30,
    "shoot_y": 0,
    "buyType": 0,
    "price": 12,
    "desc": "给怪物施加易伤效果",
    "leftBtn": "左键点击可放置在场景中",
    "rightBtn": "右键点击可三合一升星",
    "shootSound": "sound_shoot_gun"
  },
  "33103": {
    "id": "33103",
    "name": "普通柜台",
    "quality": 1,
    "type": 3,
    "sprite": "desk1",
    "space": 2,
    "addInterest": 5,
    "towerSprite": "sTower3",
    "attack": 9.6,
    "attRange": 250,
    "attCD": 800,
    "attStiff": 150,
    "bulletID": 932,
    "shoot_x": 30,
    "shoot_y": 0,
    "buyType": 0,
    "price": 36,
    "desc": "给怪物施加易伤效果",
    "leftBtn": "左键点击可放置在场景中",
    "rightBtn": "已升至满级",
    "shootSound": "sound_shoot_gun"
  },
  "33201": {
    "id": "33201",
    "name": "高级柜台",
    "quality": 2,
    "type": 3,
    "sprite": "desk2",
    "space": 2,
    "addInterest": 4,
    "towerSprite": "sTower3",
    "attack": 5.8,
    "attRange": 250,
    "attCD": 800,
    "attStiff": 150,
    "bulletID": 932,
    "shoot_x": 30,
    "shoot_y": 0,
    "buyType": 0,
    "price": 8,
    "desc": "给怪物施加易伤效果",
    "leftBtn": "左键点击可放置在场景中",
    "rightBtn": "右键点击可三合一升星",
    "shootSound": "sound_shoot_gun"
  },
  "33202": {
    "id": "33202",
    "name": "高级柜台",
    "quality": 2,
    "type": 3,
    "sprite": "desk2",
    "space": 2,
    "addInterest": 5,
    "towerSprite": "sTower3",
    "attack": 8.6,
    "attRange": 250,
    "attCD": 800,
    "attStiff": 150,
    "bulletID": 932,
    "shoot_x": 30,
    "shoot_y": 0,
    "buyType": 0,
    "price": 24,
    "desc": "给怪物施加易伤效果",
    "leftBtn": "左键点击可放置在场景中",
    "rightBtn": "右键点击可三合一升星",
    "shootSound": "sound_shoot_gun"
  },
  "33203": {
    "id": "33203",
    "name": "高级柜台",
    "quality": 2,
    "type": 3,
    "sprite": "desk2",
    "space": 2,
    "addInterest": 6,
    "towerSprite": "sTower3",
    "attack": 11.5,
    "attRange": 250,
    "attCD": 800,
    "attStiff": 150,
    "bulletID": 932,
    "shoot_x": 30,
    "shoot_y": 0,
    "buyType": 0,
    "price": 72,
    "desc": "给怪物施加易伤效果",
    "leftBtn": "左键点击可放置在场景中",
    "rightBtn": "已升至满级",
    "shootSound": "sound_shoot_gun"
  },
  "33301": {
    "id": "33301",
    "name": "豪华柜台",
    "quality": 3,
    "type": 3,
    "sprite": "desk3",
    "space": 2,
    "addInterest": 5,
    "towerSprite": "sTower3",
    "attack": 6.7,
    "attRange": 250,
    "attCD": 800,
    "attStiff": 150,
    "bulletID": 932,
    "shoot_x": 30,
    "shoot_y": 0,
    "buyType": 0,
    "price": 12,
    "desc": "给怪物施加易伤效果",
    "leftBtn": "左键点击可放置在场景中",
    "rightBtn": "右键点击可三合一升星",
    "shootSound": "sound_shoot_gun"
  },
  "33302": {
    "id": "33302",
    "name": "豪华柜台",
    "quality": 3,
    "type": 3,
    "sprite": "desk3",
    "space": 2,
    "addInterest": 6,
    "towerSprite": "sTower3",
    "attack": 10.1,
    "attRange": 250,
    "attCD": 800,
    "attStiff": 150,
    "bulletID": 932,
    "shoot_x": 30,
    "shoot_y": 0,
    "buyType": 0,
    "price": 36,
    "desc": "给怪物施加易伤效果",
    "leftBtn": "左键点击可放置在场景中",
    "rightBtn": "右键点击可三合一升星",
    "shootSound": "sound_shoot_gun"
  },
  "33303": {
    "id": "33303",
    "name": "豪华柜台",
    "quality": 3,
    "type": 3,
    "sprite": "desk3",
    "space": 2,
    "addInterest": 7,
    "towerSprite": "sTower3",
    "attack": 13.4,
    "attRange": 250,
    "attCD": 800,
    "attStiff": 150,
    "bulletID": 932,
    "shoot_x": 30,
    "shoot_y": 0,
    "buyType": 0,
    "price": 108,
    "desc": "给怪物施加易伤效果",
    "leftBtn": "左键点击可放置在场景中",
    "rightBtn": "已升至满级",
    "shootSound": "sound_shoot_gun"
  },
  "33401": {
    "id": "33401",
    "name": "限量柜台",
    "quality": 4,
    "type": 3,
    "sprite": "desk4",
    "space": 2,
    "addInterest": 6,
    "towerSprite": "sTower3",
    "attack": 7.7,
    "attRange": 250,
    "attCD": 800,
    "attStiff": 150,
    "bulletID": 932,
    "shoot_x": 30,
    "shoot_y": 0,
    "buyType": 0,
    "price": 16,
    "desc": "给怪物施加易伤效果",
    "leftBtn": "左键点击可放置在场景中",
    "rightBtn": "右键点击可三合一升星",
    "shootSound": "sound_shoot_gun"
  },
  "33402": {
    "id": "33402",
    "name": "限量柜台",
    "quality": 4,
    "type": 3,
    "sprite": "desk4",
    "space": 2,
    "addInterest": 7,
    "towerSprite": "sTower3",
    "attack": 11.5,
    "attRange": 250,
    "attCD": 800,
    "attStiff": 150,
    "bulletID": 932,
    "shoot_x": 30,
    "shoot_y": 0,
    "buyType": 0,
    "price": 48,
    "desc": "给怪物施加易伤效果",
    "leftBtn": "左键点击可放置在场景中",
    "rightBtn": "右键点击可三合一升星",
    "shootSound": "sound_shoot_gun"
  },
  "33403": {
    "id": "33403",
    "name": "限量柜台",
    "quality": 4,
    "type": 3,
    "sprite": "desk4",
    "space": 2,
    "addInterest": 8,
    "towerSprite": "sTower3",
    "attack": 15.4,
    "attRange": 250,
    "attCD": 800,
    "attStiff": 150,
    "bulletID": 932,
    "shoot_x": 30,
    "shoot_y": 0,
    "buyType": 0,
    "price": 144,
    "desc": "给怪物施加易伤效果",
    "leftBtn": "左键点击可放置在场景中",
    "rightBtn": "已升至满级",
    "shootSound": "sound_shoot_gun"
  },
  "33501": {
    "id": "33501",
    "name": "典藏柜台",
    "quality": 5,
    "type": 3,
    "sprite": "desk5",
    "space": 2,
    "addInterest": 7,
    "towerSprite": "sTower3",
    "attack": 8.6,
    "attRange": 250,
    "attCD": 800,
    "attStiff": 150,
    "bulletID": 932,
    "shoot_x": 30,
    "shoot_y": 0,
    "buyType": 0,
    "price": 20,
    "desc": "给怪物施加易伤效果",
    "leftBtn": "左键点击可放置在场景中",
    "rightBtn": "右键点击可三合一升星",
    "shootSound": "sound_shoot_gun"
  },
  "33502": {
    "id": "33502",
    "name": "典藏柜台",
    "quality": 5,
    "type": 3,
    "sprite": "desk5",
    "space": 2,
    "addInterest": 8,
    "towerSprite": "sTower3",
    "attack": 13,
    "attRange": 250,
    "attCD": 800,
    "attStiff": 150,
    "bulletID": 932,
    "shoot_x": 30,
    "shoot_y": 0,
    "buyType": 0,
    "price": 60,
    "desc": "给怪物施加易伤效果",
    "leftBtn": "左键点击可放置在场景中",
    "rightBtn": "右键点击可三合一升星",
    "shootSound": "sound_shoot_gun"
  },
  "33503": {
    "id": "33503",
    "name": "典藏柜台",
    "quality": 5,
    "type": 3,
    "sprite": "desk5",
    "space": 2,
    "addInterest": 9,
    "towerSprite": "sTower3",
    "attack": 17.3,
    "attRange": 250,
    "attCD": 800,
    "attStiff": 150,
    "bulletID": 932,
    "shoot_x": 30,
    "shoot_y": 0,
    "buyType": 0,
    "price": 180,
    "desc": "给怪物施加易伤效果",
    "leftBtn": "左键点击可放置在场景中",
    "rightBtn": "已升至满级",
    "shootSound": "sound_shoot_gun"
  },
  "null": {
    "id": null,
    "name": null,
    "quality": null,
    "type": null,
    "sprite": null,
    "space": null,
    "addInterest": null,
    "towerSprite": null,
    "attack": null,
    "attRange": null,
    "attCD": null,
    "attStiff": null,
    "bulletID": null,
    "shoot_x": null,
    "shoot_y": null,
    "buyType": null,
    "price": null,
    "desc": null,
    "leftBtn": null,
    "rightBtn": null,
    "shootSound": null
  }
}