{
  "1": {
    "id": "1",
    "upCost": 3,
    "cusGroupMin": 299,
    "cusGroupMax": 299,
    "interestCoef": 2,
    "shelfMax": 2,
    "refreshCost": 1,
    "qualityWeight": {
      "1": 1000,
      "2": 0,
      "3": 0,
      "4": 0,
      "5": 0
    }
  },
  "2": {
    "id": "2",
    "upCost": 6,
    "cusGroupMin": 201,
    "cusGroupMax": 207,
    "interestCoef": 4,
    "shelfMax": 3,
    "refreshCost": 1,
    "qualityWeight": {
      "1": 700,
      "2": 200,
      "3": 100,
      "4": 0,
      "5": 0
    }
  },
  "3": {
    "id": "3",
    "upCost": 10,
    "cusGroupMin": 201,
    "cusGroupMax": 207,
    "interestCoef": 6,
    "shelfMax": 4,
    "refreshCost": 1,
    "qualityWeight": {
      "1": 500,
      "2": 300,
      "3": 200,
      "4": 0,
      "5": 0
    }
  },
  "4": {
    "id": "4",
    "upCost": 15,
    "cusGroupMin": 201,
    "cusGroupMax": 207,
    "interestCoef": 8,
    "shelfMax": 5,
    "refreshCost": 2,
    "qualityWeight": {
      "1": 250,
      "2": 400,
      "3": 300,
      "4": 50,
      "5": 0
    }
  },
  "5": {
    "id": "5",
    "upCost": 20,
    "cusGroupMin": 201,
    "cusGroupMax": 207,
    "interestCoef": 10,
    "shelfMax": 6,
    "refreshCost": 2,
    "qualityWeight": {
      "1": 0,
      "2": 500,
      "3": 350,
      "4": 100,
      "5": 50
    }
  },
  "6": {
    "id": "6",
    "upCost": 25,
    "cusGroupMin": 201,
    "cusGroupMax": 207,
    "interestCoef": 12,
    "shelfMax": 7,
    "refreshCost": 3,
    "qualityWeight": {
      "1": 0,
      "2": 400,
      "3": 450,
      "4": 100,
      "5": 50
    }
  },
  "7": {
    "id": "7",
    "upCost": 30,
    "cusGroupMin": 201,
    "cusGroupMax": 207,
    "interestCoef": 14,
    "shelfMax": 8,
    "refreshCost": 3,
    "qualityWeight": {
      "1": 0,
      "2": 400,
      "3": 400,
      "4": 150,
      "5": 50
    }
  },
  "8": {
    "id": "8",
    "upCost": 35,
    "cusGroupMin": 201,
    "cusGroupMax": 207,
    "interestCoef": 16,
    "shelfMax": 9,
    "refreshCost": 4,
    "qualityWeight": {
      "1": 0,
      "2": 350,
      "3": 350,
      "4": 200,
      "5": 100
    }
  },
  "9": {
    "id": "9",
    "upCost": 40,
    "cusGroupMin": 201,
    "cusGroupMax": 207,
    "interestCoef": 18,
    "shelfMax": 10,
    "refreshCost": 4,
    "qualityWeight": {
      "1": 0,
      "2": 300,
      "3": 300,
      "4": 250,
      "5": 150
    }
  },
  "10": {
    "id": "10",
    "upCost": 45,
    "cusGroupMin": 201,
    "cusGroupMax": 207,
    "interestCoef": 20,
    "shelfMax": 11,
    "refreshCost": 5,
    "qualityWeight": {
      "1": 0,
      "2": 200,
      "3": 300,
      "4": 300,
      "5": 200
    }
  }
}