{
  "8001": {
    "id": "8001",
    "name": "战士普攻",
    "CD": 2000,
    "prob": 1000,
    "duration": 400,
    "type": 1,
    "cycle": 0,
    "harmCoef": 1000,
    "moveTime": 200,
    "moveSpeed": 300,
    "moveDir": 1
  },
  "8002": {
    "id": "8002",
    "name": "冲锋",
    "CD": 5000,
    "prob": 1000,
    "duration": 1500,
    "type": 1,
    "cycle": 1,
    "harmCoef": 4000,
    "moveTime": 1000,
    "moveSpeed": 500,
    "moveDir": 1
  },
  "8003": {
    "id": "8003",
    "name": "快速冲锋",
    "CD": 5000,
    "prob": 1000,
    "duration": 800,
    "type": 1,
    "cycle": 1,
    "harmCoef": 4000,
    "moveTime": 400,
    "moveSpeed": 800,
    "moveDir": 1
  },
  "8101": {
    "id": "8101",
    "name": "远程普攻",
    "CD": 2000,
    "prob": 800,
    "duration": 200,
    "type": 2,
    "cycle": 0,
    "harmCoef": 1000,
    "moveTime": 0,
    "moveSpeed": 0,
    "moveDir": 0,
    "bullets": [
      {
        "bulletID": 941,
        "ejectTime": 100,
        "angle": 0
      }
    ]
  },
  "8102": {
    "id": "8102",
    "name": "后跳射击",
    "CD": 4000,
    "prob": 1000,
    "duration": 1000,
    "type": 2,
    "cycle": 0,
    "harmCoef": 1000,
    "moveTime": 1000,
    "moveSpeed": 200,
    "moveDir": -1,
    "bullets": [
      {
        "bulletID": 941,
        "ejectTime": 100,
        "angle": 0
      },
      {
        "bulletID": 941,
        "ejectTime": 500,
        "angle": 45
      },
      {
        "bulletID": 941,
        "ejectTime": 500,
        "angle": -45
      }
    ]
  },
  "8103": {
    "id": "8103",
    "name": "减速攻击",
    "CD": 2500,
    "prob": 800,
    "duration": 200,
    "type": 2,
    "cycle": 0,
    "harmCoef": 4000,
    "moveTime": 0,
    "moveSpeed": 0,
    "moveDir": 0,
    "bullets": [
      {
        "bulletID": 942,
        "ejectTime": 100,
        "angle": 0
      }
    ]
  },
  "8104": {
    "id": "8104",
    "name": "多重攻击",
    "CD": 5000,
    "prob": 300,
    "duration": 800,
    "type": 2,
    "cycle": 0,
    "harmCoef": 1000,
    "moveTime": 0,
    "moveSpeed": 0,
    "moveDir": 0,
    "bullets": [
      {
        "bulletID": 941,
        "ejectTime": 200,
        "angle": 0
      },
      {
        "bulletID": 941,
        "ejectTime": 300,
        "angle": 0
      },
      {
        "bulletID": 941,
        "ejectTime": 400,
        "angle": 0
      },
      {
        "bulletID": 941,
        "ejectTime": 500,
        "angle": 0
      }
    ]
  },
  "8105": {
    "id": "8105",
    "name": "散射攻击",
    "CD": 5000,
    "prob": 300,
    "duration": 200,
    "type": 2,
    "cycle": 0,
    "harmCoef": 1000,
    "moveTime": 0,
    "moveSpeed": 0,
    "moveDir": 0,
    "bullets": [
      {
        "bulletID": 941,
        "ejectTime": 100,
        "angle": 30
      },
      {
        "bulletID": 941,
        "ejectTime": 200,
        "angle": 0
      },
      {
        "bulletID": 941,
        "ejectTime": 300,
        "angle": -30
      }
    ]
  }
}