{
  "21101": {
    "id": "21101",
    "name": "普通火弓",
    "type": 1,
    "quality": 1,
    "sprite": "sBow1",
    "attack": 4,
    "HP": 80,
    "attRange": 50,
    "attCD": 400,
    "attStiff": 60,
    "beAttStiff": 1,
    "bulletID": 911,
    "buyType": 0,
    "price": 3,
    "desc": "射出红色激光，可快速穿透所有敌人",
    "leftBtn": "左键点击可穿戴",
    "rightBtn": "右键点击可三合一升星",
    "shootSound": "sound_shoot_gun"
  },
  "21102": {
    "id": "21102",
    "name": "普通火弓",
    "type": 1,
    "quality": 1,
    "sprite": "sBow1",
    "attack": 6,
    "HP": 100,
    "attRange": 50,
    "attCD": 400,
    "attStiff": 60,
    "beAttStiff": 1,
    "bulletID": 911,
    "buyType": 0,
    "price": 9,
    "desc": "射出红色激光，可快速穿透所有敌人",
    "leftBtn": "左键点击可穿戴",
    "rightBtn": "右键点击可三合一升星",
    "shootSound": "sound_shoot_gun"
  },
  "21103": {
    "id": "21103",
    "name": "普通火弓",
    "type": 1,
    "quality": 1,
    "sprite": "sBow1",
    "attack": 8,
    "HP": 120,
    "attRange": 50,
    "attCD": 400,
    "attStiff": 60,
    "beAttStiff": 1,
    "bulletID": 911,
    "buyType": 0,
    "price": 27,
    "desc": "射出红色激光，可快速穿透所有敌人",
    "leftBtn": "左键点击可穿戴",
    "rightBtn": "已升至满级",
    "shootSound": "sound_shoot_gun"
  },
  "21201": {
    "id": "21201",
    "name": "优良火弓",
    "type": 1,
    "quality": 2,
    "sprite": "sBow1",
    "attack": 6,
    "HP": 100,
    "attRange": 50,
    "attCD": 400,
    "attStiff": 60,
    "beAttStiff": 1,
    "bulletID": 911,
    "buyType": 0,
    "price": 6,
    "desc": "射出红色激光，可快速穿透所有敌人",
    "leftBtn": "左键点击可穿戴",
    "rightBtn": "右键点击可三合一升星",
    "shootSound": "sound_shoot_gun"
  },
  "21202": {
    "id": "21202",
    "name": "优良火弓",
    "type": 1,
    "quality": 2,
    "sprite": "sBow1",
    "attack": 9,
    "HP": 125,
    "attRange": 50,
    "attCD": 400,
    "attStiff": 60,
    "beAttStiff": 1,
    "bulletID": 911,
    "buyType": 0,
    "price": 18,
    "desc": "射出红色激光，可快速穿透所有敌人",
    "leftBtn": "左键点击可穿戴",
    "rightBtn": "右键点击可三合一升星",
    "shootSound": "sound_shoot_gun"
  },
  "21203": {
    "id": "21203",
    "name": "优良火弓",
    "type": 1,
    "quality": 2,
    "sprite": "sBow1",
    "attack": 12,
    "HP": 150,
    "attRange": 50,
    "attCD": 400,
    "attStiff": 60,
    "beAttStiff": 1,
    "bulletID": 911,
    "buyType": 0,
    "price": 54,
    "desc": "射出红色激光，可快速穿透所有敌人",
    "leftBtn": "左键点击可穿戴",
    "rightBtn": "已升至满级",
    "shootSound": "sound_shoot_gun"
  },
  "21301": {
    "id": "21301",
    "name": "精致火弓",
    "type": 1,
    "quality": 3,
    "sprite": "sBow2",
    "attack": 8,
    "HP": 120,
    "attRange": 50,
    "attCD": 400,
    "attStiff": 60,
    "beAttStiff": 1,
    "bulletID": 911,
    "buyType": 0,
    "price": 12,
    "desc": "射出红色激光，可快速穿透所有敌人",
    "leftBtn": "左键点击可穿戴",
    "rightBtn": "右键点击可三合一升星",
    "shootSound": "sound_shoot_gun"
  },
  "21302": {
    "id": "21302",
    "name": "精致火弓",
    "type": 1,
    "quality": 3,
    "sprite": "sBow2",
    "attack": 12,
    "HP": 150,
    "attRange": 50,
    "attCD": 400,
    "attStiff": 60,
    "beAttStiff": 1,
    "bulletID": 911,
    "buyType": 0,
    "price": 36,
    "desc": "射出红色激光，可快速穿透所有敌人",
    "leftBtn": "左键点击可穿戴",
    "rightBtn": "右键点击可三合一升星",
    "shootSound": "sound_shoot_gun"
  },
  "21303": {
    "id": "21303",
    "name": "精致火弓",
    "type": 1,
    "quality": 3,
    "sprite": "sBow2",
    "attack": 16,
    "HP": 180,
    "attRange": 50,
    "attCD": 400,
    "attStiff": 60,
    "beAttStiff": 1,
    "bulletID": 911,
    "buyType": 0,
    "price": 108,
    "desc": "射出红色激光，可快速穿透所有敌人",
    "leftBtn": "左键点击可穿戴",
    "rightBtn": "已升至满级",
    "shootSound": "sound_shoot_gun"
  },
  "21401": {
    "id": "21401",
    "name": "稀有火弓",
    "type": 1,
    "quality": 4,
    "sprite": "sBow2",
    "attack": 10,
    "HP": 140,
    "attRange": 50,
    "attCD": 400,
    "attStiff": 60,
    "beAttStiff": 1,
    "bulletID": 911,
    "buyType": 0,
    "price": 24,
    "desc": "射出红色激光，可快速穿透所有敌人",
    "leftBtn": "左键点击可穿戴",
    "rightBtn": "右键点击可三合一升星",
    "shootSound": "sound_shoot_gun"
  },
  "21402": {
    "id": "21402",
    "name": "稀有火弓",
    "type": 1,
    "quality": 4,
    "sprite": "sBow2",
    "attack": 15,
    "HP": 175,
    "attRange": 50,
    "attCD": 400,
    "attStiff": 60,
    "beAttStiff": 1,
    "bulletID": 911,
    "buyType": 0,
    "price": 72,
    "desc": "射出红色激光，可快速穿透所有敌人",
    "leftBtn": "左键点击可穿戴",
    "rightBtn": "右键点击可三合一升星",
    "shootSound": "sound_shoot_gun"
  },
  "21403": {
    "id": "21403",
    "name": "稀有火弓",
    "type": 1,
    "quality": 4,
    "sprite": "sBow2",
    "attack": 20,
    "HP": 210,
    "attRange": 50,
    "attCD": 400,
    "attStiff": 60,
    "beAttStiff": 1,
    "bulletID": 911,
    "buyType": 0,
    "price": 216,
    "desc": "射出红色激光，可快速穿透所有敌人",
    "leftBtn": "左键点击可穿戴",
    "rightBtn": "已升至满级",
    "shootSound": "sound_shoot_gun"
  },
  "21501": {
    "id": "21501",
    "name": "传奇火弓",
    "type": 1,
    "quality": 5,
    "sprite": "sBow3",
    "attack": 12,
    "HP": 160,
    "attRange": 50,
    "attCD": 400,
    "attStiff": 60,
    "beAttStiff": 1,
    "bulletID": 911,
    "buyType": 0,
    "price": 48,
    "desc": "射出红色激光，可快速穿透所有敌人",
    "leftBtn": "左键点击可穿戴",
    "rightBtn": "右键点击可三合一升星",
    "shootSound": "sound_shoot_gun"
  },
  "21502": {
    "id": "21502",
    "name": "传奇火弓",
    "type": 1,
    "quality": 5,
    "sprite": "sBow3",
    "attack": 18,
    "HP": 200,
    "attRange": 50,
    "attCD": 400,
    "attStiff": 60,
    "beAttStiff": 1,
    "bulletID": 911,
    "buyType": 0,
    "price": 144,
    "desc": "射出红色激光，可快速穿透所有敌人",
    "leftBtn": "左键点击可穿戴",
    "rightBtn": "右键点击可三合一升星",
    "shootSound": "sound_shoot_gun"
  },
  "21503": {
    "id": "21503",
    "name": "传奇火弓",
    "type": 1,
    "quality": 5,
    "sprite": "sBow3",
    "attack": 24,
    "HP": 240,
    "attRange": 50,
    "attCD": 400,
    "attStiff": 60,
    "beAttStiff": 1,
    "bulletID": 911,
    "buyType": 0,
    "price": 432,
    "desc": "射出红色激光，可快速穿透所有敌人",
    "leftBtn": "左键点击可穿戴",
    "rightBtn": "已升至满级",
    "shootSound": "sound_shoot_gun"
  },
  "22101": {
    "id": "22101",
    "name": "普通冰杖",
    "type": 2,
    "quality": 1,
    "sprite": "sStaff1",
    "attack": 6,
    "HP": 80,
    "attRange": 50,
    "attCD": 600,
    "attStiff": 200,
    "beAttStiff": 1,
    "bulletID": 921,
    "buyType": 0,
    "price": 3,
    "desc": "发射蓝色电磁炮，爆炸造成范围伤害，并使敌方减速20%",
    "leftBtn": "左键点击可穿戴",
    "rightBtn": "右键点击可三合一升星",
    "shootSound": "sound_shoot_gun"
  },
  "22102": {
    "id": "22102",
    "name": "普通冰杖",
    "type": 2,
    "quality": 1,
    "sprite": "sStaff1",
    "attack": 9,
    "HP": 100,
    "attRange": 50,
    "attCD": 600,
    "attStiff": 200,
    "beAttStiff": 1,
    "bulletID": 921,
    "buyType": 0,
    "price": 9,
    "desc": "发射蓝色电磁炮，爆炸造成范围伤害，并使敌方减速20%",
    "leftBtn": "左键点击可穿戴",
    "rightBtn": "右键点击可三合一升星",
    "shootSound": "sound_shoot_gun"
  },
  "22103": {
    "id": "22103",
    "name": "普通冰杖",
    "type": 2,
    "quality": 1,
    "sprite": "sStaff1",
    "attack": 12,
    "HP": 120,
    "attRange": 50,
    "attCD": 600,
    "attStiff": 200,
    "beAttStiff": 1,
    "bulletID": 921,
    "buyType": 0,
    "price": 27,
    "desc": "发射蓝色电磁炮，爆炸造成范围伤害，并使敌方减速20%",
    "leftBtn": "左键点击可穿戴",
    "rightBtn": "已升至满级",
    "shootSound": "sound_shoot_gun"
  },
  "22201": {
    "id": "22201",
    "name": "优良冰杖",
    "type": 2,
    "quality": 2,
    "sprite": "sStaff1",
    "attack": 9,
    "HP": 100,
    "attRange": 50,
    "attCD": 600,
    "attStiff": 200,
    "beAttStiff": 1,
    "bulletID": 921,
    "buyType": 0,
    "price": 6,
    "desc": "发射蓝色电磁炮，爆炸造成范围伤害，并使敌方减速20%",
    "leftBtn": "左键点击可穿戴",
    "rightBtn": "右键点击可三合一升星",
    "shootSound": "sound_shoot_gun"
  },
  "22202": {
    "id": "22202",
    "name": "优良冰杖",
    "type": 2,
    "quality": 2,
    "sprite": "sStaff1",
    "attack": 13.5,
    "HP": 125,
    "attRange": 50,
    "attCD": 600,
    "attStiff": 200,
    "beAttStiff": 1,
    "bulletID": 921,
    "buyType": 0,
    "price": 18,
    "desc": "发射蓝色电磁炮，爆炸造成范围伤害，并使敌方减速20%",
    "leftBtn": "左键点击可穿戴",
    "rightBtn": "右键点击可三合一升星",
    "shootSound": "sound_shoot_gun"
  },
  "22203": {
    "id": "22203",
    "name": "优良冰杖",
    "type": 2,
    "quality": 2,
    "sprite": "sStaff1",
    "attack": 18,
    "HP": 150,
    "attRange": 50,
    "attCD": 600,
    "attStiff": 200,
    "beAttStiff": 1,
    "bulletID": 921,
    "buyType": 0,
    "price": 54,
    "desc": "发射蓝色电磁炮，爆炸造成范围伤害，并使敌方减速20%",
    "leftBtn": "左键点击可穿戴",
    "rightBtn": "已升至满级",
    "shootSound": "sound_shoot_gun"
  },
  "22301": {
    "id": "22301",
    "name": "精致冰杖",
    "type": 2,
    "quality": 3,
    "sprite": "sStaff2",
    "attack": 12,
    "HP": 120,
    "attRange": 50,
    "attCD": 600,
    "attStiff": 200,
    "beAttStiff": 1,
    "bulletID": 921,
    "buyType": 0,
    "price": 12,
    "desc": "发射蓝色电磁炮，爆炸造成范围伤害，并使敌方减速20%",
    "leftBtn": "左键点击可穿戴",
    "rightBtn": "右键点击可三合一升星",
    "shootSound": "sound_shoot_gun"
  },
  "22302": {
    "id": "22302",
    "name": "精致冰杖",
    "type": 2,
    "quality": 3,
    "sprite": "sStaff2",
    "attack": 18,
    "HP": 150,
    "attRange": 50,
    "attCD": 600,
    "attStiff": 200,
    "beAttStiff": 1,
    "bulletID": 921,
    "buyType": 0,
    "price": 36,
    "desc": "发射蓝色电磁炮，爆炸造成范围伤害，并使敌方减速20%",
    "leftBtn": "左键点击可穿戴",
    "rightBtn": "右键点击可三合一升星",
    "shootSound": "sound_shoot_gun"
  },
  "22303": {
    "id": "22303",
    "name": "精致冰杖",
    "type": 2,
    "quality": 3,
    "sprite": "sStaff2",
    "attack": 24,
    "HP": 180,
    "attRange": 50,
    "attCD": 600,
    "attStiff": 200,
    "beAttStiff": 1,
    "bulletID": 921,
    "buyType": 0,
    "price": 108,
    "desc": "发射蓝色电磁炮，爆炸造成范围伤害，并使敌方减速20%",
    "leftBtn": "左键点击可穿戴",
    "rightBtn": "已升至满级",
    "shootSound": "sound_shoot_gun"
  },
  "22401": {
    "id": "22401",
    "name": "稀有冰杖",
    "type": 2,
    "quality": 4,
    "sprite": "sStaff2",
    "attack": 15,
    "HP": 140,
    "attRange": 50,
    "attCD": 600,
    "attStiff": 200,
    "beAttStiff": 1,
    "bulletID": 921,
    "buyType": 0,
    "price": 24,
    "desc": "发射蓝色电磁炮，爆炸造成范围伤害，并使敌方减速20%",
    "leftBtn": "左键点击可穿戴",
    "rightBtn": "右键点击可三合一升星",
    "shootSound": "sound_shoot_gun"
  },
  "22402": {
    "id": "22402",
    "name": "稀有冰杖",
    "type": 2,
    "quality": 4,
    "sprite": "sStaff2",
    "attack": 22.5,
    "HP": 175,
    "attRange": 50,
    "attCD": 600,
    "attStiff": 200,
    "beAttStiff": 1,
    "bulletID": 921,
    "buyType": 0,
    "price": 72,
    "desc": "发射蓝色电磁炮，爆炸造成范围伤害，并使敌方减速20%",
    "leftBtn": "左键点击可穿戴",
    "rightBtn": "右键点击可三合一升星",
    "shootSound": "sound_shoot_gun"
  },
  "22403": {
    "id": "22403",
    "name": "稀有冰杖",
    "type": 2,
    "quality": 4,
    "sprite": "sStaff2",
    "attack": 30,
    "HP": 210,
    "attRange": 50,
    "attCD": 600,
    "attStiff": 200,
    "beAttStiff": 1,
    "bulletID": 921,
    "buyType": 0,
    "price": 216,
    "desc": "发射蓝色电磁炮，爆炸造成范围伤害，并使敌方减速20%",
    "leftBtn": "左键点击可穿戴",
    "rightBtn": "已升至满级",
    "shootSound": "sound_shoot_gun"
  },
  "22501": {
    "id": "22501",
    "name": "传奇冰杖",
    "type": 2,
    "quality": 5,
    "sprite": "sStaff3",
    "attack": 18,
    "HP": 160,
    "attRange": 50,
    "attCD": 600,
    "attStiff": 200,
    "beAttStiff": 1,
    "bulletID": 921,
    "buyType": 0,
    "price": 48,
    "desc": "发射蓝色电磁炮，爆炸造成范围伤害，并使敌方减速20%",
    "leftBtn": "左键点击可穿戴",
    "rightBtn": "右键点击可三合一升星",
    "shootSound": "sound_shoot_gun"
  },
  "22502": {
    "id": "22502",
    "name": "传奇冰杖",
    "type": 2,
    "quality": 5,
    "sprite": "sStaff3",
    "attack": 27,
    "HP": 200,
    "attRange": 50,
    "attCD": 600,
    "attStiff": 200,
    "beAttStiff": 1,
    "bulletID": 921,
    "buyType": 0,
    "price": 144,
    "desc": "发射蓝色电磁炮，爆炸造成范围伤害，并使敌方减速20%",
    "leftBtn": "左键点击可穿戴",
    "rightBtn": "右键点击可三合一升星",
    "shootSound": "sound_shoot_gun"
  },
  "22503": {
    "id": "22503",
    "name": "传奇冰杖",
    "type": 2,
    "quality": 5,
    "sprite": "sStaff3",
    "attack": 36,
    "HP": 240,
    "attRange": 50,
    "attCD": 600,
    "attStiff": 200,
    "beAttStiff": 1,
    "bulletID": 921,
    "buyType": 0,
    "price": 432,
    "desc": "发射蓝色电磁炮，爆炸造成范围伤害，并使敌方减速20%",
    "leftBtn": "左键点击可穿戴",
    "rightBtn": "已升至满级",
    "shootSound": "sound_shoot_gun"
  },
  "23101": {
    "id": "23101",
    "name": "普通机枪",
    "type": 3,
    "quality": 1,
    "sprite": "sGun1",
    "attack": 2.4,
    "HP": 80,
    "attRange": 50,
    "attCD": 200,
    "attStiff": 100,
    "beAttStiff": 1,
    "bulletID": 931,
    "buyType": 0,
    "price": 3,
    "desc": "快速发射黄色子弹，造成大量伤害",
    "leftBtn": "左键点击可穿戴",
    "rightBtn": "右键点击可三合一升星",
    "shootSound": "sound_shoot_gun"
  },
  "23102": {
    "id": "23102",
    "name": "普通机枪",
    "type": 3,
    "quality": 1,
    "sprite": "sGun1",
    "attack": 3.6,
    "HP": 100,
    "attRange": 50,
    "attCD": 200,
    "attStiff": 100,
    "beAttStiff": 1,
    "bulletID": 931,
    "buyType": 0,
    "price": 9,
    "desc": "快速发射黄色子弹，造成大量伤害",
    "leftBtn": "左键点击可穿戴",
    "rightBtn": "右键点击可三合一升星",
    "shootSound": "sound_shoot_gun"
  },
  "23103": {
    "id": "23103",
    "name": "普通机枪",
    "type": 3,
    "quality": 1,
    "sprite": "sGun1",
    "attack": 4.8,
    "HP": 120,
    "attRange": 50,
    "attCD": 200,
    "attStiff": 100,
    "beAttStiff": 1,
    "bulletID": 931,
    "buyType": 0,
    "price": 27,
    "desc": "快速发射黄色子弹，造成大量伤害",
    "leftBtn": "左键点击可穿戴",
    "rightBtn": "已升至满级",
    "shootSound": "sound_shoot_gun"
  },
  "23201": {
    "id": "23201",
    "name": "优良机枪",
    "type": 3,
    "quality": 2,
    "sprite": "sGun1",
    "attack": 3.6,
    "HP": 100,
    "attRange": 50,
    "attCD": 200,
    "attStiff": 100,
    "beAttStiff": 1,
    "bulletID": 931,
    "buyType": 0,
    "price": 6,
    "desc": "快速发射黄色子弹，造成大量伤害",
    "leftBtn": "左键点击可穿戴",
    "rightBtn": "右键点击可三合一升星",
    "shootSound": "sound_shoot_gun"
  },
  "23202": {
    "id": "23202",
    "name": "优良机枪",
    "type": 3,
    "quality": 2,
    "sprite": "sGun1",
    "attack": 5.4,
    "HP": 125,
    "attRange": 50,
    "attCD": 200,
    "attStiff": 100,
    "beAttStiff": 1,
    "bulletID": 931,
    "buyType": 0,
    "price": 18,
    "desc": "快速发射黄色子弹，造成大量伤害",
    "leftBtn": "左键点击可穿戴",
    "rightBtn": "右键点击可三合一升星",
    "shootSound": "sound_shoot_gun"
  },
  "23203": {
    "id": "23203",
    "name": "优良机枪",
    "type": 3,
    "quality": 2,
    "sprite": "sGun1",
    "attack": 7.2,
    "HP": 150,
    "attRange": 50,
    "attCD": 200,
    "attStiff": 100,
    "beAttStiff": 1,
    "bulletID": 931,
    "buyType": 0,
    "price": 54,
    "desc": "快速发射黄色子弹，造成大量伤害",
    "leftBtn": "左键点击可穿戴",
    "rightBtn": "已升至满级",
    "shootSound": "sound_shoot_gun"
  },
  "23301": {
    "id": "23301",
    "name": "精致机枪",
    "type": 3,
    "quality": 3,
    "sprite": "sGun2",
    "attack": 4.8,
    "HP": 120,
    "attRange": 50,
    "attCD": 200,
    "attStiff": 100,
    "beAttStiff": 1,
    "bulletID": 931,
    "buyType": 0,
    "price": 12,
    "desc": "快速发射黄色子弹，造成大量伤害",
    "leftBtn": "左键点击可穿戴",
    "rightBtn": "右键点击可三合一升星",
    "shootSound": "sound_shoot_gun"
  },
  "23302": {
    "id": "23302",
    "name": "精致机枪",
    "type": 3,
    "quality": 3,
    "sprite": "sGun2",
    "attack": 7.2,
    "HP": 150,
    "attRange": 50,
    "attCD": 200,
    "attStiff": 100,
    "beAttStiff": 1,
    "bulletID": 931,
    "buyType": 0,
    "price": 36,
    "desc": "快速发射黄色子弹，造成大量伤害",
    "leftBtn": "左键点击可穿戴",
    "rightBtn": "右键点击可三合一升星",
    "shootSound": "sound_shoot_gun"
  },
  "23303": {
    "id": "23303",
    "name": "精致机枪",
    "type": 3,
    "quality": 3,
    "sprite": "sGun2",
    "attack": 9.6,
    "HP": 180,
    "attRange": 50,
    "attCD": 200,
    "attStiff": 100,
    "beAttStiff": 1,
    "bulletID": 931,
    "buyType": 0,
    "price": 108,
    "desc": "快速发射黄色子弹，造成大量伤害",
    "leftBtn": "左键点击可穿戴",
    "rightBtn": "已升至满级",
    "shootSound": "sound_shoot_gun"
  },
  "23401": {
    "id": "23401",
    "name": "稀有机枪",
    "type": 3,
    "quality": 4,
    "sprite": "sGun2",
    "attack": 6,
    "HP": 140,
    "attRange": 50,
    "attCD": 200,
    "attStiff": 100,
    "beAttStiff": 1,
    "bulletID": 931,
    "buyType": 0,
    "price": 24,
    "desc": "快速发射黄色子弹，造成大量伤害",
    "leftBtn": "左键点击可穿戴",
    "rightBtn": "右键点击可三合一升星",
    "shootSound": "sound_shoot_gun"
  },
  "23402": {
    "id": "23402",
    "name": "稀有机枪",
    "type": 3,
    "quality": 4,
    "sprite": "sGun2",
    "attack": 9,
    "HP": 175,
    "attRange": 50,
    "attCD": 200,
    "attStiff": 100,
    "beAttStiff": 1,
    "bulletID": 931,
    "buyType": 0,
    "price": 72,
    "desc": "快速发射黄色子弹，造成大量伤害",
    "leftBtn": "左键点击可穿戴",
    "rightBtn": "右键点击可三合一升星",
    "shootSound": "sound_shoot_gun"
  },
  "23403": {
    "id": "23403",
    "name": "稀有机枪",
    "type": 3,
    "quality": 4,
    "sprite": "sGun2",
    "attack": 12,
    "HP": 210,
    "attRange": 50,
    "attCD": 200,
    "attStiff": 100,
    "beAttStiff": 1,
    "bulletID": 931,
    "buyType": 0,
    "price": 216,
    "desc": "快速发射黄色子弹，造成大量伤害",
    "leftBtn": "左键点击可穿戴",
    "rightBtn": "已升至满级",
    "shootSound": "sound_shoot_gun"
  },
  "23501": {
    "id": "23501",
    "name": "传奇机枪",
    "type": 3,
    "quality": 5,
    "sprite": "sGun3",
    "attack": 7.2,
    "HP": 160,
    "attRange": 50,
    "attCD": 200,
    "attStiff": 100,
    "beAttStiff": 1,
    "bulletID": 931,
    "buyType": 0,
    "price": 48,
    "desc": "快速发射黄色子弹，造成大量伤害",
    "leftBtn": "左键点击可穿戴",
    "rightBtn": "右键点击可三合一升星",
    "shootSound": "sound_shoot_gun"
  },
  "23502": {
    "id": "23502",
    "name": "传奇机枪",
    "type": 3,
    "quality": 5,
    "sprite": "sGun3",
    "attack": 10.8,
    "HP": 200,
    "attRange": 50,
    "attCD": 200,
    "attStiff": 100,
    "beAttStiff": 1,
    "bulletID": 931,
    "buyType": 0,
    "price": 144,
    "desc": "快速发射黄色子弹，造成大量伤害",
    "leftBtn": "左键点击可穿戴",
    "rightBtn": "右键点击可三合一升星",
    "shootSound": "sound_shoot_gun"
  },
  "23503": {
    "id": "23503",
    "name": "传奇机枪",
    "type": 3,
    "quality": 5,
    "sprite": "sGun3",
    "attack": 14.4,
    "HP": 240,
    "attRange": 50,
    "attCD": 200,
    "attStiff": 100,
    "beAttStiff": 1,
    "bulletID": 931,
    "buyType": 0,
    "price": 432,
    "desc": "快速发射黄色子弹，造成大量伤害",
    "leftBtn": "左键点击可穿戴",
    "rightBtn": "已升至满级",
    "shootSound": "sound_shoot_gun"
  },
  "null": {
    "id": null,
    "name": null,
    "type": null,
    "quality": null,
    "sprite": null,
    "attack": null,
    "HP": null,
    "attRange": null,
    "attCD": null,
    "attStiff": null,
    "beAttStiff": null,
    "bulletID": null,
    "buyType": null,
    "price": null,
    "desc": null,
    "leftBtn": null,
    "rightBtn": null,
    "shootSound": null
  }
}