{
  "1102": {
    "id": "1102",
    "name": "毒蛇",
    "type": 0,
    "quality": 1,
    "sprite": "sMon_arc1",
    "scale": 1,
    "attack": 1.1,
    "HP": 12,
    "moveType": 1,
    "nearRange": 100,
    "farRange": 600,
    "nearSkill": [
      8102
    ],
    "farSkill": [
      8101,
      8104,
      8105
    ],
    "speed": 120,
    "attStiff": 500,
    "beAttStiff": 1,
    "blood": 1,
    "beHitSound": "sound_hit_mon",
    "desc": "超远输出距离的怪物"
  },
  "1103": {
    "id": "1103",
    "name": "软泥",
    "type": 0,
    "quality": 1,
    "sprite": "sMon_ass1",
    "scale": 1,
    "attack": 1.2,
    "HP": 16,
    "moveType": 1,
    "nearRange": 40,
    "farRange": 250,
    "nearSkill": [
      8001
    ],
    "farSkill": [
      8101,
      8105
    ],
    "speed": 220,
    "attStiff": 500,
    "beAttStiff": 1,
    "blood": 1,
    "beHitSound": "sound_hit_mon",
    "desc": "高速移动的刺客"
  },
  "1107": {
    "id": "1107",
    "name": "精英毒蛇",
    "type": 0,
    "quality": 2,
    "sprite": "sMon_arc1",
    "scale": 2,
    "attack": 2.2,
    "HP": 54,
    "moveType": 1,
    "nearRange": 100,
    "farRange": 600,
    "nearSkill": [
      8102
    ],
    "farSkill": [
      8101,
      8104,
      8105
    ],
    "speed": 120,
    "attStiff": 500,
    "beAttStiff": 0.3,
    "blood": 3,
    "beHitSound": "sound_hit_mon",
    "desc": "超远输出距离的怪物，死亡后掉落白精元"
  },
  "1108": {
    "id": "1108",
    "name": "精英软泥",
    "type": 0,
    "quality": 2,
    "sprite": "sMon_ass1",
    "scale": 2,
    "attack": 2.4,
    "HP": 72,
    "moveType": 1,
    "nearRange": 40,
    "farRange": 250,
    "nearSkill": [
      8001
    ],
    "farSkill": [
      8101,
      8105
    ],
    "speed": 220,
    "attStiff": 500,
    "beAttStiff": 0.3,
    "blood": 3,
    "beHitSound": "sound_hit_mon",
    "desc": "高速移动的刺客，死亡后掉落白精元"
  },
  "1111": {
    "id": "1111",
    "name": "眼球",
    "type": 1,
    "quality": 1,
    "sprite": "sMon_bird1",
    "scale": 1,
    "attack": 1,
    "HP": 20,
    "moveType": 2,
    "nearRange": 150,
    "farRange": 250,
    "nearSkill": [
      8101
    ],
    "farSkill": [
      8003
    ],
    "speed": 200,
    "attStiff": 500,
    "beAttStiff": 1,
    "blood": 1,
    "beHitSound": "sound_hit_mon",
    "desc": "可怕的飞行怪，可以穿越货架。克制金系，被水系克制"
  },
  "1116": {
    "id": "1116",
    "name": "精英眼球",
    "type": 1,
    "quality": 2,
    "sprite": "sMon_bird1",
    "scale": 2,
    "attack": 2,
    "HP": 90,
    "moveType": 2,
    "nearRange": 150,
    "farRange": 250,
    "nearSkill": [
      8101
    ],
    "farSkill": [
      8003
    ],
    "speed": 200,
    "attStiff": 500,
    "beAttStiff": 0.3,
    "blood": 3,
    "beHitSound": "sound_hit_mon",
    "desc": "可怕的飞行怪，可以穿越货架。克制金系，被水系克制，死亡后掉落火精元"
  },
  "1124": {
    "id": "1124",
    "name": "触手",
    "type": 2,
    "quality": 1,
    "sprite": "sMon_mage1",
    "scale": 1,
    "attack": 1,
    "HP": 12,
    "moveType": 1,
    "nearRange": 100,
    "farRange": 500,
    "nearSkill": [
      8102,
      8103
    ],
    "farSkill": [
      8103
    ],
    "speed": 130,
    "attStiff": 500,
    "beAttStiff": 1,
    "blood": 1,
    "beHitSound": "sound_hit_mon",
    "desc": "使用减速技能的触手怪。克制火系，被金系克制"
  },
  "1129": {
    "id": "1129",
    "name": "精英触手",
    "type": 2,
    "quality": 2,
    "sprite": "sMon_mage1",
    "scale": 2,
    "attack": 2,
    "HP": 54,
    "moveType": 1,
    "nearRange": 100,
    "farRange": 500,
    "nearSkill": [
      8102,
      8103
    ],
    "farSkill": [
      8103
    ],
    "speed": 130,
    "attStiff": 500,
    "beAttStiff": 0.3,
    "blood": 3,
    "beHitSound": "sound_hit_mon",
    "desc": "使用减速技能的触手怪。克制火系，被金系克制，死亡后掉落水精元"
  },
  "1130": {
    "id": "1130",
    "name": "石像",
    "type": 3,
    "quality": 1,
    "sprite": "sMon_war1",
    "scale": 1,
    "attack": 0.8,
    "HP": 28,
    "moveType": 1,
    "nearRange": 50,
    "farRange": 450,
    "nearSkill": [
      8001,
      8102
    ],
    "farSkill": [
      8002
    ],
    "speed": 150,
    "attStiff": 500,
    "beAttStiff": 0.8,
    "blood": 1,
    "beHitSound": "sound_hit_mon",
    "desc": "高生命值的近战怪物，附带易伤效果。克制水系，被火系克制"
  },
  "1135": {
    "id": "1135",
    "name": "精英石像",
    "type": 3,
    "quality": 2,
    "sprite": "sMon_war1",
    "scale": 2,
    "attack": 1.6,
    "HP": 125.99999999999999,
    "moveType": 1,
    "nearRange": 50,
    "farRange": 450,
    "nearSkill": [
      8001,
      8102
    ],
    "farSkill": [
      8002
    ],
    "speed": 150,
    "attStiff": 500,
    "beAttStiff": 0.2,
    "blood": 3,
    "beHitSound": "sound_hit_mon",
    "desc": "高生命值的近战怪物，附带易伤效果。克制水系，被火系克制，死亡后掉落金精元"
  },
  "1202": {
    "id": "1202",
    "name": "毒蛇",
    "type": 0,
    "quality": 1,
    "sprite": "sMon_arc1",
    "scale": 1,
    "attack": 1.1,
    "HP": 12,
    "moveType": 1,
    "nearRange": 100,
    "farRange": 600,
    "nearSkill": [
      8102
    ],
    "farSkill": [
      8101,
      8104,
      8105
    ],
    "speed": 120,
    "attStiff": 500,
    "beAttStiff": 1,
    "blood": 1,
    "beHitSound": "sound_hit_mon",
    "desc": "超远输出距离的怪物"
  },
  "1203": {
    "id": "1203",
    "name": "软泥",
    "type": 0,
    "quality": 1,
    "sprite": "sMon_ass1",
    "scale": 1,
    "attack": 1.2,
    "HP": 16,
    "moveType": 1,
    "nearRange": 40,
    "farRange": 250,
    "nearSkill": [
      8001
    ],
    "farSkill": [
      8101,
      8105
    ],
    "speed": 220,
    "attStiff": 500,
    "beAttStiff": 1,
    "blood": 1,
    "beHitSound": "sound_hit_mon",
    "desc": "高速移动的刺客"
  },
  "1207": {
    "id": "1207",
    "name": "精英毒蛇",
    "type": 0,
    "quality": 2,
    "sprite": "sMon_arc1",
    "scale": 2,
    "attack": 2.2,
    "HP": 54,
    "moveType": 1,
    "nearRange": 100,
    "farRange": 600,
    "nearSkill": [
      8102
    ],
    "farSkill": [
      8101,
      8104,
      8105
    ],
    "speed": 120,
    "attStiff": 500,
    "beAttStiff": 0.3,
    "blood": 3,
    "beHitSound": "sound_hit_mon",
    "desc": "超远输出距离的怪物，死亡后掉落白精元"
  },
  "1208": {
    "id": "1208",
    "name": "精英软泥",
    "type": 0,
    "quality": 2,
    "sprite": "sMon_ass1",
    "scale": 2,
    "attack": 2.4,
    "HP": 72,
    "moveType": 1,
    "nearRange": 40,
    "farRange": 250,
    "nearSkill": [
      8001
    ],
    "farSkill": [
      8101,
      8105
    ],
    "speed": 220,
    "attStiff": 500,
    "beAttStiff": 0.3,
    "blood": 3,
    "beHitSound": "sound_hit_mon",
    "desc": "高速移动的刺客，死亡后掉落白精元"
  },
  "1211": {
    "id": "1211",
    "name": "眼球",
    "type": 1,
    "quality": 1,
    "sprite": "sMon_bird1",
    "scale": 1,
    "attack": 1,
    "HP": 20,
    "moveType": 2,
    "nearRange": 150,
    "farRange": 250,
    "nearSkill": [
      8101
    ],
    "farSkill": [
      8003
    ],
    "speed": 200,
    "attStiff": 500,
    "beAttStiff": 1,
    "blood": 1,
    "beHitSound": "sound_hit_mon",
    "desc": "可怕的飞行怪，可以穿越货架。克制金系，被水系克制"
  },
  "1216": {
    "id": "1216",
    "name": "精英眼球",
    "type": 1,
    "quality": 2,
    "sprite": "sMon_bird1",
    "scale": 2,
    "attack": 2,
    "HP": 90,
    "moveType": 2,
    "nearRange": 150,
    "farRange": 250,
    "nearSkill": [
      8101
    ],
    "farSkill": [
      8003
    ],
    "speed": 200,
    "attStiff": 500,
    "beAttStiff": 0.3,
    "blood": 3,
    "beHitSound": "sound_hit_mon",
    "desc": "可怕的飞行怪，可以穿越货架。克制金系，被水系克制，死亡后掉落火精元"
  },
  "1224": {
    "id": "1224",
    "name": "触手",
    "type": 2,
    "quality": 1,
    "sprite": "sMon_mage1",
    "scale": 1,
    "attack": 1,
    "HP": 12,
    "moveType": 1,
    "nearRange": 100,
    "farRange": 500,
    "nearSkill": [
      8102,
      8103
    ],
    "farSkill": [
      8103
    ],
    "speed": 130,
    "attStiff": 500,
    "beAttStiff": 1,
    "blood": 1,
    "beHitSound": "sound_hit_mon",
    "desc": "使用减速技能的触手怪。克制火系，被金系克制"
  },
  "1229": {
    "id": "1229",
    "name": "精英触手",
    "type": 2,
    "quality": 2,
    "sprite": "sMon_mage1",
    "scale": 2,
    "attack": 2,
    "HP": 54,
    "moveType": 1,
    "nearRange": 100,
    "farRange": 500,
    "nearSkill": [
      8102,
      8103
    ],
    "farSkill": [
      8103
    ],
    "speed": 130,
    "attStiff": 500,
    "beAttStiff": 0.3,
    "blood": 3,
    "beHitSound": "sound_hit_mon",
    "desc": "使用减速技能的触手怪。克制火系，被金系克制，死亡后掉落水精元"
  },
  "1230": {
    "id": "1230",
    "name": "石像",
    "type": 3,
    "quality": 1,
    "sprite": "sMon_war1",
    "scale": 1,
    "attack": 0.8,
    "HP": 28,
    "moveType": 1,
    "nearRange": 50,
    "farRange": 450,
    "nearSkill": [
      8001,
      8102
    ],
    "farSkill": [
      8002
    ],
    "speed": 150,
    "attStiff": 500,
    "beAttStiff": 0.8,
    "blood": 1,
    "beHitSound": "sound_hit_mon",
    "desc": "高生命值的近战怪物，附带易伤效果。克制水系，被火系克制"
  },
  "1235": {
    "id": "1235",
    "name": "精英石像",
    "type": 3,
    "quality": 2,
    "sprite": "sMon_war1",
    "scale": 2,
    "attack": 1.6,
    "HP": 125.99999999999999,
    "moveType": 1,
    "nearRange": 50,
    "farRange": 450,
    "nearSkill": [
      8001,
      8102
    ],
    "farSkill": [
      8002
    ],
    "speed": 150,
    "attStiff": 500,
    "beAttStiff": 0.2,
    "blood": 3,
    "beHitSound": "sound_hit_mon",
    "desc": "高生命值的近战怪物，附带易伤效果。克制水系，被火系克制，死亡后掉落金精元"
  },
  "1302": {
    "id": "1302",
    "name": "毒蛇",
    "type": 0,
    "quality": 1,
    "sprite": "sMon_arc1",
    "scale": 1,
    "attack": 1.1,
    "HP": 12,
    "moveType": 1,
    "nearRange": 100,
    "farRange": 600,
    "nearSkill": [
      8102
    ],
    "farSkill": [
      8101,
      8104,
      8105
    ],
    "speed": 120,
    "attStiff": 500,
    "beAttStiff": 1,
    "blood": 1,
    "beHitSound": "sound_hit_mon",
    "desc": "超远输出距离的怪物"
  },
  "1303": {
    "id": "1303",
    "name": "软泥",
    "type": 0,
    "quality": 1,
    "sprite": "sMon_ass1",
    "scale": 1,
    "attack": 1.2,
    "HP": 16,
    "moveType": 1,
    "nearRange": 40,
    "farRange": 250,
    "nearSkill": [
      8001
    ],
    "farSkill": [
      8101,
      8105
    ],
    "speed": 220,
    "attStiff": 500,
    "beAttStiff": 1,
    "blood": 1,
    "beHitSound": "sound_hit_mon",
    "desc": "高速移动的刺客"
  },
  "1307": {
    "id": "1307",
    "name": "精英毒蛇",
    "type": 0,
    "quality": 2,
    "sprite": "sMon_arc1",
    "scale": 2,
    "attack": 2.2,
    "HP": 54,
    "moveType": 1,
    "nearRange": 100,
    "farRange": 600,
    "nearSkill": [
      8102
    ],
    "farSkill": [
      8101,
      8104,
      8105
    ],
    "speed": 120,
    "attStiff": 500,
    "beAttStiff": 0.3,
    "blood": 3,
    "beHitSound": "sound_hit_mon",
    "desc": "超远输出距离的怪物，死亡后掉落白精元"
  },
  "1308": {
    "id": "1308",
    "name": "精英软泥",
    "type": 0,
    "quality": 2,
    "sprite": "sMon_ass1",
    "scale": 2,
    "attack": 2.4,
    "HP": 72,
    "moveType": 1,
    "nearRange": 40,
    "farRange": 250,
    "nearSkill": [
      8001
    ],
    "farSkill": [
      8101,
      8105
    ],
    "speed": 220,
    "attStiff": 500,
    "beAttStiff": 0.3,
    "blood": 3,
    "beHitSound": "sound_hit_mon",
    "desc": "高速移动的刺客，死亡后掉落白精元"
  },
  "1311": {
    "id": "1311",
    "name": "眼球",
    "type": 1,
    "quality": 1,
    "sprite": "sMon_bird1",
    "scale": 1,
    "attack": 1,
    "HP": 20,
    "moveType": 2,
    "nearRange": 150,
    "farRange": 250,
    "nearSkill": [
      8101
    ],
    "farSkill": [
      8003
    ],
    "speed": 200,
    "attStiff": 500,
    "beAttStiff": 1,
    "blood": 1,
    "beHitSound": "sound_hit_mon",
    "desc": "可怕的飞行怪，可以穿越货架。克制金系，被水系克制"
  },
  "1316": {
    "id": "1316",
    "name": "精英眼球",
    "type": 1,
    "quality": 2,
    "sprite": "sMon_bird1",
    "scale": 2,
    "attack": 2,
    "HP": 90,
    "moveType": 2,
    "nearRange": 150,
    "farRange": 250,
    "nearSkill": [
      8101
    ],
    "farSkill": [
      8003
    ],
    "speed": 200,
    "attStiff": 500,
    "beAttStiff": 0.3,
    "blood": 3,
    "beHitSound": "sound_hit_mon",
    "desc": "可怕的飞行怪，可以穿越货架。克制金系，被水系克制，死亡后掉落火精元"
  },
  "1324": {
    "id": "1324",
    "name": "触手",
    "type": 2,
    "quality": 1,
    "sprite": "sMon_mage1",
    "scale": 1,
    "attack": 1,
    "HP": 12,
    "moveType": 1,
    "nearRange": 100,
    "farRange": 500,
    "nearSkill": [
      8102,
      8103
    ],
    "farSkill": [
      8103
    ],
    "speed": 130,
    "attStiff": 500,
    "beAttStiff": 1,
    "blood": 1,
    "beHitSound": "sound_hit_mon",
    "desc": "使用减速技能的触手怪。克制火系，被金系克制"
  },
  "1329": {
    "id": "1329",
    "name": "精英触手",
    "type": 2,
    "quality": 2,
    "sprite": "sMon_mage1",
    "scale": 2,
    "attack": 2,
    "HP": 54,
    "moveType": 1,
    "nearRange": 100,
    "farRange": 500,
    "nearSkill": [
      8102,
      8103
    ],
    "farSkill": [
      8103
    ],
    "speed": 130,
    "attStiff": 500,
    "beAttStiff": 0.3,
    "blood": 3,
    "beHitSound": "sound_hit_mon",
    "desc": "使用减速技能的触手怪。克制火系，被金系克制，死亡后掉落水精元"
  },
  "1330": {
    "id": "1330",
    "name": "石像",
    "type": 3,
    "quality": 1,
    "sprite": "sMon_war1",
    "scale": 1,
    "attack": 0.8,
    "HP": 28,
    "moveType": 1,
    "nearRange": 50,
    "farRange": 450,
    "nearSkill": [
      8001,
      8102
    ],
    "farSkill": [
      8004
    ],
    "speed": 150,
    "attStiff": 500,
    "beAttStiff": 0.8,
    "blood": 1,
    "beHitSound": "sound_hit_mon",
    "desc": "高生命值的近战怪物，附带易伤效果。克制水系，被火系克制"
  },
  "1335": {
    "id": "1335",
    "name": "精英石像",
    "type": 3,
    "quality": 2,
    "sprite": "sMon_war1",
    "scale": 2,
    "attack": 1.6,
    "HP": 125.99999999999999,
    "moveType": 1,
    "nearRange": 50,
    "farRange": 450,
    "nearSkill": [
      8001,
      8102
    ],
    "farSkill": [
      8004
    ],
    "speed": 150,
    "attStiff": 500,
    "beAttStiff": 0.2,
    "blood": 3,
    "beHitSound": "sound_hit_mon",
    "desc": "高生命值的近战怪物，附带易伤效果。克制水系，被火系克制，死亡后掉落金精元"
  }
}