{
  "40001": {
    "id": "40001",
    "name": "白精元",
    "type": 0,
    "quality": 5,
    "sprite": "sSoul",
    "price": 1,
    "sell_price": 5,
    "desc": "通用的纯白精元。经营阶段可双倍触发物品效果，战斗阶段可使货架攻速翻倍",
    "leftBtn": "左键点击可镶嵌在任意货架上",
    "rightBtn": null
  },
  "41001": {
    "id": "41001",
    "name": "火精元",
    "type": 1,
    "quality": 5,
    "sprite": "sSoul_red",
    "price": 1,
    "sell_price": 5,
    "desc": "火焰的精元。经营阶段可双倍触发物品效果，战斗阶段可使货架攻速翻倍",
    "leftBtn": "左键点击可镶嵌在烤箱上",
    "rightBtn": null
  },
  "42001": {
    "id": "42001",
    "name": "水精元",
    "type": 2,
    "quality": 5,
    "sprite": "sSoul_blue",
    "price": 1,
    "sell_price": 5,
    "desc": "泉水的精元。经营阶段可双倍触发物品效果，战斗阶段可使货架攻速翻倍",
    "leftBtn": "左键点击可镶嵌在冷柜上",
    "rightBtn": null
  },
  "43001": {
    "id": "43001",
    "name": "金精元",
    "type": 3,
    "quality": 5,
    "sprite": "sSoul_yellow",
    "price": 1,
    "sell_price": 5,
    "desc": "金属的精元。经营阶段可双倍触发物品效果，战斗阶段可使货架攻速翻倍",
    "leftBtn": "左键点击可镶嵌在柜台上",
    "rightBtn": null
  },
  "null": {
    "id": null,
    "name": null,
    "type": null,
    "quality": null,
    "sprite": null,
    "price": null,
    "sell_price": null,
    "desc": null,
    "leftBtn": null,
    "rightBtn": null
  }
}