{
  "1": {
    "id": "1",
    "monGroupMin": 100,
    "monGroupMax": 100,
    "attCoef": 1.5,
    "hpCoef": 0.6,
    "bloodCoef": 0.7092198581560284
  },
  "2": {
    "id": "2",
    "monGroupMin": 101,
    "monGroupMax": 101,
    "attCoef": 1.7,
    "hpCoef": 0.8999999999999999,
    "bloodCoef": 1.0638297872340425
  },
  "3": {
    "id": "3",
    "monGroupMin": 102,
    "monGroupMax": 102,
    "attCoef": 1.9,
    "hpCoef": 1.2,
    "bloodCoef": 1.4184397163120568
  },
  "4": {
    "id": "4",
    "monGroupMin": 103,
    "monGroupMax": 105,
    "attCoef": 2.1,
    "hpCoef": 1.5,
    "bloodCoef": 1.773049645390071
  },
  "5": {
    "id": "5",
    "monGroupMin": 102,
    "monGroupMax": 105,
    "attCoef": 2.3000000000000003,
    "hpCoef": 1.8,
    "bloodCoef": 2.127659574468085
  },
  "6": {
    "id": "6",
    "monGroupMin": 101,
    "monGroupMax": 105,
    "attCoef": 2.5000000000000004,
    "hpCoef": 2.1,
    "bloodCoef": 2.4822695035460995
  },
  "7": {
    "id": "7",
    "monGroupMin": 111,
    "monGroupMax": 115,
    "attCoef": 2.7000000000000006,
    "hpCoef": 2.4,
    "bloodCoef": 2.8368794326241136
  },
  "8": {
    "id": "8",
    "monGroupMin": 111,
    "monGroupMax": 115,
    "attCoef": 2.900000000000001,
    "hpCoef": 2.6999999999999997,
    "bloodCoef": 3.1914893617021276
  },
  "9": {
    "id": "9",
    "monGroupMin": 111,
    "monGroupMax": 115,
    "attCoef": 3.100000000000001,
    "hpCoef": 2.9999999999999996,
    "bloodCoef": 3.546099290780142
  },
  "10": {
    "id": "10",
    "monGroupMin": 111,
    "monGroupMax": 115,
    "attCoef": 3.300000000000001,
    "hpCoef": 3.2999999999999994,
    "bloodCoef": 3.900709219858156
  },
  "11": {
    "id": "11",
    "monGroupMin": 111,
    "monGroupMax": 115,
    "attCoef": 3.5000000000000013,
    "hpCoef": 3.599999999999999,
    "bloodCoef": 4.25531914893617
  },
  "12": {
    "id": "12",
    "monGroupMin": 111,
    "monGroupMax": 115,
    "attCoef": 3.7000000000000015,
    "hpCoef": 3.899999999999999,
    "bloodCoef": 4.609929078014185
  },
  "13": {
    "id": "13",
    "monGroupMin": 111,
    "monGroupMax": 115,
    "attCoef": 3.9000000000000017,
    "hpCoef": 4.199999999999999,
    "bloodCoef": 4.964539007092199
  },
  "14": {
    "id": "14",
    "monGroupMin": 111,
    "monGroupMax": 115,
    "attCoef": 4.100000000000001,
    "hpCoef": 4.499999999999999,
    "bloodCoef": 5.319148936170213
  },
  "15": {
    "id": "15",
    "monGroupMin": 111,
    "monGroupMax": 115,
    "attCoef": 4.300000000000002,
    "hpCoef": 4.799999999999999,
    "bloodCoef": 5.673758865248227
  },
  "16": {
    "id": "16",
    "monGroupMin": 121,
    "monGroupMax": 125,
    "attCoef": 4.500000000000002,
    "hpCoef": 5.099999999999999,
    "bloodCoef": 6.028368794326242
  },
  "17": {
    "id": "17",
    "monGroupMin": 121,
    "monGroupMax": 125,
    "attCoef": 4.700000000000002,
    "hpCoef": 5.399999999999999,
    "bloodCoef": 6.382978723404255
  },
  "18": {
    "id": "18",
    "monGroupMin": 121,
    "monGroupMax": 125,
    "attCoef": 4.900000000000002,
    "hpCoef": 5.699999999999998,
    "bloodCoef": 6.73758865248227
  },
  "19": {
    "id": "19",
    "monGroupMin": 121,
    "monGroupMax": 125,
    "attCoef": 5.100000000000002,
    "hpCoef": 5.999999999999998,
    "bloodCoef": 7.092198581560284
  },
  "20": {
    "id": "20",
    "monGroupMin": 121,
    "monGroupMax": 125,
    "attCoef": 5.3000000000000025,
    "hpCoef": 6.299999999999998,
    "bloodCoef": 7.446808510638298
  },
  "21": {
    "id": "21",
    "monGroupMin": 121,
    "monGroupMax": 125,
    "attCoef": 5.500000000000003,
    "hpCoef": 6.599999999999998,
    "bloodCoef": 7.801418439716312
  },
  "22": {
    "id": "22",
    "monGroupMin": 121,
    "monGroupMax": 125,
    "attCoef": 5.700000000000003,
    "hpCoef": 6.899999999999998,
    "bloodCoef": 8.156028368794326
  },
  "23": {
    "id": "23",
    "monGroupMin": 121,
    "monGroupMax": 125,
    "attCoef": 5.900000000000003,
    "hpCoef": 7.1999999999999975,
    "bloodCoef": 8.51063829787234
  },
  "24": {
    "id": "24",
    "monGroupMin": 121,
    "monGroupMax": 125,
    "attCoef": 6.100000000000003,
    "hpCoef": 7.499999999999997,
    "bloodCoef": 8.865248226950355
  },
  "25": {
    "id": "25",
    "monGroupMin": 121,
    "monGroupMax": 125,
    "attCoef": 6.300000000000003,
    "hpCoef": 7.799999999999997,
    "bloodCoef": 9.21985815602837
  },
  "26": {
    "id": "26",
    "monGroupMin": 121,
    "monGroupMax": 125,
    "attCoef": 6.5000000000000036,
    "hpCoef": 8.099999999999998,
    "bloodCoef": 9.574468085106384
  },
  "27": {
    "id": "27",
    "monGroupMin": 121,
    "monGroupMax": 125,
    "attCoef": 6.700000000000004,
    "hpCoef": 8.399999999999999,
    "bloodCoef": 9.929078014184398
  },
  "28": {
    "id": "28",
    "monGroupMin": 121,
    "monGroupMax": 125,
    "attCoef": 6.900000000000004,
    "hpCoef": 8.7,
    "bloodCoef": 10.28368794326241
  },
  "29": {
    "id": "29",
    "monGroupMin": 121,
    "monGroupMax": 125,
    "attCoef": 7.100000000000004,
    "hpCoef": 9,
    "bloodCoef": 10.638297872340425
  },
  "30": {
    "id": "30",
    "monGroupMin": 121,
    "monGroupMax": 125,
    "attCoef": 7.300000000000004,
    "hpCoef": 9.3,
    "bloodCoef": 10.99290780141844
  },
  "31": {
    "id": "31",
    "monGroupMin": 121,
    "monGroupMax": 125,
    "attCoef": 7.500000000000004,
    "hpCoef": 9.600000000000001,
    "bloodCoef": 11.347517730496454
  },
  "32": {
    "id": "32",
    "monGroupMin": 121,
    "monGroupMax": 125,
    "attCoef": 7.700000000000005,
    "hpCoef": 9.900000000000002,
    "bloodCoef": 11.702127659574469
  },
  "33": {
    "id": "33",
    "monGroupMin": 121,
    "monGroupMax": 125,
    "attCoef": 7.900000000000005,
    "hpCoef": 10.200000000000003,
    "bloodCoef": 12.056737588652483
  },
  "34": {
    "id": "34",
    "monGroupMin": 121,
    "monGroupMax": 125,
    "attCoef": 8.100000000000005,
    "hpCoef": 10.500000000000004,
    "bloodCoef": 12.411347517730496
  },
  "35": {
    "id": "35",
    "monGroupMin": 121,
    "monGroupMax": 125,
    "attCoef": 8.300000000000004,
    "hpCoef": 10.800000000000004,
    "bloodCoef": 12.76595744680851
  },
  "36": {
    "id": "36",
    "monGroupMin": 121,
    "monGroupMax": 125,
    "attCoef": 8.500000000000004,
    "hpCoef": 11.100000000000005,
    "bloodCoef": 13.120567375886525
  },
  "37": {
    "id": "37",
    "monGroupMin": 121,
    "monGroupMax": 125,
    "attCoef": 8.700000000000003,
    "hpCoef": 11.400000000000006,
    "bloodCoef": 13.47517730496454
  },
  "38": {
    "id": "38",
    "monGroupMin": 121,
    "monGroupMax": 125,
    "attCoef": 8.900000000000002,
    "hpCoef": 11.700000000000006,
    "bloodCoef": 13.829787234042554
  },
  "39": {
    "id": "39",
    "monGroupMin": 121,
    "monGroupMax": 125,
    "attCoef": 9.100000000000001,
    "hpCoef": 12.000000000000007,
    "bloodCoef": 14.184397163120568
  },
  "40": {
    "id": "40",
    "monGroupMin": 121,
    "monGroupMax": 125,
    "attCoef": 9.3,
    "hpCoef": 12.300000000000008,
    "bloodCoef": 14.539007092198583
  }
}