{
  "9011": {
    "id": "9011",
    "name": "伤害精通A",
    "type": 1,
    "value1": 100,
    "value2": null,
    "shopLvlMin": 1,
    "shopLvlMax": 3,
    "sprite": "sArti1",
    "desc": "玩家增伤10%"
  },
  "9012": {
    "id": "9012",
    "name": "伤害精通B",
    "type": 1,
    "value1": 150,
    "value2": null,
    "shopLvlMin": 4,
    "shopLvlMax": 6,
    "sprite": "sArti1",
    "desc": "玩家增伤15%"
  },
  "9013": {
    "id": "9013",
    "name": "伤害精通C",
    "type": 1,
    "value1": 200,
    "value2": null,
    "shopLvlMin": 7,
    "shopLvlMax": 10,
    "sprite": "sArti1",
    "desc": "玩家增伤20%"
  },
  "9024": {
    "id": "9024",
    "name": "防御精通A",
    "type": 2,
    "value1": 100,
    "value2": null,
    "shopLvlMin": 1,
    "shopLvlMax": 3,
    "sprite": "sArti1",
    "desc": "玩家免伤10%"
  },
  "9025": {
    "id": "9025",
    "name": "防御精通B",
    "type": 2,
    "value1": 150,
    "value2": null,
    "shopLvlMin": 4,
    "shopLvlMax": 6,
    "sprite": "sArti1",
    "desc": "玩家免伤15%"
  },
  "9026": {
    "id": "9026",
    "name": "防御精通C",
    "type": 2,
    "value1": 200,
    "value2": null,
    "shopLvlMin": 7,
    "shopLvlMax": 10,
    "sprite": "sArti1",
    "desc": "玩家免伤20%"
  },
  "9057": {
    "id": "9057",
    "name": "威吓A",
    "type": 5,
    "value1": 100,
    "value2": null,
    "shopLvlMin": 1,
    "shopLvlMax": 3,
    "sprite": "sArti1",
    "desc": "怪物免伤降低10%"
  },
  "9058": {
    "id": "9058",
    "name": "威吓B",
    "type": 5,
    "value1": 150,
    "value2": null,
    "shopLvlMin": 4,
    "shopLvlMax": 6,
    "sprite": "sArti1",
    "desc": "怪物免伤降低15%"
  },
  "9059": {
    "id": "9059",
    "name": "威吓C",
    "type": 5,
    "value1": 200,
    "value2": null,
    "shopLvlMin": 7,
    "shopLvlMax": 10,
    "sprite": "sArti1",
    "desc": "怪物免伤降低20%"
  },
  "9080": {
    "id": "9080",
    "name": "烤箱喷发A",
    "type": 7,
    "value1": 1,
    "value2": 200,
    "shopLvlMin": 1,
    "shopLvlMax": 3,
    "sprite": "sArti1",
    "desc": "烤箱增伤20%"
  },
  "9081": {
    "id": "9081",
    "name": "烤箱喷发B",
    "type": 7,
    "value1": 1,
    "value2": 300,
    "shopLvlMin": 4,
    "shopLvlMax": 6,
    "sprite": "sArti1",
    "desc": "烤箱增伤30%"
  },
  "9082": {
    "id": "9082",
    "name": "烤箱喷发C",
    "type": 7,
    "value1": 1,
    "value2": 400,
    "shopLvlMin": 7,
    "shopLvlMax": 10,
    "sprite": "sArti1",
    "desc": "烤箱增伤40%"
  },
  "9083": {
    "id": "9083",
    "name": "冷柜降温A",
    "type": 7,
    "value1": 2,
    "value2": 200,
    "shopLvlMin": 1,
    "shopLvlMax": 3,
    "sprite": "sArti1",
    "desc": "冷柜增伤20%"
  },
  "9084": {
    "id": "9084",
    "name": "冷柜降温B",
    "type": 7,
    "value1": 2,
    "value2": 300,
    "shopLvlMin": 4,
    "shopLvlMax": 6,
    "sprite": "sArti1",
    "desc": "冷柜增伤30%"
  },
  "9085": {
    "id": "9085",
    "name": "冷柜降温C",
    "type": 7,
    "value1": 2,
    "value2": 400,
    "shopLvlMin": 7,
    "shopLvlMax": 10,
    "sprite": "sArti1",
    "desc": "冷柜增伤40%"
  },
  "9086": {
    "id": "9086",
    "name": "柜台精制A",
    "type": 7,
    "value1": 3,
    "value2": 200,
    "shopLvlMin": 1,
    "shopLvlMax": 3,
    "sprite": "sArti1",
    "desc": "货架增伤20%"
  },
  "9087": {
    "id": "9087",
    "name": "柜台精制B",
    "type": 7,
    "value1": 3,
    "value2": 300,
    "shopLvlMin": 4,
    "shopLvlMax": 6,
    "sprite": "sArti1",
    "desc": "货架增伤30%"
  },
  "9088": {
    "id": "9088",
    "name": "柜台精制C",
    "type": 7,
    "value1": 3,
    "value2": 400,
    "shopLvlMin": 7,
    "shopLvlMax": 10,
    "sprite": "sArti1",
    "desc": "货架增伤40%"
  },
  "9129": {
    "id": "9129",
    "name": "食品经销",
    "type": 11,
    "value1": 1,
    "value2": 200,
    "shopLvlMin": 1,
    "shopLvlMax": 10,
    "sprite": "sArti1",
    "desc": "食品进货价降低20%"
  },
  "9130": {
    "id": "9130",
    "name": "饮料经销",
    "type": 11,
    "value1": 2,
    "value2": 200,
    "shopLvlMin": 1,
    "shopLvlMax": 10,
    "sprite": "sArti1",
    "desc": "饮料进货价降低20%"
  },
  "9131": {
    "id": "9131",
    "name": "杂货经销",
    "type": 11,
    "value1": 3,
    "value2": 200,
    "shopLvlMin": 1,
    "shopLvlMax": 10,
    "sprite": "sArti1",
    "desc": "杂货进货价降低20%"
  },
  "9132": {
    "id": "9132",
    "name": "烤箱大师",
    "type": 11,
    "value1": 11,
    "value2": 500,
    "shopLvlMin": 1,
    "shopLvlMax": 10,
    "sprite": "sArti1",
    "desc": "烤箱进货价降低50%"
  },
  "9133": {
    "id": "9133",
    "name": "冷柜大师",
    "type": 11,
    "value1": 12,
    "value2": 500,
    "shopLvlMin": 1,
    "shopLvlMax": 10,
    "sprite": "sArti1",
    "desc": "冷柜进货价降低50%"
  },
  "9134": {
    "id": "9134",
    "name": "柜台大师",
    "type": 11,
    "value1": 13,
    "value2": 500,
    "shopLvlMin": 1,
    "shopLvlMax": 10,
    "sprite": "sArti1",
    "desc": "货架进货价降低50%"
  },
  "9135": {
    "id": "9135",
    "name": "武器大师",
    "type": 11,
    "value1": 21,
    "value2": 300,
    "shopLvlMin": 1,
    "shopLvlMax": 10,
    "sprite": "sArti1",
    "desc": "武器进货价降低30%"
  },
  "9146": {
    "id": "9146",
    "name": "食品涨价",
    "type": 12,
    "value1": 1,
    "value2": 200,
    "shopLvlMin": 1,
    "shopLvlMax": 10,
    "sprite": "sArti1",
    "desc": "食品出售价提升20%"
  },
  "9147": {
    "id": "9147",
    "name": "饮料涨价",
    "type": 12,
    "value1": 2,
    "value2": 200,
    "shopLvlMin": 1,
    "shopLvlMax": 10,
    "sprite": "sArti1",
    "desc": "饮料出售价提升20%"
  },
  "9148": {
    "id": "9148",
    "name": "杂货涨价",
    "type": 12,
    "value1": 3,
    "value2": 200,
    "shopLvlMin": 1,
    "shopLvlMax": 10,
    "sprite": "sArti1",
    "desc": "杂货出售价提升20%"
  },
  "9159": {
    "id": "9159",
    "name": "建筑大师",
    "type": 13,
    "value1": 1,
    "value2": null,
    "shopLvlMin": 1,
    "shopLvlMax": 10,
    "sprite": "sArti1",
    "desc": "货架上限"
  },
  "9170": {
    "id": "9170",
    "name": "食品收获",
    "type": 14,
    "value1": 1,
    "value2": 200,
    "shopLvlMin": 1,
    "shopLvlMax": 10,
    "sprite": "sArti1",
    "desc": "获得食品时，有20%概率多得一个"
  },
  "9171": {
    "id": "9171",
    "name": "饮料收获",
    "type": 14,
    "value1": 2,
    "value2": 200,
    "shopLvlMin": 1,
    "shopLvlMax": 10,
    "sprite": "sArti1",
    "desc": "获得饮料时，有20%概率多得一个"
  },
  "9172": {
    "id": "9172",
    "name": "杂货收获",
    "type": 14,
    "value1": 3,
    "value2": 200,
    "shopLvlMin": 1,
    "shopLvlMax": 10,
    "sprite": "sArti1",
    "desc": "获得杂货时，有20%概率多得一个"
  },
  "9173": {
    "id": "9173",
    "name": "烤箱收获",
    "type": 14,
    "value1": 11,
    "value2": 200,
    "shopLvlMin": 1,
    "shopLvlMax": 10,
    "sprite": "sArti1",
    "desc": "获得烤箱时，有20%概率多得一个"
  },
  "9174": {
    "id": "9174",
    "name": "冷柜收获",
    "type": 14,
    "value1": 12,
    "value2": 200,
    "shopLvlMin": 1,
    "shopLvlMax": 10,
    "sprite": "sArti1",
    "desc": "获得冷柜时，有20%概率多得一个"
  },
  "9175": {
    "id": "9175",
    "name": "柜台收获",
    "type": 14,
    "value1": 13,
    "value2": 200,
    "shopLvlMin": 1,
    "shopLvlMax": 10,
    "sprite": "sArti1",
    "desc": "获得货架时，有20%概率多得一个"
  },
  "9176": {
    "id": "9176",
    "name": "武器收获",
    "type": 14,
    "value1": 21,
    "value2": 200,
    "shopLvlMin": 1,
    "shopLvlMax": 10,
    "sprite": "sArti1",
    "desc": "获得武器时，有20%概率多得一个"
  },
  "9187": {
    "id": "9187",
    "name": "食品增香",
    "type": 15,
    "value1": 1,
    "value2": 200,
    "shopLvlMin": 1,
    "shopLvlMax": 10,
    "sprite": "sArti1",
    "desc": "顾客对食品的兴趣值增长提高20%"
  },
  "9188": {
    "id": "9188",
    "name": "饮料诱惑",
    "type": 15,
    "value1": 2,
    "value2": 200,
    "shopLvlMin": 1,
    "shopLvlMax": 10,
    "sprite": "sArti1",
    "desc": "顾客对饮料的兴趣值增长提高20%"
  },
  "9189": {
    "id": "9189",
    "name": "杂货魅力",
    "type": 15,
    "value1": 3,
    "value2": 200,
    "shopLvlMin": 1,
    "shopLvlMax": 10,
    "sprite": "sArti1",
    "desc": "顾客对杂货的兴趣值增长提高20%"
  },
  "9210": {
    "id": "9210",
    "name": "基础投资",
    "type": 17,
    "value1": 100,
    "value2": null,
    "shopLvlMin": 1,
    "shopLvlMax": 5,
    "sprite": "sArti1",
    "desc": "每天准备阶段，可获得当前金钱10%的收入"
  },
  "9211": {
    "id": "9211",
    "name": "高级投资",
    "type": 17,
    "value1": 200,
    "value2": null,
    "shopLvlMin": 6,
    "shopLvlMax": 10,
    "sprite": "sArti1",
    "desc": "每天准备阶段，可获得当前金钱20%的收入"
  }
}