{
  "80001": {
    "id": "80001",
    "name": "减增伤",
    "attr_type": 1,
    "value": -0.5,
    "last_time": 5000,
    "SE": "sTarget"
  },
  "80002": {
    "id": "80002",
    "name": "减免伤",
    "attr_type": 2,
    "value": -0.4,
    "last_time": 5000,
    "SE": "sBuff_weak"
  },
  "80003": {
    "id": "80003",
    "name": "减移速修正",
    "attr_type": 3,
    "value": -0.4,
    "last_time": 5000,
    "SE": "sBuff_slow"
  },
  "80004": {
    "id": "80004",
    "name": "加增伤",
    "attr_type": 1,
    "value": 1,
    "last_time": 20000,
    "SE": "sTarget"
  },
  "80005": {
    "id": "80005",
    "name": "加免伤",
    "attr_type": 2,
    "value": 1,
    "last_time": 20000,
    "SE": "sTarget"
  },
  "80006": {
    "id": "80006",
    "name": "加移速修正",
    "attr_type": 3,
    "value": 1,
    "last_time": 20000,
    "SE": "sTarget"
  },
  "80101": {
    "id": "80101",
    "name": "减移速-武器",
    "attr_type": 3,
    "value": -0.3,
    "last_time": 5000,
    "SE": "sBuff_slow"
  }
}