{
  "911": {
    "id": "911",
    "penetrate": 1,
    "sprite": "sBullet_red",
    "speed": 1200,
    "life": 10,
    "buff": null,
    "explodeS": null,
    "harmFrame": null
  },
  "921": {
    "id": "921",
    "penetrate": null,
    "sprite": "sBullet_blue",
    "speed": 200,
    "life": 3,
    "buff": 80101,
    "explodeS": "sBullet_blue_ex",
    "harmFrame": 2
  },
  "931": {
    "id": "931",
    "penetrate": null,
    "sprite": "sBullet",
    "speed": 400,
    "life": 10,
    "buff": null,
    "explodeS": null,
    "harmFrame": null
  },
  "941": {
    "id": "941",
    "penetrate": null,
    "sprite": "sBullet_green",
    "speed": 400,
    "life": 10,
    "buff": null,
    "explodeS": null,
    "harmFrame": null
  },
  "942": {
    "id": "942",
    "penetrate": null,
    "sprite": "sBullet_purple",
    "speed": 200,
    "life": 3,
    "buff": 80101,
    "explodeS": "sBullet_purple_ex",
    "harmFrame": 2
  }
}