{
  "2001": {
    "id": "2001",
    "sprite": "sMon_bird",
    "interest1": 2,
    "interest2": 1,
    "interest3": 0
  },
  "2002": {
    "id": "2002",
    "sprite": "sMon",
    "interest1": 1,
    "interest2": 0,
    "interest3": 2
  },
  "2003": {
    "id": "2003",
    "sprite": "sMon_mage",
    "interest1": 0,
    "interest2": 2,
    "interest3": 1
  },
  "2004": {
    "id": "2004",
    "sprite": "sMon_ass",
    "interest1": 1.5,
    "interest2": 1.5,
    "interest3": 0
  },
  "2005": {
    "id": "2005",
    "sprite": "sMon",
    "interest1": 1.5,
    "interest2": 0,
    "interest3": 1.5
  },
  "2006": {
    "id": "2006",
    "sprite": "sMon_arc",
    "interest1": 0,
    "interest2": 1.5,
    "interest3": 1.5
  }
}