{
  "11101": {
    "id": "11101",
    "name": "蛋糕A",
    "type": 1,
    "quality": 1,
    "sprite": "sItem1",
    "price": 1,
    "sell_price": 2,
    "interest": 4,
    "desc": "这是一个蛋糕A",
    "leftBtn": "左键点击可放置在场景中货架上",
    "rightBtn": "右键点击可三合一升级",
    "triggCon": 2,
    "triggEffect": 2,
    "effectVal": 200,
    "effectDesc": "提高顾客对食品的兴趣值20%",
    "effectChat": "看上去好好吃~"
  },
  "11102": {
    "id": "11102",
    "name": "蛋糕A",
    "type": 1,
    "quality": 1,
    "sprite": "sItem1",
    "price": 3,
    "sell_price": 4,
    "interest": 4,
    "desc": "这是一个蛋糕A",
    "leftBtn": "左键点击可放置在场景中货架上",
    "rightBtn": "右键点击可三合一升级",
    "triggCon": 2,
    "triggEffect": 2,
    "effectVal": 200,
    "effectDesc": "提高顾客对食品的兴趣值20%",
    "effectChat": "看上去好好吃~"
  },
  "11103": {
    "id": "11103",
    "name": "蛋糕A",
    "type": 1,
    "quality": 1,
    "sprite": "sItem1",
    "price": 9,
    "sell_price": 11,
    "interest": 4,
    "desc": "这是一个蛋糕A",
    "leftBtn": "左键点击可放置在场景中货架上",
    "rightBtn": "已升至满级",
    "triggCon": 2,
    "triggEffect": 2,
    "effectVal": 200,
    "effectDesc": "提高顾客对食品的兴趣值20%",
    "effectChat": "看上去好好吃~"
  },
  "11111": {
    "id": "11111",
    "name": "热狗A",
    "type": 1,
    "quality": 1,
    "sprite": "sItem1",
    "price": 1,
    "sell_price": 2,
    "interest": 4,
    "desc": "这是一个热狗A",
    "leftBtn": "左键点击可放置在场景中货架上",
    "rightBtn": "右键点击可三合一升级",
    "triggCon": 2,
    "triggEffect": 4,
    "effectVal": 100,
    "effectDesc": "提高顾客对食品的付费10%",
    "effectChat": "我想吃更贵的……"
  },
  "11112": {
    "id": "11112",
    "name": "热狗A",
    "type": 1,
    "quality": 1,
    "sprite": "sItem1",
    "price": 3,
    "sell_price": 4,
    "interest": 4,
    "desc": "这是一个热狗A",
    "leftBtn": "左键点击可放置在场景中货架上",
    "rightBtn": "右键点击可三合一升级",
    "triggCon": 2,
    "triggEffect": 4,
    "effectVal": 100,
    "effectDesc": "提高顾客对食品的付费10%",
    "effectChat": "我想吃更贵的……"
  },
  "11113": {
    "id": "11113",
    "name": "热狗A",
    "type": 1,
    "quality": 1,
    "sprite": "sItem1",
    "price": 9,
    "sell_price": 11,
    "interest": 4,
    "desc": "这是一个热狗A",
    "leftBtn": "左键点击可放置在场景中货架上",
    "rightBtn": "已升至满级",
    "triggCon": 2,
    "triggEffect": 4,
    "effectVal": 100,
    "effectDesc": "提高顾客对食品的付费10%",
    "effectChat": "我想吃更贵的……"
  },
  "11121": {
    "id": "11121",
    "name": "汉堡A",
    "type": 1,
    "quality": 1,
    "sprite": "sItem1",
    "price": 1,
    "sell_price": 2,
    "interest": 4,
    "desc": "这是一个汉堡A",
    "leftBtn": "左键点击可放置在场景中货架上",
    "rightBtn": "右键点击可三合一升级",
    "triggCon": 2,
    "triggEffect": 2,
    "effectVal": 10000,
    "effectDesc": "加满对食品的兴趣值",
    "effectChat": "好饱……嗝……"
  },
  "11122": {
    "id": "11122",
    "name": "汉堡A",
    "type": 1,
    "quality": 1,
    "sprite": "sItem1",
    "price": 3,
    "sell_price": 4,
    "interest": 4,
    "desc": "这是一个汉堡A",
    "leftBtn": "左键点击可放置在场景中货架上",
    "rightBtn": "右键点击可三合一升级",
    "triggCon": 2,
    "triggEffect": 2,
    "effectVal": 10000,
    "effectDesc": "加满对食品的兴趣值",
    "effectChat": "好饱……嗝……"
  },
  "11123": {
    "id": "11123",
    "name": "汉堡A",
    "type": 1,
    "quality": 1,
    "sprite": "sItem1",
    "price": 9,
    "sell_price": 11,
    "interest": 4,
    "desc": "这是一个汉堡A",
    "leftBtn": "左键点击可放置在场景中货架上",
    "rightBtn": "已升至满级",
    "triggCon": 2,
    "triggEffect": 2,
    "effectVal": 10000,
    "effectDesc": "加满对食品的兴趣值",
    "effectChat": "好饱……嗝……"
  },
  "11201": {
    "id": "11201",
    "name": "蛋糕B",
    "type": 1,
    "quality": 2,
    "sprite": "sItem1",
    "price": 2,
    "sell_price": 3,
    "interest": 11,
    "desc": "这是一个蛋糕B",
    "leftBtn": "左键点击可放置在场景中货架上",
    "rightBtn": "右键点击可三合一升级",
    "triggCon": 2,
    "triggEffect": 2,
    "effectVal": 200,
    "effectDesc": "提高顾客对食品的兴趣值20%",
    "effectChat": "看上去好好吃~"
  },
  "11202": {
    "id": "11202",
    "name": "蛋糕B",
    "type": 1,
    "quality": 2,
    "sprite": "sItem1",
    "price": 6,
    "sell_price": 8,
    "interest": 11,
    "desc": "这是一个蛋糕B",
    "leftBtn": "左键点击可放置在场景中货架上",
    "rightBtn": "右键点击可三合一升级",
    "triggCon": 2,
    "triggEffect": 2,
    "effectVal": 200,
    "effectDesc": "提高顾客对食品的兴趣值20%",
    "effectChat": "看上去好好吃~"
  },
  "11203": {
    "id": "11203",
    "name": "蛋糕B",
    "type": 1,
    "quality": 2,
    "sprite": "sItem1",
    "price": 18,
    "sell_price": 22,
    "interest": 11,
    "desc": "这是一个蛋糕B",
    "leftBtn": "左键点击可放置在场景中货架上",
    "rightBtn": "已升至满级",
    "triggCon": 2,
    "triggEffect": 2,
    "effectVal": 200,
    "effectDesc": "提高顾客对食品的兴趣值20%",
    "effectChat": "看上去好好吃~"
  },
  "11211": {
    "id": "11211",
    "name": "热狗B",
    "type": 1,
    "quality": 2,
    "sprite": "sItem1",
    "price": 2,
    "sell_price": 3,
    "interest": 11,
    "desc": "这是一个热狗B",
    "leftBtn": "左键点击可放置在场景中货架上",
    "rightBtn": "右键点击可三合一升级",
    "triggCon": 2,
    "triggEffect": 4,
    "effectVal": 100,
    "effectDesc": "提高顾客对食品的付费10%",
    "effectChat": "我想吃更贵的……"
  },
  "11212": {
    "id": "11212",
    "name": "热狗B",
    "type": 1,
    "quality": 2,
    "sprite": "sItem1",
    "price": 6,
    "sell_price": 8,
    "interest": 11,
    "desc": "这是一个热狗B",
    "leftBtn": "左键点击可放置在场景中货架上",
    "rightBtn": "右键点击可三合一升级",
    "triggCon": 2,
    "triggEffect": 4,
    "effectVal": 100,
    "effectDesc": "提高顾客对食品的付费10%",
    "effectChat": "我想吃更贵的……"
  },
  "11213": {
    "id": "11213",
    "name": "热狗B",
    "type": 1,
    "quality": 2,
    "sprite": "sItem1",
    "price": 18,
    "sell_price": 22,
    "interest": 11,
    "desc": "这是一个热狗B",
    "leftBtn": "左键点击可放置在场景中货架上",
    "rightBtn": "已升至满级",
    "triggCon": 2,
    "triggEffect": 4,
    "effectVal": 100,
    "effectDesc": "提高顾客对食品的付费10%",
    "effectChat": "我想吃更贵的……"
  },
  "11221": {
    "id": "11221",
    "name": "汉堡B",
    "type": 1,
    "quality": 2,
    "sprite": "sItem1",
    "price": 2,
    "sell_price": 3,
    "interest": 11,
    "desc": "这是一个汉堡B",
    "leftBtn": "左键点击可放置在场景中货架上",
    "rightBtn": "右键点击可三合一升级",
    "triggCon": 2,
    "triggEffect": 2,
    "effectVal": 10000,
    "effectDesc": "加满对食品的兴趣值",
    "effectChat": "好饱……嗝……"
  },
  "11222": {
    "id": "11222",
    "name": "汉堡B",
    "type": 1,
    "quality": 2,
    "sprite": "sItem1",
    "price": 6,
    "sell_price": 8,
    "interest": 11,
    "desc": "这是一个汉堡B",
    "leftBtn": "左键点击可放置在场景中货架上",
    "rightBtn": "右键点击可三合一升级",
    "triggCon": 2,
    "triggEffect": 2,
    "effectVal": 10000,
    "effectDesc": "加满对食品的兴趣值",
    "effectChat": "好饱……嗝……"
  },
  "11223": {
    "id": "11223",
    "name": "汉堡B",
    "type": 1,
    "quality": 2,
    "sprite": "sItem1",
    "price": 18,
    "sell_price": 22,
    "interest": 11,
    "desc": "这是一个汉堡B",
    "leftBtn": "左键点击可放置在场景中货架上",
    "rightBtn": "已升至满级",
    "triggCon": 2,
    "triggEffect": 2,
    "effectVal": 10000,
    "effectDesc": "加满对食品的兴趣值",
    "effectChat": "好饱……嗝……"
  },
  "11301": {
    "id": "11301",
    "name": "蛋糕C",
    "type": 1,
    "quality": 3,
    "sprite": "sItem1",
    "price": 3,
    "sell_price": 4,
    "interest": 23,
    "desc": "这是一个蛋糕C",
    "leftBtn": "左键点击可放置在场景中货架上",
    "rightBtn": "右键点击可三合一升级",
    "triggCon": 2,
    "triggEffect": 2,
    "effectVal": 200,
    "effectDesc": "提高顾客对食品的兴趣值20%",
    "effectChat": "看上去好好吃~"
  },
  "11302": {
    "id": "11302",
    "name": "蛋糕C",
    "type": 1,
    "quality": 3,
    "sprite": "sItem1",
    "price": 9,
    "sell_price": 11,
    "interest": 23,
    "desc": "这是一个蛋糕C",
    "leftBtn": "左键点击可放置在场景中货架上",
    "rightBtn": "右键点击可三合一升级",
    "triggCon": 2,
    "triggEffect": 2,
    "effectVal": 200,
    "effectDesc": "提高顾客对食品的兴趣值20%",
    "effectChat": "看上去好好吃~"
  },
  "11303": {
    "id": "11303",
    "name": "蛋糕C",
    "type": 1,
    "quality": 3,
    "sprite": "sItem1",
    "price": 27,
    "sell_price": 33,
    "interest": 23,
    "desc": "这是一个蛋糕C",
    "leftBtn": "左键点击可放置在场景中货架上",
    "rightBtn": "已升至满级",
    "triggCon": 2,
    "triggEffect": 2,
    "effectVal": 200,
    "effectDesc": "提高顾客对食品的兴趣值20%",
    "effectChat": "看上去好好吃~"
  },
  "11311": {
    "id": "11311",
    "name": "热狗C",
    "type": 1,
    "quality": 3,
    "sprite": "sItem1",
    "price": 3,
    "sell_price": 4,
    "interest": 23,
    "desc": "这是一个热狗C",
    "leftBtn": "左键点击可放置在场景中货架上",
    "rightBtn": "右键点击可三合一升级",
    "triggCon": 2,
    "triggEffect": 4,
    "effectVal": 100,
    "effectDesc": "提高顾客对食品的付费10%",
    "effectChat": "我想吃更贵的……"
  },
  "11312": {
    "id": "11312",
    "name": "热狗C",
    "type": 1,
    "quality": 3,
    "sprite": "sItem1",
    "price": 9,
    "sell_price": 11,
    "interest": 23,
    "desc": "这是一个热狗C",
    "leftBtn": "左键点击可放置在场景中货架上",
    "rightBtn": "右键点击可三合一升级",
    "triggCon": 2,
    "triggEffect": 4,
    "effectVal": 100,
    "effectDesc": "提高顾客对食品的付费10%",
    "effectChat": "我想吃更贵的……"
  },
  "11313": {
    "id": "11313",
    "name": "热狗C",
    "type": 1,
    "quality": 3,
    "sprite": "sItem1",
    "price": 27,
    "sell_price": 33,
    "interest": 23,
    "desc": "这是一个热狗C",
    "leftBtn": "左键点击可放置在场景中货架上",
    "rightBtn": "已升至满级",
    "triggCon": 2,
    "triggEffect": 4,
    "effectVal": 100,
    "effectDesc": "提高顾客对食品的付费10%",
    "effectChat": "我想吃更贵的……"
  },
  "11321": {
    "id": "11321",
    "name": "汉堡C",
    "type": 1,
    "quality": 3,
    "sprite": "sItem1",
    "price": 3,
    "sell_price": 4,
    "interest": 23,
    "desc": "这是一个汉堡C",
    "leftBtn": "左键点击可放置在场景中货架上",
    "rightBtn": "右键点击可三合一升级",
    "triggCon": 2,
    "triggEffect": 2,
    "effectVal": 10000,
    "effectDesc": "加满对食品的兴趣值",
    "effectChat": "好饱……嗝……"
  },
  "11322": {
    "id": "11322",
    "name": "汉堡C",
    "type": 1,
    "quality": 3,
    "sprite": "sItem1",
    "price": 9,
    "sell_price": 11,
    "interest": 23,
    "desc": "这是一个汉堡C",
    "leftBtn": "左键点击可放置在场景中货架上",
    "rightBtn": "右键点击可三合一升级",
    "triggCon": 2,
    "triggEffect": 2,
    "effectVal": 10000,
    "effectDesc": "加满对食品的兴趣值",
    "effectChat": "好饱……嗝……"
  },
  "11323": {
    "id": "11323",
    "name": "汉堡C",
    "type": 1,
    "quality": 3,
    "sprite": "sItem1",
    "price": 27,
    "sell_price": 33,
    "interest": 23,
    "desc": "这是一个汉堡C",
    "leftBtn": "左键点击可放置在场景中货架上",
    "rightBtn": "已升至满级",
    "triggCon": 2,
    "triggEffect": 2,
    "effectVal": 10000,
    "effectDesc": "加满对食品的兴趣值",
    "effectChat": "好饱……嗝……"
  },
  "11401": {
    "id": "11401",
    "name": "蛋糕D",
    "type": 1,
    "quality": 4,
    "sprite": "sItem1",
    "price": 4,
    "sell_price": 5,
    "interest": 33,
    "desc": "这是一个蛋糕D",
    "leftBtn": "左键点击可放置在场景中货架上",
    "rightBtn": "右键点击可三合一升级",
    "triggCon": 2,
    "triggEffect": 2,
    "effectVal": 200,
    "effectDesc": "提高顾客对食品的兴趣值20%",
    "effectChat": "看上去好好吃~"
  },
  "11402": {
    "id": "11402",
    "name": "蛋糕D",
    "type": 1,
    "quality": 4,
    "sprite": "sItem1",
    "price": 12,
    "sell_price": 15,
    "interest": 33,
    "desc": "这是一个蛋糕D",
    "leftBtn": "左键点击可放置在场景中货架上",
    "rightBtn": "右键点击可三合一升级",
    "triggCon": 2,
    "triggEffect": 2,
    "effectVal": 200,
    "effectDesc": "提高顾客对食品的兴趣值20%",
    "effectChat": "看上去好好吃~"
  },
  "11403": {
    "id": "11403",
    "name": "蛋糕D",
    "type": 1,
    "quality": 4,
    "sprite": "sItem1",
    "price": 36,
    "sell_price": 44,
    "interest": 33,
    "desc": "这是一个蛋糕D",
    "leftBtn": "左键点击可放置在场景中货架上",
    "rightBtn": "已升至满级",
    "triggCon": 2,
    "triggEffect": 2,
    "effectVal": 200,
    "effectDesc": "提高顾客对食品的兴趣值20%",
    "effectChat": "看上去好好吃~"
  },
  "11411": {
    "id": "11411",
    "name": "热狗D",
    "type": 1,
    "quality": 4,
    "sprite": "sItem1",
    "price": 4,
    "sell_price": 5,
    "interest": 33,
    "desc": "这是一个热狗D",
    "leftBtn": "左键点击可放置在场景中货架上",
    "rightBtn": "右键点击可三合一升级",
    "triggCon": 2,
    "triggEffect": 4,
    "effectVal": 100,
    "effectDesc": "提高顾客对食品的付费10%",
    "effectChat": "我想吃更贵的……"
  },
  "11412": {
    "id": "11412",
    "name": "热狗D",
    "type": 1,
    "quality": 4,
    "sprite": "sItem1",
    "price": 12,
    "sell_price": 15,
    "interest": 33,
    "desc": "这是一个热狗D",
    "leftBtn": "左键点击可放置在场景中货架上",
    "rightBtn": "右键点击可三合一升级",
    "triggCon": 2,
    "triggEffect": 4,
    "effectVal": 100,
    "effectDesc": "提高顾客对食品的付费10%",
    "effectChat": "我想吃更贵的……"
  },
  "11413": {
    "id": "11413",
    "name": "热狗D",
    "type": 1,
    "quality": 4,
    "sprite": "sItem1",
    "price": 36,
    "sell_price": 44,
    "interest": 33,
    "desc": "这是一个热狗D",
    "leftBtn": "左键点击可放置在场景中货架上",
    "rightBtn": "已升至满级",
    "triggCon": 2,
    "triggEffect": 4,
    "effectVal": 100,
    "effectDesc": "提高顾客对食品的付费10%",
    "effectChat": "我想吃更贵的……"
  },
  "11421": {
    "id": "11421",
    "name": "汉堡D",
    "type": 1,
    "quality": 4,
    "sprite": "sItem1",
    "price": 4,
    "sell_price": 5,
    "interest": 33,
    "desc": "这是一个汉堡D",
    "leftBtn": "左键点击可放置在场景中货架上",
    "rightBtn": "右键点击可三合一升级",
    "triggCon": 2,
    "triggEffect": 2,
    "effectVal": 10000,
    "effectDesc": "加满对食品的兴趣值",
    "effectChat": "好饱……嗝……"
  },
  "11422": {
    "id": "11422",
    "name": "汉堡D",
    "type": 1,
    "quality": 4,
    "sprite": "sItem1",
    "price": 12,
    "sell_price": 15,
    "interest": 33,
    "desc": "这是一个汉堡D",
    "leftBtn": "左键点击可放置在场景中货架上",
    "rightBtn": "右键点击可三合一升级",
    "triggCon": 2,
    "triggEffect": 2,
    "effectVal": 10000,
    "effectDesc": "加满对食品的兴趣值",
    "effectChat": "好饱……嗝……"
  },
  "11423": {
    "id": "11423",
    "name": "汉堡D",
    "type": 1,
    "quality": 4,
    "sprite": "sItem1",
    "price": 36,
    "sell_price": 44,
    "interest": 33,
    "desc": "这是一个汉堡D",
    "leftBtn": "左键点击可放置在场景中货架上",
    "rightBtn": "已升至满级",
    "triggCon": 2,
    "triggEffect": 2,
    "effectVal": 10000,
    "effectDesc": "加满对食品的兴趣值",
    "effectChat": "好饱……嗝……"
  },
  "11501": {
    "id": "11501",
    "name": "蛋糕E",
    "type": 1,
    "quality": 5,
    "sprite": "sItem1",
    "price": 5,
    "sell_price": 6,
    "interest": 39,
    "desc": "这是一个蛋糕E",
    "leftBtn": "左键点击可放置在场景中货架上",
    "rightBtn": "右键点击可三合一升级",
    "triggCon": 2,
    "triggEffect": 2,
    "effectVal": 200,
    "effectDesc": "提高顾客对食品的兴趣值20%",
    "effectChat": "看上去好好吃~"
  },
  "11502": {
    "id": "11502",
    "name": "蛋糕E",
    "type": 1,
    "quality": 5,
    "sprite": "sItem1",
    "price": 15,
    "sell_price": 18,
    "interest": 39,
    "desc": "这是一个蛋糕E",
    "leftBtn": "左键点击可放置在场景中货架上",
    "rightBtn": "右键点击可三合一升级",
    "triggCon": 2,
    "triggEffect": 2,
    "effectVal": 200,
    "effectDesc": "提高顾客对食品的兴趣值20%",
    "effectChat": "看上去好好吃~"
  },
  "11503": {
    "id": "11503",
    "name": "蛋糕E",
    "type": 1,
    "quality": 5,
    "sprite": "sItem1",
    "price": 45,
    "sell_price": 54,
    "interest": 39,
    "desc": "这是一个蛋糕E",
    "leftBtn": "左键点击可放置在场景中货架上",
    "rightBtn": "已升至满级",
    "triggCon": 2,
    "triggEffect": 2,
    "effectVal": 200,
    "effectDesc": "提高顾客对食品的兴趣值20%",
    "effectChat": "看上去好好吃~"
  },
  "11511": {
    "id": "11511",
    "name": "热狗E",
    "type": 1,
    "quality": 5,
    "sprite": "sItem1",
    "price": 5,
    "sell_price": 6,
    "interest": 39,
    "desc": "这是一个热狗E",
    "leftBtn": "左键点击可放置在场景中货架上",
    "rightBtn": "右键点击可三合一升级",
    "triggCon": 2,
    "triggEffect": 4,
    "effectVal": 100,
    "effectDesc": "提高顾客对食品的付费10%",
    "effectChat": "我想吃更贵的……"
  },
  "11512": {
    "id": "11512",
    "name": "热狗E",
    "type": 1,
    "quality": 5,
    "sprite": "sItem1",
    "price": 15,
    "sell_price": 18,
    "interest": 39,
    "desc": "这是一个热狗E",
    "leftBtn": "左键点击可放置在场景中货架上",
    "rightBtn": "右键点击可三合一升级",
    "triggCon": 2,
    "triggEffect": 4,
    "effectVal": 100,
    "effectDesc": "提高顾客对食品的付费10%",
    "effectChat": "我想吃更贵的……"
  },
  "11513": {
    "id": "11513",
    "name": "热狗E",
    "type": 1,
    "quality": 5,
    "sprite": "sItem1",
    "price": 45,
    "sell_price": 54,
    "interest": 39,
    "desc": "这是一个热狗E",
    "leftBtn": "左键点击可放置在场景中货架上",
    "rightBtn": "已升至满级",
    "triggCon": 2,
    "triggEffect": 4,
    "effectVal": 100,
    "effectDesc": "提高顾客对食品的付费10%",
    "effectChat": "我想吃更贵的……"
  },
  "11521": {
    "id": "11521",
    "name": "汉堡E",
    "type": 1,
    "quality": 5,
    "sprite": "sItem1",
    "price": 5,
    "sell_price": 6,
    "interest": 39,
    "desc": "这是一个汉堡E",
    "leftBtn": "左键点击可放置在场景中货架上",
    "rightBtn": "右键点击可三合一升级",
    "triggCon": 2,
    "triggEffect": 2,
    "effectVal": 10000,
    "effectDesc": "加满对食品的兴趣值",
    "effectChat": "好饱……嗝……"
  },
  "11522": {
    "id": "11522",
    "name": "汉堡E",
    "type": 1,
    "quality": 5,
    "sprite": "sItem1",
    "price": 15,
    "sell_price": 18,
    "interest": 39,
    "desc": "这是一个汉堡E",
    "leftBtn": "左键点击可放置在场景中货架上",
    "rightBtn": "右键点击可三合一升级",
    "triggCon": 2,
    "triggEffect": 2,
    "effectVal": 10000,
    "effectDesc": "加满对食品的兴趣值",
    "effectChat": "好饱……嗝……"
  },
  "11523": {
    "id": "11523",
    "name": "汉堡E",
    "type": 1,
    "quality": 5,
    "sprite": "sItem1",
    "price": 45,
    "sell_price": 54,
    "interest": 39,
    "desc": "这是一个汉堡E",
    "leftBtn": "左键点击可放置在场景中货架上",
    "rightBtn": "已升至满级",
    "triggCon": 2,
    "triggEffect": 2,
    "effectVal": 10000,
    "effectDesc": "加满对食品的兴趣值",
    "effectChat": "好饱……嗝……"
  },
  "12101": {
    "id": "12101",
    "name": "咖啡A",
    "type": 2,
    "quality": 1,
    "sprite": "sItem2",
    "price": 2,
    "sell_price": 3,
    "interest": 4,
    "desc": "这是一个咖啡A",
    "leftBtn": "左键点击可放置在场景中货架上",
    "rightBtn": "右键点击可三合一升级",
    "triggCon": 1,
    "triggEffect": 4,
    "effectVal": 300,
    "effectDesc": "顾客对饮料付费增加30%",
    "effectChat": "我要更贵的饮料！"
  },
  "12102": {
    "id": "12102",
    "name": "咖啡A",
    "type": 2,
    "quality": 1,
    "sprite": "sItem2",
    "price": 5,
    "sell_price": 6,
    "interest": 4,
    "desc": "这是一个咖啡A",
    "leftBtn": "左键点击可放置在场景中货架上",
    "rightBtn": "右键点击可三合一升级",
    "triggCon": 1,
    "triggEffect": 4,
    "effectVal": 300,
    "effectDesc": "顾客对饮料付费增加30%",
    "effectChat": "我要更贵的饮料！"
  },
  "12103": {
    "id": "12103",
    "name": "咖啡A",
    "type": 2,
    "quality": 1,
    "sprite": "sItem2",
    "price": 14,
    "sell_price": 17,
    "interest": 4,
    "desc": "这是一个咖啡A",
    "leftBtn": "左键点击可放置在场景中货架上",
    "rightBtn": "已升至满级",
    "triggCon": 1,
    "triggEffect": 4,
    "effectVal": 300,
    "effectDesc": "顾客对饮料付费增加30%",
    "effectChat": "我要更贵的饮料！"
  },
  "12111": {
    "id": "12111",
    "name": "蛇草水A",
    "type": 2,
    "quality": 1,
    "sprite": "sItem2",
    "price": 2,
    "sell_price": 3,
    "interest": 4,
    "desc": "这是一个蛇草水A",
    "leftBtn": "左键点击可放置在场景中货架上",
    "rightBtn": "右键点击可三合一升级",
    "triggCon": 1,
    "triggEffect": 1,
    "effectVal": 300,
    "effectDesc": "有30%概率在卖出后返还商品",
    "effectChat": "好难喝，还给你了！"
  },
  "12112": {
    "id": "12112",
    "name": "蛇草水A",
    "type": 2,
    "quality": 1,
    "sprite": "sItem2",
    "price": 5,
    "sell_price": 6,
    "interest": 4,
    "desc": "这是一个蛇草水A",
    "leftBtn": "左键点击可放置在场景中货架上",
    "rightBtn": "右键点击可三合一升级",
    "triggCon": 1,
    "triggEffect": 1,
    "effectVal": 300,
    "effectDesc": "有30%概率在卖出后返还商品",
    "effectChat": "好难喝，还给你了！"
  },
  "12113": {
    "id": "12113",
    "name": "蛇草水A",
    "type": 2,
    "quality": 1,
    "sprite": "sItem2",
    "price": 14,
    "sell_price": 17,
    "interest": 4,
    "desc": "这是一个蛇草水A",
    "leftBtn": "左键点击可放置在场景中货架上",
    "rightBtn": "已升至满级",
    "triggCon": 1,
    "triggEffect": 1,
    "effectVal": 300,
    "effectDesc": "有30%概率在卖出后返还商品",
    "effectChat": "好难喝，还给你了！"
  },
  "12121": {
    "id": "12121",
    "name": "啤酒A",
    "type": 2,
    "quality": 1,
    "sprite": "sItem2",
    "price": 2,
    "sell_price": 3,
    "interest": 4,
    "desc": "这是一个啤酒A",
    "leftBtn": "左键点击可放置在场景中货架上",
    "rightBtn": "右键点击可三合一升级",
    "triggCon": 1,
    "triggEffect": 3,
    "effectVal": -500,
    "effectDesc": "降低顾客对非饮料的兴趣值50%",
    "effectChat": "啊，我只想喝饮料~"
  },
  "12122": {
    "id": "12122",
    "name": "啤酒A",
    "type": 2,
    "quality": 1,
    "sprite": "sItem2",
    "price": 5,
    "sell_price": 6,
    "interest": 4,
    "desc": "这是一个啤酒A",
    "leftBtn": "左键点击可放置在场景中货架上",
    "rightBtn": "右键点击可三合一升级",
    "triggCon": 1,
    "triggEffect": 3,
    "effectVal": -500,
    "effectDesc": "降低顾客对非饮料的兴趣值50%",
    "effectChat": "啊，我只想喝饮料~"
  },
  "12123": {
    "id": "12123",
    "name": "啤酒A",
    "type": 2,
    "quality": 1,
    "sprite": "sItem2",
    "price": 14,
    "sell_price": 17,
    "interest": 4,
    "desc": "这是一个啤酒A",
    "leftBtn": "左键点击可放置在场景中货架上",
    "rightBtn": "已升至满级",
    "triggCon": 1,
    "triggEffect": 3,
    "effectVal": -500,
    "effectDesc": "降低顾客对非饮料的兴趣值50%",
    "effectChat": "啊，我只想喝饮料~"
  },
  "12201": {
    "id": "12201",
    "name": "咖啡B",
    "type": 2,
    "quality": 2,
    "sprite": "sItem2",
    "price": 3,
    "sell_price": 4,
    "interest": 11,
    "desc": "这是一个咖啡B",
    "leftBtn": "左键点击可放置在场景中货架上",
    "rightBtn": "右键点击可三合一升级",
    "triggCon": 1,
    "triggEffect": 4,
    "effectVal": 300,
    "effectDesc": "顾客对饮料付费增加30%",
    "effectChat": "我要更贵的饮料！"
  },
  "12202": {
    "id": "12202",
    "name": "咖啡B",
    "type": 2,
    "quality": 2,
    "sprite": "sItem2",
    "price": 9,
    "sell_price": 11,
    "interest": 11,
    "desc": "这是一个咖啡B",
    "leftBtn": "左键点击可放置在场景中货架上",
    "rightBtn": "右键点击可三合一升级",
    "triggCon": 1,
    "triggEffect": 4,
    "effectVal": 300,
    "effectDesc": "顾客对饮料付费增加30%",
    "effectChat": "我要更贵的饮料！"
  },
  "12203": {
    "id": "12203",
    "name": "咖啡B",
    "type": 2,
    "quality": 2,
    "sprite": "sItem2",
    "price": 27,
    "sell_price": 33,
    "interest": 11,
    "desc": "这是一个咖啡B",
    "leftBtn": "左键点击可放置在场景中货架上",
    "rightBtn": "已升至满级",
    "triggCon": 1,
    "triggEffect": 4,
    "effectVal": 300,
    "effectDesc": "顾客对饮料付费增加30%",
    "effectChat": "我要更贵的饮料！"
  },
  "12211": {
    "id": "12211",
    "name": "蛇草水B",
    "type": 2,
    "quality": 2,
    "sprite": "sItem2",
    "price": 3,
    "sell_price": 4,
    "interest": 11,
    "desc": "这是一个蛇草水B",
    "leftBtn": "左键点击可放置在场景中货架上",
    "rightBtn": "右键点击可三合一升级",
    "triggCon": 1,
    "triggEffect": 1,
    "effectVal": 300,
    "effectDesc": "有30%概率在卖出后返还商品",
    "effectChat": "好难喝，还给你了！"
  },
  "12212": {
    "id": "12212",
    "name": "蛇草水B",
    "type": 2,
    "quality": 2,
    "sprite": "sItem2",
    "price": 9,
    "sell_price": 11,
    "interest": 11,
    "desc": "这是一个蛇草水B",
    "leftBtn": "左键点击可放置在场景中货架上",
    "rightBtn": "右键点击可三合一升级",
    "triggCon": 1,
    "triggEffect": 1,
    "effectVal": 300,
    "effectDesc": "有30%概率在卖出后返还商品",
    "effectChat": "好难喝，还给你了！"
  },
  "12213": {
    "id": "12213",
    "name": "蛇草水B",
    "type": 2,
    "quality": 2,
    "sprite": "sItem2",
    "price": 27,
    "sell_price": 33,
    "interest": 11,
    "desc": "这是一个蛇草水B",
    "leftBtn": "左键点击可放置在场景中货架上",
    "rightBtn": "已升至满级",
    "triggCon": 1,
    "triggEffect": 1,
    "effectVal": 300,
    "effectDesc": "有30%概率在卖出后返还商品",
    "effectChat": "好难喝，还给你了！"
  },
  "12221": {
    "id": "12221",
    "name": "啤酒B",
    "type": 2,
    "quality": 2,
    "sprite": "sItem2",
    "price": 3,
    "sell_price": 4,
    "interest": 11,
    "desc": "这是一个啤酒B",
    "leftBtn": "左键点击可放置在场景中货架上",
    "rightBtn": "右键点击可三合一升级",
    "triggCon": 1,
    "triggEffect": 3,
    "effectVal": -500,
    "effectDesc": "降低顾客对非饮料的兴趣值50%",
    "effectChat": "啊，我只想喝饮料~"
  },
  "12222": {
    "id": "12222",
    "name": "啤酒B",
    "type": 2,
    "quality": 2,
    "sprite": "sItem2",
    "price": 9,
    "sell_price": 11,
    "interest": 11,
    "desc": "这是一个啤酒B",
    "leftBtn": "左键点击可放置在场景中货架上",
    "rightBtn": "右键点击可三合一升级",
    "triggCon": 1,
    "triggEffect": 3,
    "effectVal": -500,
    "effectDesc": "降低顾客对非饮料的兴趣值50%",
    "effectChat": "啊，我只想喝饮料~"
  },
  "12223": {
    "id": "12223",
    "name": "啤酒B",
    "type": 2,
    "quality": 2,
    "sprite": "sItem2",
    "price": 27,
    "sell_price": 33,
    "interest": 11,
    "desc": "这是一个啤酒B",
    "leftBtn": "左键点击可放置在场景中货架上",
    "rightBtn": "已升至满级",
    "triggCon": 1,
    "triggEffect": 3,
    "effectVal": -500,
    "effectDesc": "降低顾客对非饮料的兴趣值50%",
    "effectChat": "啊，我只想喝饮料~"
  },
  "12301": {
    "id": "12301",
    "name": "咖啡C",
    "type": 2,
    "quality": 3,
    "sprite": "sItem2",
    "price": 5,
    "sell_price": 6,
    "interest": 23,
    "desc": "这是一个咖啡C",
    "leftBtn": "左键点击可放置在场景中货架上",
    "rightBtn": "右键点击可三合一升级",
    "triggCon": 1,
    "triggEffect": 4,
    "effectVal": 300,
    "effectDesc": "顾客对饮料付费增加30%",
    "effectChat": "我要更贵的饮料！"
  },
  "12302": {
    "id": "12302",
    "name": "咖啡C",
    "type": 2,
    "quality": 3,
    "sprite": "sItem2",
    "price": 14,
    "sell_price": 17,
    "interest": 23,
    "desc": "这是一个咖啡C",
    "leftBtn": "左键点击可放置在场景中货架上",
    "rightBtn": "右键点击可三合一升级",
    "triggCon": 1,
    "triggEffect": 4,
    "effectVal": 300,
    "effectDesc": "顾客对饮料付费增加30%",
    "effectChat": "我要更贵的饮料！"
  },
  "12303": {
    "id": "12303",
    "name": "咖啡C",
    "type": 2,
    "quality": 3,
    "sprite": "sItem2",
    "price": 41,
    "sell_price": 50,
    "interest": 23,
    "desc": "这是一个咖啡C",
    "leftBtn": "左键点击可放置在场景中货架上",
    "rightBtn": "已升至满级",
    "triggCon": 1,
    "triggEffect": 4,
    "effectVal": 300,
    "effectDesc": "顾客对饮料付费增加30%",
    "effectChat": "我要更贵的饮料！"
  },
  "12311": {
    "id": "12311",
    "name": "蛇草水C",
    "type": 2,
    "quality": 3,
    "sprite": "sItem2",
    "price": 5,
    "sell_price": 6,
    "interest": 23,
    "desc": "这是一个蛇草水C",
    "leftBtn": "左键点击可放置在场景中货架上",
    "rightBtn": "右键点击可三合一升级",
    "triggCon": 1,
    "triggEffect": 1,
    "effectVal": 300,
    "effectDesc": "有30%概率在卖出后返还商品",
    "effectChat": "好难喝，还给你了！"
  },
  "12312": {
    "id": "12312",
    "name": "蛇草水C",
    "type": 2,
    "quality": 3,
    "sprite": "sItem2",
    "price": 14,
    "sell_price": 17,
    "interest": 23,
    "desc": "这是一个蛇草水C",
    "leftBtn": "左键点击可放置在场景中货架上",
    "rightBtn": "右键点击可三合一升级",
    "triggCon": 1,
    "triggEffect": 1,
    "effectVal": 300,
    "effectDesc": "有30%概率在卖出后返还商品",
    "effectChat": "好难喝，还给你了！"
  },
  "12313": {
    "id": "12313",
    "name": "蛇草水C",
    "type": 2,
    "quality": 3,
    "sprite": "sItem2",
    "price": 41,
    "sell_price": 50,
    "interest": 23,
    "desc": "这是一个蛇草水C",
    "leftBtn": "左键点击可放置在场景中货架上",
    "rightBtn": "已升至满级",
    "triggCon": 1,
    "triggEffect": 1,
    "effectVal": 300,
    "effectDesc": "有30%概率在卖出后返还商品",
    "effectChat": "好难喝，还给你了！"
  },
  "12321": {
    "id": "12321",
    "name": "啤酒C",
    "type": 2,
    "quality": 3,
    "sprite": "sItem2",
    "price": 5,
    "sell_price": 6,
    "interest": 23,
    "desc": "这是一个啤酒C",
    "leftBtn": "左键点击可放置在场景中货架上",
    "rightBtn": "右键点击可三合一升级",
    "triggCon": 1,
    "triggEffect": 3,
    "effectVal": -500,
    "effectDesc": "降低顾客对非饮料的兴趣值50%",
    "effectChat": "啊，我只想喝饮料~"
  },
  "12322": {
    "id": "12322",
    "name": "啤酒C",
    "type": 2,
    "quality": 3,
    "sprite": "sItem2",
    "price": 14,
    "sell_price": 17,
    "interest": 23,
    "desc": "这是一个啤酒C",
    "leftBtn": "左键点击可放置在场景中货架上",
    "rightBtn": "右键点击可三合一升级",
    "triggCon": 1,
    "triggEffect": 3,
    "effectVal": -500,
    "effectDesc": "降低顾客对非饮料的兴趣值50%",
    "effectChat": "啊，我只想喝饮料~"
  },
  "12323": {
    "id": "12323",
    "name": "啤酒C",
    "type": 2,
    "quality": 3,
    "sprite": "sItem2",
    "price": 41,
    "sell_price": 50,
    "interest": 23,
    "desc": "这是一个啤酒C",
    "leftBtn": "左键点击可放置在场景中货架上",
    "rightBtn": "已升至满级",
    "triggCon": 1,
    "triggEffect": 3,
    "effectVal": -500,
    "effectDesc": "降低顾客对非饮料的兴趣值50%",
    "effectChat": "啊，我只想喝饮料~"
  },
  "12401": {
    "id": "12401",
    "name": "咖啡D",
    "type": 2,
    "quality": 4,
    "sprite": "sItem2",
    "price": 6,
    "sell_price": 8,
    "interest": 33,
    "desc": "这是一个咖啡D",
    "leftBtn": "左键点击可放置在场景中货架上",
    "rightBtn": "右键点击可三合一升级",
    "triggCon": 1,
    "triggEffect": 4,
    "effectVal": 300,
    "effectDesc": "顾客对饮料付费增加30%",
    "effectChat": "我要更贵的饮料！"
  },
  "12402": {
    "id": "12402",
    "name": "咖啡D",
    "type": 2,
    "quality": 4,
    "sprite": "sItem2",
    "price": 18,
    "sell_price": 22,
    "interest": 33,
    "desc": "这是一个咖啡D",
    "leftBtn": "左键点击可放置在场景中货架上",
    "rightBtn": "右键点击可三合一升级",
    "triggCon": 1,
    "triggEffect": 4,
    "effectVal": 300,
    "effectDesc": "顾客对饮料付费增加30%",
    "effectChat": "我要更贵的饮料！"
  },
  "12403": {
    "id": "12403",
    "name": "咖啡D",
    "type": 2,
    "quality": 4,
    "sprite": "sItem2",
    "price": 54,
    "sell_price": 65,
    "interest": 33,
    "desc": "这是一个咖啡D",
    "leftBtn": "左键点击可放置在场景中货架上",
    "rightBtn": "已升至满级",
    "triggCon": 1,
    "triggEffect": 4,
    "effectVal": 300,
    "effectDesc": "顾客对饮料付费增加30%",
    "effectChat": "我要更贵的饮料！"
  },
  "12411": {
    "id": "12411",
    "name": "蛇草水D",
    "type": 2,
    "quality": 4,
    "sprite": "sItem2",
    "price": 6,
    "sell_price": 8,
    "interest": 33,
    "desc": "这是一个蛇草水D",
    "leftBtn": "左键点击可放置在场景中货架上",
    "rightBtn": "右键点击可三合一升级",
    "triggCon": 1,
    "triggEffect": 1,
    "effectVal": 300,
    "effectDesc": "有30%概率在卖出后返还商品",
    "effectChat": "好难喝，还给你了！"
  },
  "12412": {
    "id": "12412",
    "name": "蛇草水D",
    "type": 2,
    "quality": 4,
    "sprite": "sItem2",
    "price": 18,
    "sell_price": 22,
    "interest": 33,
    "desc": "这是一个蛇草水D",
    "leftBtn": "左键点击可放置在场景中货架上",
    "rightBtn": "右键点击可三合一升级",
    "triggCon": 1,
    "triggEffect": 1,
    "effectVal": 300,
    "effectDesc": "有30%概率在卖出后返还商品",
    "effectChat": "好难喝，还给你了！"
  },
  "12413": {
    "id": "12413",
    "name": "蛇草水D",
    "type": 2,
    "quality": 4,
    "sprite": "sItem2",
    "price": 54,
    "sell_price": 65,
    "interest": 33,
    "desc": "这是一个蛇草水D",
    "leftBtn": "左键点击可放置在场景中货架上",
    "rightBtn": "已升至满级",
    "triggCon": 1,
    "triggEffect": 1,
    "effectVal": 300,
    "effectDesc": "有30%概率在卖出后返还商品",
    "effectChat": "好难喝，还给你了！"
  },
  "12421": {
    "id": "12421",
    "name": "啤酒D",
    "type": 2,
    "quality": 4,
    "sprite": "sItem2",
    "price": 6,
    "sell_price": 8,
    "interest": 33,
    "desc": "这是一个啤酒D",
    "leftBtn": "左键点击可放置在场景中货架上",
    "rightBtn": "右键点击可三合一升级",
    "triggCon": 1,
    "triggEffect": 3,
    "effectVal": -500,
    "effectDesc": "降低顾客对非饮料的兴趣值50%",
    "effectChat": "啊，我只想喝饮料~"
  },
  "12422": {
    "id": "12422",
    "name": "啤酒D",
    "type": 2,
    "quality": 4,
    "sprite": "sItem2",
    "price": 18,
    "sell_price": 22,
    "interest": 33,
    "desc": "这是一个啤酒D",
    "leftBtn": "左键点击可放置在场景中货架上",
    "rightBtn": "右键点击可三合一升级",
    "triggCon": 1,
    "triggEffect": 3,
    "effectVal": -500,
    "effectDesc": "降低顾客对非饮料的兴趣值50%",
    "effectChat": "啊，我只想喝饮料~"
  },
  "12423": {
    "id": "12423",
    "name": "啤酒D",
    "type": 2,
    "quality": 4,
    "sprite": "sItem2",
    "price": 54,
    "sell_price": 65,
    "interest": 33,
    "desc": "这是一个啤酒D",
    "leftBtn": "左键点击可放置在场景中货架上",
    "rightBtn": "已升至满级",
    "triggCon": 1,
    "triggEffect": 3,
    "effectVal": -500,
    "effectDesc": "降低顾客对非饮料的兴趣值50%",
    "effectChat": "啊，我只想喝饮料~"
  },
  "12501": {
    "id": "12501",
    "name": "咖啡E",
    "type": 2,
    "quality": 5,
    "sprite": "sItem2",
    "price": 8,
    "sell_price": 10,
    "interest": 39,
    "desc": "这是一个咖啡E",
    "leftBtn": "左键点击可放置在场景中货架上",
    "rightBtn": "右键点击可三合一升级",
    "triggCon": 1,
    "triggEffect": 4,
    "effectVal": 300,
    "effectDesc": "顾客对饮料付费增加30%",
    "effectChat": "我要更贵的饮料！"
  },
  "12502": {
    "id": "12502",
    "name": "咖啡E",
    "type": 2,
    "quality": 5,
    "sprite": "sItem2",
    "price": 23,
    "sell_price": 28,
    "interest": 39,
    "desc": "这是一个咖啡E",
    "leftBtn": "左键点击可放置在场景中货架上",
    "rightBtn": "右键点击可三合一升级",
    "triggCon": 1,
    "triggEffect": 4,
    "effectVal": 300,
    "effectDesc": "顾客对饮料付费增加30%",
    "effectChat": "我要更贵的饮料！"
  },
  "12503": {
    "id": "12503",
    "name": "咖啡E",
    "type": 2,
    "quality": 5,
    "sprite": "sItem2",
    "price": 68,
    "sell_price": 82,
    "interest": 39,
    "desc": "这是一个咖啡E",
    "leftBtn": "左键点击可放置在场景中货架上",
    "rightBtn": "已升至满级",
    "triggCon": 1,
    "triggEffect": 4,
    "effectVal": 300,
    "effectDesc": "顾客对饮料付费增加30%",
    "effectChat": "我要更贵的饮料！"
  },
  "12511": {
    "id": "12511",
    "name": "蛇草水E",
    "type": 2,
    "quality": 5,
    "sprite": "sItem2",
    "price": 8,
    "sell_price": 10,
    "interest": 39,
    "desc": "这是一个蛇草水E",
    "leftBtn": "左键点击可放置在场景中货架上",
    "rightBtn": "右键点击可三合一升级",
    "triggCon": 1,
    "triggEffect": 1,
    "effectVal": 300,
    "effectDesc": "有30%概率在卖出后返还商品",
    "effectChat": "好难喝，还给你了！"
  },
  "12512": {
    "id": "12512",
    "name": "蛇草水E",
    "type": 2,
    "quality": 5,
    "sprite": "sItem2",
    "price": 23,
    "sell_price": 28,
    "interest": 39,
    "desc": "这是一个蛇草水E",
    "leftBtn": "左键点击可放置在场景中货架上",
    "rightBtn": "右键点击可三合一升级",
    "triggCon": 1,
    "triggEffect": 1,
    "effectVal": 300,
    "effectDesc": "有30%概率在卖出后返还商品",
    "effectChat": "好难喝，还给你了！"
  },
  "12513": {
    "id": "12513",
    "name": "蛇草水E",
    "type": 2,
    "quality": 5,
    "sprite": "sItem2",
    "price": 68,
    "sell_price": 82,
    "interest": 39,
    "desc": "这是一个蛇草水E",
    "leftBtn": "左键点击可放置在场景中货架上",
    "rightBtn": "已升至满级",
    "triggCon": 1,
    "triggEffect": 1,
    "effectVal": 300,
    "effectDesc": "有30%概率在卖出后返还商品",
    "effectChat": "好难喝，还给你了！"
  },
  "12521": {
    "id": "12521",
    "name": "啤酒E",
    "type": 2,
    "quality": 5,
    "sprite": "sItem2",
    "price": 8,
    "sell_price": 10,
    "interest": 39,
    "desc": "这是一个啤酒E",
    "leftBtn": "左键点击可放置在场景中货架上",
    "rightBtn": "右键点击可三合一升级",
    "triggCon": 1,
    "triggEffect": 3,
    "effectVal": -500,
    "effectDesc": "降低顾客对非饮料的兴趣值50%",
    "effectChat": "啊，我只想喝饮料~"
  },
  "12522": {
    "id": "12522",
    "name": "啤酒E",
    "type": 2,
    "quality": 5,
    "sprite": "sItem2",
    "price": 23,
    "sell_price": 28,
    "interest": 39,
    "desc": "这是一个啤酒E",
    "leftBtn": "左键点击可放置在场景中货架上",
    "rightBtn": "右键点击可三合一升级",
    "triggCon": 1,
    "triggEffect": 3,
    "effectVal": -500,
    "effectDesc": "降低顾客对非饮料的兴趣值50%",
    "effectChat": "啊，我只想喝饮料~"
  },
  "12523": {
    "id": "12523",
    "name": "啤酒E",
    "type": 2,
    "quality": 5,
    "sprite": "sItem2",
    "price": 68,
    "sell_price": 82,
    "interest": 39,
    "desc": "这是一个啤酒E",
    "leftBtn": "左键点击可放置在场景中货架上",
    "rightBtn": "已升至满级",
    "triggCon": 1,
    "triggEffect": 3,
    "effectVal": -500,
    "effectDesc": "降低顾客对非饮料的兴趣值50%",
    "effectChat": "啊，我只想喝饮料~"
  },
  "13101": {
    "id": "13101",
    "name": "鲜花A",
    "type": 3,
    "quality": 1,
    "sprite": "sItem3",
    "price": 2,
    "sell_price": 3,
    "interest": 4,
    "desc": "这是一个鲜花A",
    "leftBtn": "左键点击可放置在场景中货架上",
    "rightBtn": "右键点击可三合一升级",
    "triggCon": 3,
    "triggEffect": 6,
    "effectVal": 200,
    "effectDesc": "开店时同货架商品售价提高20%",
    "effectChat": null
  },
  "13102": {
    "id": "13102",
    "name": "鲜花A",
    "type": 3,
    "quality": 1,
    "sprite": "sItem3",
    "price": 6,
    "sell_price": 8,
    "interest": 4,
    "desc": "这是一个鲜花A",
    "leftBtn": "左键点击可放置在场景中货架上",
    "rightBtn": "右键点击可三合一升级",
    "triggCon": 3,
    "triggEffect": 6,
    "effectVal": 200,
    "effectDesc": "开店时同货架商品售价提高20%",
    "effectChat": null
  },
  "13103": {
    "id": "13103",
    "name": "鲜花A",
    "type": 3,
    "quality": 1,
    "sprite": "sItem3",
    "price": 18,
    "sell_price": 22,
    "interest": 4,
    "desc": "这是一个鲜花A",
    "leftBtn": "左键点击可放置在场景中货架上",
    "rightBtn": "已升至满级",
    "triggCon": 3,
    "triggEffect": 6,
    "effectVal": 200,
    "effectDesc": "开店时同货架商品售价提高20%",
    "effectChat": null
  },
  "13111": {
    "id": "13111",
    "name": "香氛A",
    "type": 3,
    "quality": 1,
    "sprite": "sItem3",
    "price": 2,
    "sell_price": 3,
    "interest": 4,
    "desc": "这是一个香氛A",
    "leftBtn": "左键点击可放置在场景中货架上",
    "rightBtn": "右键点击可三合一升级",
    "triggCon": 3,
    "triggEffect": 7,
    "effectVal": 100,
    "effectDesc": "开店时所有商品售价提高10%",
    "effectChat": null
  },
  "13112": {
    "id": "13112",
    "name": "香氛A",
    "type": 3,
    "quality": 1,
    "sprite": "sItem3",
    "price": 6,
    "sell_price": 8,
    "interest": 4,
    "desc": "这是一个香氛A",
    "leftBtn": "左键点击可放置在场景中货架上",
    "rightBtn": "右键点击可三合一升级",
    "triggCon": 3,
    "triggEffect": 7,
    "effectVal": 100,
    "effectDesc": "开店时所有商品售价提高10%",
    "effectChat": null
  },
  "13113": {
    "id": "13113",
    "name": "香氛A",
    "type": 3,
    "quality": 1,
    "sprite": "sItem3",
    "price": 18,
    "sell_price": 22,
    "interest": 4,
    "desc": "这是一个香氛A",
    "leftBtn": "左键点击可放置在场景中货架上",
    "rightBtn": "已升至满级",
    "triggCon": 3,
    "triggEffect": 7,
    "effectVal": 100,
    "effectDesc": "开店时所有商品售价提高10%",
    "effectChat": null
  },
  "13121": {
    "id": "13121",
    "name": "饰品A",
    "type": 3,
    "quality": 1,
    "sprite": "sItem3",
    "price": 2,
    "sell_price": 3,
    "interest": 4,
    "desc": "这是一个饰品A",
    "leftBtn": "左键点击可放置在场景中货架上",
    "rightBtn": "右键点击可三合一升级",
    "triggCon": 3,
    "triggEffect": 9,
    "effectVal": 400,
    "effectDesc": "开店时获得40%商品售价的金钱",
    "effectChat": null
  },
  "13122": {
    "id": "13122",
    "name": "饰品A",
    "type": 3,
    "quality": 1,
    "sprite": "sItem3",
    "price": 6,
    "sell_price": 8,
    "interest": 4,
    "desc": "这是一个饰品A",
    "leftBtn": "左键点击可放置在场景中货架上",
    "rightBtn": "右键点击可三合一升级",
    "triggCon": 3,
    "triggEffect": 9,
    "effectVal": 400,
    "effectDesc": "开店时获得40%商品售价的金钱",
    "effectChat": null
  },
  "13123": {
    "id": "13123",
    "name": "饰品A",
    "type": 3,
    "quality": 1,
    "sprite": "sItem3",
    "price": 18,
    "sell_price": 22,
    "interest": 4,
    "desc": "这是一个饰品A",
    "leftBtn": "左键点击可放置在场景中货架上",
    "rightBtn": "已升至满级",
    "triggCon": 3,
    "triggEffect": 9,
    "effectVal": 400,
    "effectDesc": "开店时获得40%商品售价的金钱",
    "effectChat": null
  },
  "13201": {
    "id": "13201",
    "name": "鲜花B",
    "type": 3,
    "quality": 2,
    "sprite": "sItem3",
    "price": 4,
    "sell_price": 5,
    "interest": 11,
    "desc": "这是一个鲜花B",
    "leftBtn": "左键点击可放置在场景中货架上",
    "rightBtn": "右键点击可三合一升级",
    "triggCon": 3,
    "triggEffect": 6,
    "effectVal": 200,
    "effectDesc": "开店时同货架商品售价提高20%",
    "effectChat": null
  },
  "13202": {
    "id": "13202",
    "name": "鲜花B",
    "type": 3,
    "quality": 2,
    "sprite": "sItem3",
    "price": 12,
    "sell_price": 15,
    "interest": 11,
    "desc": "这是一个鲜花B",
    "leftBtn": "左键点击可放置在场景中货架上",
    "rightBtn": "右键点击可三合一升级",
    "triggCon": 3,
    "triggEffect": 6,
    "effectVal": 200,
    "effectDesc": "开店时同货架商品售价提高20%",
    "effectChat": null
  },
  "13203": {
    "id": "13203",
    "name": "鲜花B",
    "type": 3,
    "quality": 2,
    "sprite": "sItem3",
    "price": 36,
    "sell_price": 44,
    "interest": 11,
    "desc": "这是一个鲜花B",
    "leftBtn": "左键点击可放置在场景中货架上",
    "rightBtn": "已升至满级",
    "triggCon": 3,
    "triggEffect": 6,
    "effectVal": 200,
    "effectDesc": "开店时同货架商品售价提高20%",
    "effectChat": null
  },
  "13211": {
    "id": "13211",
    "name": "香氛B",
    "type": 3,
    "quality": 2,
    "sprite": "sItem3",
    "price": 4,
    "sell_price": 5,
    "interest": 11,
    "desc": "这是一个香氛B",
    "leftBtn": "左键点击可放置在场景中货架上",
    "rightBtn": "右键点击可三合一升级",
    "triggCon": 3,
    "triggEffect": 7,
    "effectVal": 100,
    "effectDesc": "开店时所有商品售价提高10%",
    "effectChat": null
  },
  "13212": {
    "id": "13212",
    "name": "香氛B",
    "type": 3,
    "quality": 2,
    "sprite": "sItem3",
    "price": 12,
    "sell_price": 15,
    "interest": 11,
    "desc": "这是一个香氛B",
    "leftBtn": "左键点击可放置在场景中货架上",
    "rightBtn": "右键点击可三合一升级",
    "triggCon": 3,
    "triggEffect": 7,
    "effectVal": 100,
    "effectDesc": "开店时所有商品售价提高10%",
    "effectChat": null
  },
  "13213": {
    "id": "13213",
    "name": "香氛B",
    "type": 3,
    "quality": 2,
    "sprite": "sItem3",
    "price": 36,
    "sell_price": 44,
    "interest": 11,
    "desc": "这是一个香氛B",
    "leftBtn": "左键点击可放置在场景中货架上",
    "rightBtn": "已升至满级",
    "triggCon": 3,
    "triggEffect": 7,
    "effectVal": 100,
    "effectDesc": "开店时所有商品售价提高10%",
    "effectChat": null
  },
  "13221": {
    "id": "13221",
    "name": "饰品B",
    "type": 3,
    "quality": 2,
    "sprite": "sItem3",
    "price": 4,
    "sell_price": 5,
    "interest": 11,
    "desc": "这是一个饰品B",
    "leftBtn": "左键点击可放置在场景中货架上",
    "rightBtn": "右键点击可三合一升级",
    "triggCon": 3,
    "triggEffect": 9,
    "effectVal": 400,
    "effectDesc": "开店时获得40%商品售价的金钱",
    "effectChat": null
  },
  "13222": {
    "id": "13222",
    "name": "饰品B",
    "type": 3,
    "quality": 2,
    "sprite": "sItem3",
    "price": 12,
    "sell_price": 15,
    "interest": 11,
    "desc": "这是一个饰品B",
    "leftBtn": "左键点击可放置在场景中货架上",
    "rightBtn": "右键点击可三合一升级",
    "triggCon": 3,
    "triggEffect": 9,
    "effectVal": 400,
    "effectDesc": "开店时获得40%商品售价的金钱",
    "effectChat": null
  },
  "13223": {
    "id": "13223",
    "name": "饰品B",
    "type": 3,
    "quality": 2,
    "sprite": "sItem3",
    "price": 36,
    "sell_price": 44,
    "interest": 11,
    "desc": "这是一个饰品B",
    "leftBtn": "左键点击可放置在场景中货架上",
    "rightBtn": "已升至满级",
    "triggCon": 3,
    "triggEffect": 9,
    "effectVal": 400,
    "effectDesc": "开店时获得40%商品售价的金钱",
    "effectChat": null
  },
  "13301": {
    "id": "13301",
    "name": "鲜花C",
    "type": 3,
    "quality": 3,
    "sprite": "sItem3",
    "price": 6,
    "sell_price": 8,
    "interest": 23,
    "desc": "这是一个鲜花C",
    "leftBtn": "左键点击可放置在场景中货架上",
    "rightBtn": "右键点击可三合一升级",
    "triggCon": 3,
    "triggEffect": 6,
    "effectVal": 200,
    "effectDesc": "开店时同货架商品售价提高20%",
    "effectChat": null
  },
  "13302": {
    "id": "13302",
    "name": "鲜花C",
    "type": 3,
    "quality": 3,
    "sprite": "sItem3",
    "price": 18,
    "sell_price": 22,
    "interest": 23,
    "desc": "这是一个鲜花C",
    "leftBtn": "左键点击可放置在场景中货架上",
    "rightBtn": "右键点击可三合一升级",
    "triggCon": 3,
    "triggEffect": 6,
    "effectVal": 200,
    "effectDesc": "开店时同货架商品售价提高20%",
    "effectChat": null
  },
  "13303": {
    "id": "13303",
    "name": "鲜花C",
    "type": 3,
    "quality": 3,
    "sprite": "sItem3",
    "price": 54,
    "sell_price": 65,
    "interest": 23,
    "desc": "这是一个鲜花C",
    "leftBtn": "左键点击可放置在场景中货架上",
    "rightBtn": "已升至满级",
    "triggCon": 3,
    "triggEffect": 6,
    "effectVal": 200,
    "effectDesc": "开店时同货架商品售价提高20%",
    "effectChat": null
  },
  "13311": {
    "id": "13311",
    "name": "香氛C",
    "type": 3,
    "quality": 3,
    "sprite": "sItem3",
    "price": 6,
    "sell_price": 8,
    "interest": 23,
    "desc": "这是一个香氛C",
    "leftBtn": "左键点击可放置在场景中货架上",
    "rightBtn": "右键点击可三合一升级",
    "triggCon": 3,
    "triggEffect": 7,
    "effectVal": 100,
    "effectDesc": "开店时所有商品售价提高10%",
    "effectChat": null
  },
  "13312": {
    "id": "13312",
    "name": "香氛C",
    "type": 3,
    "quality": 3,
    "sprite": "sItem3",
    "price": 18,
    "sell_price": 22,
    "interest": 23,
    "desc": "这是一个香氛C",
    "leftBtn": "左键点击可放置在场景中货架上",
    "rightBtn": "右键点击可三合一升级",
    "triggCon": 3,
    "triggEffect": 7,
    "effectVal": 100,
    "effectDesc": "开店时所有商品售价提高10%",
    "effectChat": null
  },
  "13313": {
    "id": "13313",
    "name": "香氛C",
    "type": 3,
    "quality": 3,
    "sprite": "sItem3",
    "price": 54,
    "sell_price": 65,
    "interest": 23,
    "desc": "这是一个香氛C",
    "leftBtn": "左键点击可放置在场景中货架上",
    "rightBtn": "已升至满级",
    "triggCon": 3,
    "triggEffect": 7,
    "effectVal": 100,
    "effectDesc": "开店时所有商品售价提高10%",
    "effectChat": null
  },
  "13321": {
    "id": "13321",
    "name": "饰品C",
    "type": 3,
    "quality": 3,
    "sprite": "sItem3",
    "price": 6,
    "sell_price": 8,
    "interest": 23,
    "desc": "这是一个饰品C",
    "leftBtn": "左键点击可放置在场景中货架上",
    "rightBtn": "右键点击可三合一升级",
    "triggCon": 3,
    "triggEffect": 9,
    "effectVal": 400,
    "effectDesc": "开店时获得40%商品售价的金钱",
    "effectChat": null
  },
  "13322": {
    "id": "13322",
    "name": "饰品C",
    "type": 3,
    "quality": 3,
    "sprite": "sItem3",
    "price": 18,
    "sell_price": 22,
    "interest": 23,
    "desc": "这是一个饰品C",
    "leftBtn": "左键点击可放置在场景中货架上",
    "rightBtn": "右键点击可三合一升级",
    "triggCon": 3,
    "triggEffect": 9,
    "effectVal": 400,
    "effectDesc": "开店时获得40%商品售价的金钱",
    "effectChat": null
  },
  "13323": {
    "id": "13323",
    "name": "饰品C",
    "type": 3,
    "quality": 3,
    "sprite": "sItem3",
    "price": 54,
    "sell_price": 65,
    "interest": 23,
    "desc": "这是一个饰品C",
    "leftBtn": "左键点击可放置在场景中货架上",
    "rightBtn": "已升至满级",
    "triggCon": 3,
    "triggEffect": 9,
    "effectVal": 400,
    "effectDesc": "开店时获得40%商品售价的金钱",
    "effectChat": null
  },
  "13401": {
    "id": "13401",
    "name": "鲜花D",
    "type": 3,
    "quality": 4,
    "sprite": "sItem3",
    "price": 8,
    "sell_price": 10,
    "interest": 33,
    "desc": "这是一个鲜花D",
    "leftBtn": "左键点击可放置在场景中货架上",
    "rightBtn": "右键点击可三合一升级",
    "triggCon": 3,
    "triggEffect": 6,
    "effectVal": 200,
    "effectDesc": "开店时同货架商品售价提高20%",
    "effectChat": null
  },
  "13402": {
    "id": "13402",
    "name": "鲜花D",
    "type": 3,
    "quality": 4,
    "sprite": "sItem3",
    "price": 24,
    "sell_price": 29,
    "interest": 33,
    "desc": "这是一个鲜花D",
    "leftBtn": "左键点击可放置在场景中货架上",
    "rightBtn": "右键点击可三合一升级",
    "triggCon": 3,
    "triggEffect": 6,
    "effectVal": 200,
    "effectDesc": "开店时同货架商品售价提高20%",
    "effectChat": null
  },
  "13403": {
    "id": "13403",
    "name": "鲜花D",
    "type": 3,
    "quality": 4,
    "sprite": "sItem3",
    "price": 72,
    "sell_price": 87,
    "interest": 33,
    "desc": "这是一个鲜花D",
    "leftBtn": "左键点击可放置在场景中货架上",
    "rightBtn": "已升至满级",
    "triggCon": 3,
    "triggEffect": 6,
    "effectVal": 200,
    "effectDesc": "开店时同货架商品售价提高20%",
    "effectChat": null
  },
  "13411": {
    "id": "13411",
    "name": "香氛D",
    "type": 3,
    "quality": 4,
    "sprite": "sItem3",
    "price": 8,
    "sell_price": 10,
    "interest": 33,
    "desc": "这是一个香氛D",
    "leftBtn": "左键点击可放置在场景中货架上",
    "rightBtn": "右键点击可三合一升级",
    "triggCon": 3,
    "triggEffect": 7,
    "effectVal": 100,
    "effectDesc": "开店时所有商品售价提高10%",
    "effectChat": null
  },
  "13412": {
    "id": "13412",
    "name": "香氛D",
    "type": 3,
    "quality": 4,
    "sprite": "sItem3",
    "price": 24,
    "sell_price": 29,
    "interest": 33,
    "desc": "这是一个香氛D",
    "leftBtn": "左键点击可放置在场景中货架上",
    "rightBtn": "右键点击可三合一升级",
    "triggCon": 3,
    "triggEffect": 7,
    "effectVal": 100,
    "effectDesc": "开店时所有商品售价提高10%",
    "effectChat": null
  },
  "13413": {
    "id": "13413",
    "name": "香氛D",
    "type": 3,
    "quality": 4,
    "sprite": "sItem3",
    "price": 72,
    "sell_price": 87,
    "interest": 33,
    "desc": "这是一个香氛D",
    "leftBtn": "左键点击可放置在场景中货架上",
    "rightBtn": "已升至满级",
    "triggCon": 3,
    "triggEffect": 7,
    "effectVal": 100,
    "effectDesc": "开店时所有商品售价提高10%",
    "effectChat": null
  },
  "13421": {
    "id": "13421",
    "name": "饰品D",
    "type": 3,
    "quality": 4,
    "sprite": "sItem3",
    "price": 8,
    "sell_price": 10,
    "interest": 33,
    "desc": "这是一个饰品D",
    "leftBtn": "左键点击可放置在场景中货架上",
    "rightBtn": "右键点击可三合一升级",
    "triggCon": 3,
    "triggEffect": 9,
    "effectVal": 400,
    "effectDesc": "开店时获得40%商品售价的金钱",
    "effectChat": null
  },
  "13422": {
    "id": "13422",
    "name": "饰品D",
    "type": 3,
    "quality": 4,
    "sprite": "sItem3",
    "price": 24,
    "sell_price": 29,
    "interest": 33,
    "desc": "这是一个饰品D",
    "leftBtn": "左键点击可放置在场景中货架上",
    "rightBtn": "右键点击可三合一升级",
    "triggCon": 3,
    "triggEffect": 9,
    "effectVal": 400,
    "effectDesc": "开店时获得40%商品售价的金钱",
    "effectChat": null
  },
  "13423": {
    "id": "13423",
    "name": "饰品D",
    "type": 3,
    "quality": 4,
    "sprite": "sItem3",
    "price": 72,
    "sell_price": 87,
    "interest": 33,
    "desc": "这是一个饰品D",
    "leftBtn": "左键点击可放置在场景中货架上",
    "rightBtn": "已升至满级",
    "triggCon": 3,
    "triggEffect": 9,
    "effectVal": 400,
    "effectDesc": "开店时获得40%商品售价的金钱",
    "effectChat": null
  },
  "13501": {
    "id": "13501",
    "name": "鲜花E",
    "type": 3,
    "quality": 5,
    "sprite": "sItem3",
    "price": 10,
    "sell_price": 12,
    "interest": 39,
    "desc": "这是一个鲜花E",
    "leftBtn": "左键点击可放置在场景中货架上",
    "rightBtn": "右键点击可三合一升级",
    "triggCon": 3,
    "triggEffect": 6,
    "effectVal": 200,
    "effectDesc": "开店时同货架商品售价提高20%",
    "effectChat": null
  },
  "13502": {
    "id": "13502",
    "name": "鲜花E",
    "type": 3,
    "quality": 5,
    "sprite": "sItem3",
    "price": 30,
    "sell_price": 36,
    "interest": 39,
    "desc": "这是一个鲜花E",
    "leftBtn": "左键点击可放置在场景中货架上",
    "rightBtn": "右键点击可三合一升级",
    "triggCon": 3,
    "triggEffect": 6,
    "effectVal": 200,
    "effectDesc": "开店时同货架商品售价提高20%",
    "effectChat": null
  },
  "13503": {
    "id": "13503",
    "name": "鲜花E",
    "type": 3,
    "quality": 5,
    "sprite": "sItem3",
    "price": 90,
    "sell_price": 108,
    "interest": 39,
    "desc": "这是一个鲜花E",
    "leftBtn": "左键点击可放置在场景中货架上",
    "rightBtn": "已升至满级",
    "triggCon": 3,
    "triggEffect": 6,
    "effectVal": 200,
    "effectDesc": "开店时同货架商品售价提高20%",
    "effectChat": null
  },
  "13511": {
    "id": "13511",
    "name": "香氛E",
    "type": 3,
    "quality": 5,
    "sprite": "sItem3",
    "price": 10,
    "sell_price": 12,
    "interest": 39,
    "desc": "这是一个香氛E",
    "leftBtn": "左键点击可放置在场景中货架上",
    "rightBtn": "右键点击可三合一升级",
    "triggCon": 3,
    "triggEffect": 7,
    "effectVal": 100,
    "effectDesc": "开店时所有商品售价提高10%",
    "effectChat": null
  },
  "13512": {
    "id": "13512",
    "name": "香氛E",
    "type": 3,
    "quality": 5,
    "sprite": "sItem3",
    "price": 30,
    "sell_price": 36,
    "interest": 39,
    "desc": "这是一个香氛E",
    "leftBtn": "左键点击可放置在场景中货架上",
    "rightBtn": "右键点击可三合一升级",
    "triggCon": 3,
    "triggEffect": 7,
    "effectVal": 100,
    "effectDesc": "开店时所有商品售价提高10%",
    "effectChat": null
  },
  "13513": {
    "id": "13513",
    "name": "香氛E",
    "type": 3,
    "quality": 5,
    "sprite": "sItem3",
    "price": 90,
    "sell_price": 108,
    "interest": 39,
    "desc": "这是一个香氛E",
    "leftBtn": "左键点击可放置在场景中货架上",
    "rightBtn": "已升至满级",
    "triggCon": 3,
    "triggEffect": 7,
    "effectVal": 100,
    "effectDesc": "开店时所有商品售价提高10%",
    "effectChat": null
  },
  "13521": {
    "id": "13521",
    "name": "饰品E",
    "type": 3,
    "quality": 5,
    "sprite": "sItem3",
    "price": 10,
    "sell_price": 12,
    "interest": 39,
    "desc": "这是一个饰品E",
    "leftBtn": "左键点击可放置在场景中货架上",
    "rightBtn": "右键点击可三合一升级",
    "triggCon": 3,
    "triggEffect": 9,
    "effectVal": 400,
    "effectDesc": "开店时获得40%商品售价的金钱",
    "effectChat": null
  },
  "13522": {
    "id": "13522",
    "name": "饰品E",
    "type": 3,
    "quality": 5,
    "sprite": "sItem3",
    "price": 30,
    "sell_price": 36,
    "interest": 39,
    "desc": "这是一个饰品E",
    "leftBtn": "左键点击可放置在场景中货架上",
    "rightBtn": "右键点击可三合一升级",
    "triggCon": 3,
    "triggEffect": 9,
    "effectVal": 400,
    "effectDesc": "开店时获得40%商品售价的金钱",
    "effectChat": null
  },
  "13523": {
    "id": "13523",
    "name": "饰品E",
    "type": 3,
    "quality": 5,
    "sprite": "sItem3",
    "price": 90,
    "sell_price": 108,
    "interest": 39,
    "desc": "这是一个饰品E",
    "leftBtn": "左键点击可放置在场景中货架上",
    "rightBtn": "已升至满级",
    "triggCon": 3,
    "triggEffect": 9,
    "effectVal": 400,
    "effectDesc": "开店时获得40%商品售价的金钱",
    "effectChat": null
  },
  "null": {
    "id": null,
    "name": null,
    "type": null,
    "quality": null,
    "sprite": null,
    "price": null,
    "sell_price": null,
    "interest": null,
    "desc": null,
    "leftBtn": null,
    "rightBtn": null,
    "triggCon": null,
    "triggEffect": null,
    "effectVal": null,
    "effectDesc": null,
    "effectChat": null
  }
}