{
  "1102": {
    "id": "1102",
    "name": "射手",
    "type": 0,
    "quality": 1,
    "sprite": "sMon_arc",
    "scale": 1,
    "attack": 2,
    "HP": 6,
    "moveType": 1,
    "nearRange": 100,
    "farRange": 600,
    "nearSkill": [
      8102
    ],
    "farSkill": [
      8101
    ],
    "speed": 150,
    "attStiff": 500,
    "beAttStiff": 1,
    "dropID": 90000,
    "desc": "超远输出距离的怪物"
  },
  "1103": {
    "id": "1103",
    "name": "刺客",
    "type": 0,
    "quality": 1,
    "sprite": "sMon_ass",
    "scale": 1,
    "attack": 2.5,
    "HP": 8,
    "moveType": 1,
    "nearRange": 40,
    "farRange": null,
    "nearSkill": [
      8001
    ],
    "farSkill": null,
    "speed": 250,
    "attStiff": 500,
    "beAttStiff": 1,
    "dropID": 90000,
    "desc": "高速移动的刺客"
  },
  "1107": {
    "id": "1107",
    "name": "精英射手",
    "type": 0,
    "quality": 2,
    "sprite": "sMon_arc",
    "scale": 2,
    "attack": 4,
    "HP": 18,
    "moveType": 1,
    "nearRange": 100,
    "farRange": 600,
    "nearSkill": [
      8102
    ],
    "farSkill": [
      8101
    ],
    "speed": 150,
    "attStiff": 500,
    "beAttStiff": 0.3,
    "dropID": 90000,
    "desc": "超远输出距离的怪物，死亡后掉落普通精元"
  },
  "1108": {
    "id": "1108",
    "name": "精英刺客",
    "type": 0,
    "quality": 2,
    "sprite": "sMon_ass",
    "scale": 2,
    "attack": 5,
    "HP": 24,
    "moveType": 1,
    "nearRange": 40,
    "farRange": null,
    "nearSkill": [
      8001
    ],
    "farSkill": null,
    "speed": 250,
    "attStiff": 500,
    "beAttStiff": 0.3,
    "dropID": 90000,
    "desc": "高速移动的刺客，死亡后掉落普通精元"
  },
  "1111": {
    "id": "1111",
    "name": "飞机火",
    "type": 1,
    "quality": 1,
    "sprite": "sMon_bird",
    "scale": 1,
    "attack": 1.5,
    "HP": 5,
    "moveType": 2,
    "nearRange": 300,
    "farRange": null,
    "nearSkill": [
      8101
    ],
    "farSkill": null,
    "speed": 200,
    "attStiff": 500,
    "beAttStiff": 1,
    "dropID": 90001,
    "desc": "可怕的飞行怪，可以穿越货架。克制金系，被水系克制"
  },
  "1116": {
    "id": "1116",
    "name": "精英飞机火",
    "type": 1,
    "quality": 2,
    "sprite": "sMon_bird",
    "scale": 2,
    "attack": 3,
    "HP": 15,
    "moveType": 2,
    "nearRange": 300,
    "farRange": null,
    "nearSkill": [
      8101
    ],
    "farSkill": null,
    "speed": 200,
    "attStiff": 500,
    "beAttStiff": 0.3,
    "dropID": 90001,
    "desc": "可怕的飞行怪，可以穿越货架。克制金系，被水系克制，死亡后掉落火系精元"
  },
  "1124": {
    "id": "1124",
    "name": "法师水",
    "type": 2,
    "quality": 1,
    "sprite": "sMon_mage",
    "scale": 1,
    "attack": 2.5,
    "HP": 10,
    "moveType": 1,
    "nearRange": 100,
    "farRange": 400,
    "nearSkill": [
      8103
    ],
    "farSkill": [
      8103
    ],
    "speed": 130,
    "attStiff": 500,
    "beAttStiff": 1,
    "dropID": 90002,
    "desc": "使用减速技能的磁暴兵。克制火系，被金系克制"
  },
  "1129": {
    "id": "1129",
    "name": "精英法师水",
    "type": 2,
    "quality": 2,
    "sprite": "sMon_mage",
    "scale": 2,
    "attack": 5,
    "HP": 30,
    "moveType": 1,
    "nearRange": 100,
    "farRange": 600,
    "nearSkill": [
      8103
    ],
    "farSkill": [
      8103
    ],
    "speed": 130,
    "attStiff": 500,
    "beAttStiff": 0.3,
    "dropID": 90002,
    "desc": "使用减速技能的磁暴兵。克制火系，被金系克制，死亡后掉落水系精元"
  },
  "1130": {
    "id": "1130",
    "name": "战士金",
    "type": 3,
    "quality": 1,
    "sprite": "sMon",
    "scale": 1,
    "attack": 1.5,
    "HP": 14,
    "moveType": 1,
    "nearRange": 40,
    "farRange": 500,
    "nearSkill": [
      8001
    ],
    "farSkill": [
      8002
    ],
    "speed": 150,
    "attStiff": 500,
    "beAttStiff": 0.8,
    "dropID": 90003,
    "desc": "高生命值的近战怪物，附带易伤效果。克制水系，被火系克制"
  },
  "1135": {
    "id": "1135",
    "name": "精英战士金",
    "type": 3,
    "quality": 2,
    "sprite": "sMon",
    "scale": 2,
    "attack": 3,
    "HP": 42,
    "moveType": 1,
    "nearRange": 40,
    "farRange": 500,
    "nearSkill": [
      8001
    ],
    "farSkill": [
      8002
    ],
    "speed": 150,
    "attStiff": 500,
    "beAttStiff": 0.2,
    "dropID": 90003,
    "desc": "高生命值的近战怪物，附带易伤效果。克制水系，被火系克制，死亡后掉落金系精元"
  },
  "1202": {
    "id": "1202",
    "name": "射手",
    "type": 0,
    "quality": 1,
    "sprite": "sMon_arc",
    "scale": 1,
    "attack": 2,
    "HP": 6,
    "moveType": 1,
    "nearRange": 100,
    "farRange": 600,
    "nearSkill": [
      8102
    ],
    "farSkill": [
      8101
    ],
    "speed": 150,
    "attStiff": 500,
    "beAttStiff": 1,
    "dropID": 90010,
    "desc": "超远输出距离的怪物"
  },
  "1203": {
    "id": "1203",
    "name": "刺客",
    "type": 0,
    "quality": 1,
    "sprite": "sMon_ass",
    "scale": 1,
    "attack": 2.5,
    "HP": 8,
    "moveType": 1,
    "nearRange": 40,
    "farRange": 0,
    "nearSkill": [
      8001
    ],
    "farSkill": null,
    "speed": 250,
    "attStiff": 500,
    "beAttStiff": 1,
    "dropID": 90010,
    "desc": "高速移动的刺客"
  },
  "1207": {
    "id": "1207",
    "name": "精英射手",
    "type": 0,
    "quality": 2,
    "sprite": "sMon_arc",
    "scale": 2,
    "attack": 4,
    "HP": 18,
    "moveType": 1,
    "nearRange": 100,
    "farRange": 600,
    "nearSkill": [
      8102
    ],
    "farSkill": [
      8101
    ],
    "speed": 150,
    "attStiff": 500,
    "beAttStiff": 0.3,
    "dropID": 90010,
    "desc": "超远输出距离的怪物，死亡后掉落普通精元"
  },
  "1208": {
    "id": "1208",
    "name": "精英刺客",
    "type": 0,
    "quality": 2,
    "sprite": "sMon_ass",
    "scale": 2,
    "attack": 5,
    "HP": 24,
    "moveType": 1,
    "nearRange": 40,
    "farRange": 0,
    "nearSkill": [
      8001
    ],
    "farSkill": null,
    "speed": 250,
    "attStiff": 500,
    "beAttStiff": 0.3,
    "dropID": 90010,
    "desc": "高速移动的刺客，死亡后掉落普通精元"
  },
  "1211": {
    "id": "1211",
    "name": "飞机火",
    "type": 1,
    "quality": 1,
    "sprite": "sMon_bird",
    "scale": 1,
    "attack": 1.5,
    "HP": 5,
    "moveType": 2,
    "nearRange": 300,
    "farRange": 0,
    "nearSkill": [
      8101
    ],
    "farSkill": null,
    "speed": 200,
    "attStiff": 500,
    "beAttStiff": 1,
    "dropID": 90011,
    "desc": "可怕的飞行怪，可以穿越货架。克制金系，被水系克制"
  },
  "1216": {
    "id": "1216",
    "name": "精英飞机火",
    "type": 1,
    "quality": 2,
    "sprite": "sMon_bird",
    "scale": 2,
    "attack": 3,
    "HP": 15,
    "moveType": 2,
    "nearRange": 300,
    "farRange": 0,
    "nearSkill": [
      8101
    ],
    "farSkill": null,
    "speed": 200,
    "attStiff": 500,
    "beAttStiff": 0.3,
    "dropID": 90011,
    "desc": "可怕的飞行怪，可以穿越货架。克制金系，被水系克制，死亡后掉落火系精元"
  },
  "1224": {
    "id": "1224",
    "name": "法师水",
    "type": 2,
    "quality": 1,
    "sprite": "sMon_mage",
    "scale": 1,
    "attack": 2.5,
    "HP": 10,
    "moveType": 1,
    "nearRange": 100,
    "farRange": 400,
    "nearSkill": [
      8103
    ],
    "farSkill": [
      8103
    ],
    "speed": 130,
    "attStiff": 500,
    "beAttStiff": 1,
    "dropID": 90012,
    "desc": "使用减速技能的磁暴兵。克制火系，被金系克制"
  },
  "1229": {
    "id": "1229",
    "name": "精英法师水",
    "type": 2,
    "quality": 2,
    "sprite": "sMon_mage",
    "scale": 2,
    "attack": 5,
    "HP": 30,
    "moveType": 1,
    "nearRange": 100,
    "farRange": 600,
    "nearSkill": [
      8103
    ],
    "farSkill": [
      8103
    ],
    "speed": 130,
    "attStiff": 500,
    "beAttStiff": 0.3,
    "dropID": 90012,
    "desc": "使用减速技能的磁暴兵。克制火系，被金系克制，死亡后掉落水系精元"
  },
  "1230": {
    "id": "1230",
    "name": "战士金",
    "type": 3,
    "quality": 1,
    "sprite": "sMon",
    "scale": 1,
    "attack": 1.5,
    "HP": 14,
    "moveType": 1,
    "nearRange": 40,
    "farRange": 500,
    "nearSkill": [
      8001
    ],
    "farSkill": [
      8002
    ],
    "speed": 150,
    "attStiff": 500,
    "beAttStiff": 0.8,
    "dropID": 90013,
    "desc": "高生命值的近战怪物，附带易伤效果。克制水系，被火系克制"
  },
  "1235": {
    "id": "1235",
    "name": "精英战士金",
    "type": 3,
    "quality": 2,
    "sprite": "sMon",
    "scale": 2,
    "attack": 3,
    "HP": 42,
    "moveType": 1,
    "nearRange": 40,
    "farRange": 500,
    "nearSkill": [
      8001
    ],
    "farSkill": [
      8002
    ],
    "speed": 150,
    "attStiff": 500,
    "beAttStiff": 0.2,
    "dropID": 90013,
    "desc": "高生命值的近战怪物，附带易伤效果。克制水系，被火系克制，死亡后掉落金系精元"
  },
  "1302": {
    "id": "1302",
    "name": "射手",
    "type": 0,
    "quality": 1,
    "sprite": "sMon_arc",
    "scale": 1,
    "attack": 2,
    "HP": 6,
    "moveType": 1,
    "nearRange": 100,
    "farRange": 600,
    "nearSkill": [
      8102
    ],
    "farSkill": [
      8101
    ],
    "speed": 150,
    "attStiff": 500,
    "beAttStiff": 1,
    "dropID": 90020,
    "desc": "超远输出距离的怪物"
  },
  "1303": {
    "id": "1303",
    "name": "刺客",
    "type": 0,
    "quality": 1,
    "sprite": "sMon_ass",
    "scale": 1,
    "attack": 2.5,
    "HP": 8,
    "moveType": 1,
    "nearRange": 40,
    "farRange": 0,
    "nearSkill": [
      8001
    ],
    "farSkill": null,
    "speed": 250,
    "attStiff": 500,
    "beAttStiff": 1,
    "dropID": 90020,
    "desc": "高速移动的刺客"
  },
  "1307": {
    "id": "1307",
    "name": "精英射手",
    "type": 0,
    "quality": 2,
    "sprite": "sMon_arc",
    "scale": 2,
    "attack": 4,
    "HP": 18,
    "moveType": 1,
    "nearRange": 100,
    "farRange": 600,
    "nearSkill": [
      8102
    ],
    "farSkill": [
      8101
    ],
    "speed": 150,
    "attStiff": 500,
    "beAttStiff": 0.3,
    "dropID": 90020,
    "desc": "超远输出距离的怪物，死亡后掉落普通精元"
  },
  "1308": {
    "id": "1308",
    "name": "精英刺客",
    "type": 0,
    "quality": 2,
    "sprite": "sMon_ass",
    "scale": 2,
    "attack": 5,
    "HP": 24,
    "moveType": 1,
    "nearRange": 40,
    "farRange": 0,
    "nearSkill": [
      8001
    ],
    "farSkill": null,
    "speed": 250,
    "attStiff": 500,
    "beAttStiff": 0.3,
    "dropID": 90020,
    "desc": "高速移动的刺客，死亡后掉落普通精元"
  },
  "1311": {
    "id": "1311",
    "name": "飞机火",
    "type": 1,
    "quality": 1,
    "sprite": "sMon_bird",
    "scale": 1,
    "attack": 1.5,
    "HP": 5,
    "moveType": 2,
    "nearRange": 300,
    "farRange": 0,
    "nearSkill": [
      8101
    ],
    "farSkill": null,
    "speed": 200,
    "attStiff": 500,
    "beAttStiff": 1,
    "dropID": 90021,
    "desc": "可怕的飞行怪，可以穿越货架。克制金系，被水系克制"
  },
  "1316": {
    "id": "1316",
    "name": "精英飞机火",
    "type": 1,
    "quality": 2,
    "sprite": "sMon_bird",
    "scale": 2,
    "attack": 3,
    "HP": 15,
    "moveType": 2,
    "nearRange": 300,
    "farRange": 0,
    "nearSkill": [
      8101
    ],
    "farSkill": null,
    "speed": 200,
    "attStiff": 500,
    "beAttStiff": 0.3,
    "dropID": 90021,
    "desc": "可怕的飞行怪，可以穿越货架。克制金系，被水系克制，死亡后掉落火系精元"
  },
  "1324": {
    "id": "1324",
    "name": "法师水",
    "type": 2,
    "quality": 1,
    "sprite": "sMon_mage",
    "scale": 1,
    "attack": 2.5,
    "HP": 10,
    "moveType": 1,
    "nearRange": 100,
    "farRange": 400,
    "nearSkill": [
      8103
    ],
    "farSkill": [
      8103
    ],
    "speed": 130,
    "attStiff": 500,
    "beAttStiff": 1,
    "dropID": 90022,
    "desc": "使用减速技能的磁暴兵。克制火系，被金系克制"
  },
  "1329": {
    "id": "1329",
    "name": "精英法师水",
    "type": 2,
    "quality": 2,
    "sprite": "sMon_mage",
    "scale": 2,
    "attack": 5,
    "HP": 30,
    "moveType": 1,
    "nearRange": 100,
    "farRange": 600,
    "nearSkill": [
      8103
    ],
    "farSkill": [
      8103
    ],
    "speed": 130,
    "attStiff": 500,
    "beAttStiff": 0.3,
    "dropID": 90022,
    "desc": "使用减速技能的磁暴兵。克制火系，被金系克制，死亡后掉落水系精元"
  },
  "1330": {
    "id": "1330",
    "name": "战士金",
    "type": 3,
    "quality": 1,
    "sprite": "sMon",
    "scale": 1,
    "attack": 1.5,
    "HP": 14,
    "moveType": 1,
    "nearRange": 40,
    "farRange": 500,
    "nearSkill": [
      8001
    ],
    "farSkill": [
      8002
    ],
    "speed": 150,
    "attStiff": 500,
    "beAttStiff": 0.8,
    "dropID": 90023,
    "desc": "高生命值的近战怪物，附带易伤效果。克制水系，被火系克制"
  },
  "1335": {
    "id": "1335",
    "name": "精英战士金",
    "type": 3,
    "quality": 2,
    "sprite": "sMon",
    "scale": 2,
    "attack": 3,
    "HP": 42,
    "moveType": 1,
    "nearRange": 40,
    "farRange": 500,
    "nearSkill": [
      8001
    ],
    "farSkill": [
      8002
    ],
    "speed": 150,
    "attStiff": 500,
    "beAttStiff": 0.2,
    "dropID": 90023,
    "desc": "高生命值的近战怪物，附带易伤效果。克制水系，被火系克制，死亡后掉落金系精元"
  }
}