{
  "1": {
    "id": "1",
    "monGroupMin": 100,
    "monGroupMax": 100,
    "attCoef": 1,
    "hpCoef": 1
  },
  "2": {
    "id": "2",
    "monGroupMin": 101,
    "monGroupMax": 101,
    "attCoef": 1.2,
    "hpCoef": 1.8
  },
  "3": {
    "id": "3",
    "monGroupMin": 102,
    "monGroupMax": 102,
    "attCoef": 1.4,
    "hpCoef": 2.6
  },
  "4": {
    "id": "4",
    "monGroupMin": 103,
    "monGroupMax": 105,
    "attCoef": 1.5999999999999999,
    "hpCoef": 3.4000000000000004
  },
  "5": {
    "id": "5",
    "monGroupMin": 102,
    "monGroupMax": 105,
    "attCoef": 1.7999999999999998,
    "hpCoef": 4.2
  },
  "6": {
    "id": "6",
    "monGroupMin": 101,
    "monGroupMax": 105,
    "attCoef": 1.9999999999999998,
    "hpCoef": 5
  },
  "7": {
    "id": "7",
    "monGroupMin": 111,
    "monGroupMax": 115,
    "attCoef": 2.1999999999999997,
    "hpCoef": 5.8
  },
  "8": {
    "id": "8",
    "monGroupMin": 111,
    "monGroupMax": 115,
    "attCoef": 2.4,
    "hpCoef": 6.6
  },
  "9": {
    "id": "9",
    "monGroupMin": 111,
    "monGroupMax": 115,
    "attCoef": 2.6,
    "hpCoef": 7.3999999999999995
  },
  "10": {
    "id": "10",
    "monGroupMin": 111,
    "monGroupMax": 115,
    "attCoef": 2.8000000000000003,
    "hpCoef": 8.2
  },
  "11": {
    "id": "11",
    "monGroupMin": 111,
    "monGroupMax": 115,
    "attCoef": 3.0000000000000004,
    "hpCoef": 9
  },
  "12": {
    "id": "12",
    "monGroupMin": 111,
    "monGroupMax": 115,
    "attCoef": 3.2000000000000006,
    "hpCoef": 9.8
  },
  "13": {
    "id": "13",
    "monGroupMin": 111,
    "monGroupMax": 115,
    "attCoef": 3.400000000000001,
    "hpCoef": 10.600000000000001
  },
  "14": {
    "id": "14",
    "monGroupMin": 111,
    "monGroupMax": 115,
    "attCoef": 3.600000000000001,
    "hpCoef": 11.400000000000002
  },
  "15": {
    "id": "15",
    "monGroupMin": 111,
    "monGroupMax": 115,
    "attCoef": 3.800000000000001,
    "hpCoef": 12.200000000000003
  },
  "16": {
    "id": "16",
    "monGroupMin": 121,
    "monGroupMax": 125,
    "attCoef": 4.000000000000001,
    "hpCoef": 13.000000000000004
  },
  "17": {
    "id": "17",
    "monGroupMin": 121,
    "monGroupMax": 125,
    "attCoef": 4.200000000000001,
    "hpCoef": 13.800000000000004
  },
  "18": {
    "id": "18",
    "monGroupMin": 121,
    "monGroupMax": 125,
    "attCoef": 4.400000000000001,
    "hpCoef": 14.600000000000005
  },
  "19": {
    "id": "19",
    "monGroupMin": 121,
    "monGroupMax": 125,
    "attCoef": 4.600000000000001,
    "hpCoef": 15.400000000000006
  },
  "20": {
    "id": "20",
    "monGroupMin": 121,
    "monGroupMax": 125,
    "attCoef": 4.800000000000002,
    "hpCoef": 16.200000000000006
  },
  "21": {
    "id": "21",
    "monGroupMin": 121,
    "monGroupMax": 125,
    "attCoef": 5.000000000000002,
    "hpCoef": 17.000000000000007
  },
  "22": {
    "id": "22",
    "monGroupMin": 121,
    "monGroupMax": 125,
    "attCoef": 5.200000000000002,
    "hpCoef": 17.800000000000008
  },
  "23": {
    "id": "23",
    "monGroupMin": 121,
    "monGroupMax": 125,
    "attCoef": 5.400000000000002,
    "hpCoef": 18.60000000000001
  },
  "24": {
    "id": "24",
    "monGroupMin": 121,
    "monGroupMax": 125,
    "attCoef": 5.600000000000002,
    "hpCoef": 19.40000000000001
  },
  "25": {
    "id": "25",
    "monGroupMin": 121,
    "monGroupMax": 125,
    "attCoef": 5.8000000000000025,
    "hpCoef": 20.20000000000001
  },
  "26": {
    "id": "26",
    "monGroupMin": 121,
    "monGroupMax": 125,
    "attCoef": 6.000000000000003,
    "hpCoef": 21.00000000000001
  },
  "27": {
    "id": "27",
    "monGroupMin": 121,
    "monGroupMax": 125,
    "attCoef": 6.200000000000003,
    "hpCoef": 21.80000000000001
  },
  "28": {
    "id": "28",
    "monGroupMin": 121,
    "monGroupMax": 125,
    "attCoef": 6.400000000000003,
    "hpCoef": 22.600000000000012
  },
  "29": {
    "id": "29",
    "monGroupMin": 121,
    "monGroupMax": 125,
    "attCoef": 6.600000000000003,
    "hpCoef": 23.400000000000013
  },
  "30": {
    "id": "30",
    "monGroupMin": 121,
    "monGroupMax": 125,
    "attCoef": 6.800000000000003,
    "hpCoef": 24.200000000000014
  },
  "31": {
    "id": "31",
    "monGroupMin": 121,
    "monGroupMax": 125,
    "attCoef": 7.0000000000000036,
    "hpCoef": 25.000000000000014
  },
  "32": {
    "id": "32",
    "monGroupMin": 121,
    "monGroupMax": 125,
    "attCoef": 7.200000000000004,
    "hpCoef": 25.800000000000015
  },
  "33": {
    "id": "33",
    "monGroupMin": 121,
    "monGroupMax": 125,
    "attCoef": 7.400000000000004,
    "hpCoef": 26.600000000000016
  },
  "34": {
    "id": "34",
    "monGroupMin": 121,
    "monGroupMax": 125,
    "attCoef": 7.600000000000004,
    "hpCoef": 27.400000000000016
  },
  "35": {
    "id": "35",
    "monGroupMin": 121,
    "monGroupMax": 125,
    "attCoef": 7.800000000000004,
    "hpCoef": 28.200000000000017
  },
  "36": {
    "id": "36",
    "monGroupMin": 121,
    "monGroupMax": 125,
    "attCoef": 8.000000000000004,
    "hpCoef": 29.000000000000018
  },
  "37": {
    "id": "37",
    "monGroupMin": 121,
    "monGroupMax": 125,
    "attCoef": 8.200000000000003,
    "hpCoef": 29.80000000000002
  },
  "38": {
    "id": "38",
    "monGroupMin": 121,
    "monGroupMax": 125,
    "attCoef": 8.400000000000002,
    "hpCoef": 30.60000000000002
  },
  "39": {
    "id": "39",
    "monGroupMin": 121,
    "monGroupMax": 125,
    "attCoef": 8.600000000000001,
    "hpCoef": 31.40000000000002
  },
  "40": {
    "id": "40",
    "monGroupMin": 121,
    "monGroupMax": 125,
    "attCoef": 8.8,
    "hpCoef": 32.20000000000002
  }
}