{
  "31101": {
    "id": "31101",
    "name": "烤箱A",
    "quality": 1,
    "type": 1,
    "sprite": "sShelf",
    "space": 2,
    "addInterest": 2,
    "towerSprite": "sTower",
    "attack": 0.8,
    "attRange": 1000,
    "attCD": 400,
    "attStiff": 100,
    "bulletID": 911,
    "shoot_x": 30,
    "shoot_y": 0,
    "price": 1,
    "desc": "这是一个烤箱A，攻速较高",
    "leftBtn": "左键点击可放置在场景中",
    "rightBtn": "右键点击可三合一升级"
  },
  "31102": {
    "id": "31102",
    "name": "烤箱A",
    "quality": 1,
    "type": 1,
    "sprite": "sShelf",
    "space": 2,
    "addInterest": 4,
    "towerSprite": "sTower",
    "attack": 1.6,
    "attRange": 1000,
    "attCD": 400,
    "attStiff": 100,
    "bulletID": 911,
    "shoot_x": 30,
    "shoot_y": 0,
    "price": 3,
    "desc": "这是一个烤箱A，攻速较高",
    "leftBtn": "左键点击可放置在场景中",
    "rightBtn": "右键点击可三合一升级"
  },
  "31103": {
    "id": "31103",
    "name": "烤箱A",
    "quality": 1,
    "type": 1,
    "sprite": "sShelf",
    "space": 2,
    "addInterest": 8,
    "towerSprite": "sTower",
    "attack": 3.2,
    "attRange": 1000,
    "attCD": 400,
    "attStiff": 100,
    "bulletID": 911,
    "shoot_x": 30,
    "shoot_y": 0,
    "price": 9,
    "desc": "这是一个烤箱A，攻速较高",
    "leftBtn": "左键点击可放置在场景中",
    "rightBtn": "已升至满级"
  },
  "31201": {
    "id": "31201",
    "name": "烤箱B",
    "quality": 2,
    "type": 1,
    "sprite": "sShelf",
    "space": 2,
    "addInterest": 3,
    "towerSprite": "sTower",
    "attack": 1.2,
    "attRange": 1000,
    "attCD": 400,
    "attStiff": 100,
    "bulletID": 911,
    "shoot_x": 30,
    "shoot_y": 0,
    "price": 3,
    "desc": "这是一个烤箱B，攻速较高",
    "leftBtn": "左键点击可放置在场景中",
    "rightBtn": "右键点击可三合一升级"
  },
  "31202": {
    "id": "31202",
    "name": "烤箱B",
    "quality": 2,
    "type": 1,
    "sprite": "sShelf",
    "space": 2,
    "addInterest": 6,
    "towerSprite": "sTower",
    "attack": 2.4,
    "attRange": 1000,
    "attCD": 400,
    "attStiff": 100,
    "bulletID": 911,
    "shoot_x": 30,
    "shoot_y": 0,
    "price": 9,
    "desc": "这是一个烤箱B，攻速较高",
    "leftBtn": "左键点击可放置在场景中",
    "rightBtn": "右键点击可三合一升级"
  },
  "31203": {
    "id": "31203",
    "name": "烤箱B",
    "quality": 2,
    "type": 1,
    "sprite": "sShelf",
    "space": 2,
    "addInterest": 12,
    "towerSprite": "sTower",
    "attack": 4.8,
    "attRange": 1000,
    "attCD": 400,
    "attStiff": 100,
    "bulletID": 911,
    "shoot_x": 30,
    "shoot_y": 0,
    "price": 27,
    "desc": "这是一个烤箱B，攻速较高",
    "leftBtn": "左键点击可放置在场景中",
    "rightBtn": "已升至满级"
  },
  "31301": {
    "id": "31301",
    "name": "烤箱C",
    "quality": 3,
    "type": 1,
    "sprite": "sShelf",
    "space": 2,
    "addInterest": 4,
    "towerSprite": "sTower",
    "attack": 1.6,
    "attRange": 1000,
    "attCD": 400,
    "attStiff": 100,
    "bulletID": 911,
    "shoot_x": 30,
    "shoot_y": 0,
    "price": 5,
    "desc": "这是一个烤箱C，攻速较高",
    "leftBtn": "左键点击可放置在场景中",
    "rightBtn": "右键点击可三合一升级"
  },
  "31302": {
    "id": "31302",
    "name": "烤箱C",
    "quality": 3,
    "type": 1,
    "sprite": "sShelf",
    "space": 2,
    "addInterest": 8,
    "towerSprite": "sTower",
    "attack": 3.2,
    "attRange": 1000,
    "attCD": 400,
    "attStiff": 100,
    "bulletID": 911,
    "shoot_x": 30,
    "shoot_y": 0,
    "price": 15,
    "desc": "这是一个烤箱C，攻速较高",
    "leftBtn": "左键点击可放置在场景中",
    "rightBtn": "右键点击可三合一升级"
  },
  "31303": {
    "id": "31303",
    "name": "烤箱C",
    "quality": 3,
    "type": 1,
    "sprite": "sShelf",
    "space": 2,
    "addInterest": 16,
    "towerSprite": "sTower",
    "attack": 6.4,
    "attRange": 1000,
    "attCD": 400,
    "attStiff": 100,
    "bulletID": 911,
    "shoot_x": 30,
    "shoot_y": 0,
    "price": 45,
    "desc": "这是一个烤箱C，攻速较高",
    "leftBtn": "左键点击可放置在场景中",
    "rightBtn": "已升至满级"
  },
  "31401": {
    "id": "31401",
    "name": "烤箱D",
    "quality": 4,
    "type": 1,
    "sprite": "sShelf",
    "space": 2,
    "addInterest": 5,
    "towerSprite": "sTower",
    "attack": 2,
    "attRange": 1000,
    "attCD": 400,
    "attStiff": 100,
    "bulletID": 911,
    "shoot_x": 30,
    "shoot_y": 0,
    "price": 7,
    "desc": "这是一个烤箱D，攻速较高",
    "leftBtn": "左键点击可放置在场景中",
    "rightBtn": "右键点击可三合一升级"
  },
  "31402": {
    "id": "31402",
    "name": "烤箱D",
    "quality": 4,
    "type": 1,
    "sprite": "sShelf",
    "space": 2,
    "addInterest": 10,
    "towerSprite": "sTower",
    "attack": 4,
    "attRange": 1000,
    "attCD": 400,
    "attStiff": 100,
    "bulletID": 911,
    "shoot_x": 30,
    "shoot_y": 0,
    "price": 21,
    "desc": "这是一个烤箱D，攻速较高",
    "leftBtn": "左键点击可放置在场景中",
    "rightBtn": "右键点击可三合一升级"
  },
  "31403": {
    "id": "31403",
    "name": "烤箱D",
    "quality": 4,
    "type": 1,
    "sprite": "sShelf",
    "space": 2,
    "addInterest": 20,
    "towerSprite": "sTower",
    "attack": 8,
    "attRange": 1000,
    "attCD": 400,
    "attStiff": 100,
    "bulletID": 911,
    "shoot_x": 30,
    "shoot_y": 0,
    "price": 63,
    "desc": "这是一个烤箱D，攻速较高",
    "leftBtn": "左键点击可放置在场景中",
    "rightBtn": "已升至满级"
  },
  "31501": {
    "id": "31501",
    "name": "烤箱E",
    "quality": 5,
    "type": 1,
    "sprite": "sShelf",
    "space": 2,
    "addInterest": 6,
    "towerSprite": "sTower",
    "attack": 2.4,
    "attRange": 1000,
    "attCD": 400,
    "attStiff": 100,
    "bulletID": 911,
    "shoot_x": 30,
    "shoot_y": 0,
    "price": 9,
    "desc": "这是一个烤箱E，攻速较高",
    "leftBtn": "左键点击可放置在场景中",
    "rightBtn": "右键点击可三合一升级"
  },
  "31502": {
    "id": "31502",
    "name": "烤箱E",
    "quality": 5,
    "type": 1,
    "sprite": "sShelf",
    "space": 2,
    "addInterest": 12,
    "towerSprite": "sTower",
    "attack": 4.8,
    "attRange": 1000,
    "attCD": 400,
    "attStiff": 100,
    "bulletID": 911,
    "shoot_x": 30,
    "shoot_y": 0,
    "price": 27,
    "desc": "这是一个烤箱E，攻速较高",
    "leftBtn": "左键点击可放置在场景中",
    "rightBtn": "右键点击可三合一升级"
  },
  "31503": {
    "id": "31503",
    "name": "烤箱E",
    "quality": 5,
    "type": 1,
    "sprite": "sShelf",
    "space": 2,
    "addInterest": 24,
    "towerSprite": "sTower",
    "attack": 9.6,
    "attRange": 1000,
    "attCD": 400,
    "attStiff": 100,
    "bulletID": 911,
    "shoot_x": 30,
    "shoot_y": 0,
    "price": 81,
    "desc": "这是一个烤箱E，攻速较高",
    "leftBtn": "左键点击可放置在场景中",
    "rightBtn": "已升至满级"
  },
  "32101": {
    "id": "32101",
    "name": "冷柜A",
    "quality": 1,
    "type": 2,
    "sprite": "sShelf2",
    "space": 2,
    "addInterest": 2,
    "towerSprite": "sTower2",
    "attack": 1.1,
    "attRange": 500,
    "attCD": 700,
    "attStiff": 200,
    "bulletID": 921,
    "shoot_x": 30,
    "shoot_y": 0,
    "price": 2,
    "desc": "这是一个冷柜A，给怪物施加减速效果",
    "leftBtn": "左键点击可放置在场景中（需靠墙）",
    "rightBtn": "右键点击可三合一升级"
  },
  "32102": {
    "id": "32102",
    "name": "冷柜A",
    "quality": 1,
    "type": 2,
    "sprite": "sShelf2",
    "space": 2,
    "addInterest": 4,
    "towerSprite": "sTower2",
    "attack": 2.2,
    "attRange": 500,
    "attCD": 700,
    "attStiff": 200,
    "bulletID": 921,
    "shoot_x": 30,
    "shoot_y": 0,
    "price": 5,
    "desc": "这是一个冷柜A，给怪物施加减速效果",
    "leftBtn": "左键点击可放置在场景中（需靠墙）",
    "rightBtn": "右键点击可三合一升级"
  },
  "32103": {
    "id": "32103",
    "name": "冷柜A",
    "quality": 1,
    "type": 2,
    "sprite": "sShelf2",
    "space": 2,
    "addInterest": 8,
    "towerSprite": "sTower2",
    "attack": 4.5,
    "attRange": 500,
    "attCD": 700,
    "attStiff": 200,
    "bulletID": 921,
    "shoot_x": 30,
    "shoot_y": 0,
    "price": 14,
    "desc": "这是一个冷柜A，给怪物施加减速效果",
    "leftBtn": "左键点击可放置在场景中（需靠墙）",
    "rightBtn": "已升至满级"
  },
  "32201": {
    "id": "32201",
    "name": "冷柜B",
    "quality": 2,
    "type": 2,
    "sprite": "sShelf2",
    "space": 2,
    "addInterest": 3,
    "towerSprite": "sTower2",
    "attack": 1.7,
    "attRange": 500,
    "attCD": 700,
    "attStiff": 200,
    "bulletID": 921,
    "shoot_x": 30,
    "shoot_y": 0,
    "price": 5,
    "desc": "这是一个冷柜B，给怪物施加减速效果",
    "leftBtn": "左键点击可放置在场景中（需靠墙）",
    "rightBtn": "右键点击可三合一升级"
  },
  "32202": {
    "id": "32202",
    "name": "冷柜B",
    "quality": 2,
    "type": 2,
    "sprite": "sShelf2",
    "space": 2,
    "addInterest": 6,
    "towerSprite": "sTower2",
    "attack": 3.4,
    "attRange": 500,
    "attCD": 700,
    "attStiff": 200,
    "bulletID": 921,
    "shoot_x": 30,
    "shoot_y": 0,
    "price": 14,
    "desc": "这是一个冷柜B，给怪物施加减速效果",
    "leftBtn": "左键点击可放置在场景中（需靠墙）",
    "rightBtn": "右键点击可三合一升级"
  },
  "32203": {
    "id": "32203",
    "name": "冷柜B",
    "quality": 2,
    "type": 2,
    "sprite": "sShelf2",
    "space": 2,
    "addInterest": 12,
    "towerSprite": "sTower2",
    "attack": 6.7,
    "attRange": 500,
    "attCD": 700,
    "attStiff": 200,
    "bulletID": 921,
    "shoot_x": 30,
    "shoot_y": 0,
    "price": 41,
    "desc": "这是一个冷柜B，给怪物施加减速效果",
    "leftBtn": "左键点击可放置在场景中（需靠墙）",
    "rightBtn": "已升至满级"
  },
  "32301": {
    "id": "32301",
    "name": "冷柜C",
    "quality": 3,
    "type": 2,
    "sprite": "sShelf2",
    "space": 2,
    "addInterest": 4,
    "towerSprite": "sTower2",
    "attack": 2.2,
    "attRange": 500,
    "attCD": 700,
    "attStiff": 200,
    "bulletID": 921,
    "shoot_x": 30,
    "shoot_y": 0,
    "price": 8,
    "desc": "这是一个冷柜C，给怪物施加减速效果",
    "leftBtn": "左键点击可放置在场景中（需靠墙）",
    "rightBtn": "右键点击可三合一升级"
  },
  "32302": {
    "id": "32302",
    "name": "冷柜C",
    "quality": 3,
    "type": 2,
    "sprite": "sShelf2",
    "space": 2,
    "addInterest": 8,
    "towerSprite": "sTower2",
    "attack": 4.5,
    "attRange": 500,
    "attCD": 700,
    "attStiff": 200,
    "bulletID": 921,
    "shoot_x": 30,
    "shoot_y": 0,
    "price": 23,
    "desc": "这是一个冷柜C，给怪物施加减速效果",
    "leftBtn": "左键点击可放置在场景中（需靠墙）",
    "rightBtn": "右键点击可三合一升级"
  },
  "32303": {
    "id": "32303",
    "name": "冷柜C",
    "quality": 3,
    "type": 2,
    "sprite": "sShelf2",
    "space": 2,
    "addInterest": 16,
    "towerSprite": "sTower2",
    "attack": 9,
    "attRange": 500,
    "attCD": 700,
    "attStiff": 200,
    "bulletID": 921,
    "shoot_x": 30,
    "shoot_y": 0,
    "price": 68,
    "desc": "这是一个冷柜C，给怪物施加减速效果",
    "leftBtn": "左键点击可放置在场景中（需靠墙）",
    "rightBtn": "已升至满级"
  },
  "32401": {
    "id": "32401",
    "name": "冷柜D",
    "quality": 4,
    "type": 2,
    "sprite": "sShelf2",
    "space": 2,
    "addInterest": 5,
    "towerSprite": "sTower2",
    "attack": 2.8,
    "attRange": 500,
    "attCD": 700,
    "attStiff": 200,
    "bulletID": 921,
    "shoot_x": 30,
    "shoot_y": 0,
    "price": 11,
    "desc": "这是一个冷柜D，给怪物施加减速效果",
    "leftBtn": "左键点击可放置在场景中（需靠墙）",
    "rightBtn": "右键点击可三合一升级"
  },
  "32402": {
    "id": "32402",
    "name": "冷柜D",
    "quality": 4,
    "type": 2,
    "sprite": "sShelf2",
    "space": 2,
    "addInterest": 10,
    "towerSprite": "sTower2",
    "attack": 5.6,
    "attRange": 500,
    "attCD": 700,
    "attStiff": 200,
    "bulletID": 921,
    "shoot_x": 30,
    "shoot_y": 0,
    "price": 32,
    "desc": "这是一个冷柜D，给怪物施加减速效果",
    "leftBtn": "左键点击可放置在场景中（需靠墙）",
    "rightBtn": "右键点击可三合一升级"
  },
  "32403": {
    "id": "32403",
    "name": "冷柜D",
    "quality": 4,
    "type": 2,
    "sprite": "sShelf2",
    "space": 2,
    "addInterest": 20,
    "towerSprite": "sTower2",
    "attack": 11.2,
    "attRange": 500,
    "attCD": 700,
    "attStiff": 200,
    "bulletID": 921,
    "shoot_x": 30,
    "shoot_y": 0,
    "price": 95,
    "desc": "这是一个冷柜D，给怪物施加减速效果",
    "leftBtn": "左键点击可放置在场景中（需靠墙）",
    "rightBtn": "已升至满级"
  },
  "32501": {
    "id": "32501",
    "name": "冷柜E",
    "quality": 5,
    "type": 2,
    "sprite": "sShelf2",
    "space": 2,
    "addInterest": 6,
    "towerSprite": "sTower2",
    "attack": 3.4,
    "attRange": 500,
    "attCD": 700,
    "attStiff": 200,
    "bulletID": 921,
    "shoot_x": 30,
    "shoot_y": 0,
    "price": 14,
    "desc": "这是一个冷柜E，给怪物施加减速效果",
    "leftBtn": "左键点击可放置在场景中（需靠墙）",
    "rightBtn": "右键点击可三合一升级"
  },
  "32502": {
    "id": "32502",
    "name": "冷柜E",
    "quality": 5,
    "type": 2,
    "sprite": "sShelf2",
    "space": 2,
    "addInterest": 12,
    "towerSprite": "sTower2",
    "attack": 6.7,
    "attRange": 500,
    "attCD": 700,
    "attStiff": 200,
    "bulletID": 921,
    "shoot_x": 30,
    "shoot_y": 0,
    "price": 41,
    "desc": "这是一个冷柜E，给怪物施加减速效果",
    "leftBtn": "左键点击可放置在场景中（需靠墙）",
    "rightBtn": "右键点击可三合一升级"
  },
  "32503": {
    "id": "32503",
    "name": "冷柜E",
    "quality": 5,
    "type": 2,
    "sprite": "sShelf2",
    "space": 2,
    "addInterest": 24,
    "towerSprite": "sTower2",
    "attack": 13.4,
    "attRange": 500,
    "attCD": 700,
    "attStiff": 200,
    "bulletID": 921,
    "shoot_x": 30,
    "shoot_y": 0,
    "price": 122,
    "desc": "这是一个冷柜E，给怪物施加减速效果",
    "leftBtn": "左键点击可放置在场景中（需靠墙）",
    "rightBtn": "已升至满级"
  },
  "33101": {
    "id": "33101",
    "name": "柜台A",
    "quality": 1,
    "type": 3,
    "sprite": "sShelf3",
    "space": 2,
    "addInterest": 2,
    "towerSprite": "sTower3",
    "attack": 1.2,
    "attRange": 400,
    "attCD": 500,
    "attStiff": 200,
    "bulletID": 931,
    "shoot_x": 30,
    "shoot_y": 0,
    "price": 2,
    "desc": "这是一个柜台A，给怪物施加易伤效果",
    "leftBtn": "左键点击可放置在场景中",
    "rightBtn": "右键点击可三合一升级"
  },
  "33102": {
    "id": "33102",
    "name": "柜台A",
    "quality": 1,
    "type": 3,
    "sprite": "sShelf3",
    "space": 2,
    "addInterest": 4,
    "towerSprite": "sTower3",
    "attack": 2.4,
    "attRange": 400,
    "attCD": 500,
    "attStiff": 200,
    "bulletID": 931,
    "shoot_x": 30,
    "shoot_y": 0,
    "price": 6,
    "desc": "这是一个柜台A，给怪物施加易伤效果",
    "leftBtn": "左键点击可放置在场景中",
    "rightBtn": "右键点击可三合一升级"
  },
  "33103": {
    "id": "33103",
    "name": "柜台A",
    "quality": 1,
    "type": 3,
    "sprite": "sShelf3",
    "space": 2,
    "addInterest": 8,
    "towerSprite": "sTower3",
    "attack": 4.8,
    "attRange": 400,
    "attCD": 500,
    "attStiff": 200,
    "bulletID": 931,
    "shoot_x": 30,
    "shoot_y": 0,
    "price": 18,
    "desc": "这是一个柜台A，给怪物施加易伤效果",
    "leftBtn": "左键点击可放置在场景中",
    "rightBtn": "已升至满级"
  },
  "33201": {
    "id": "33201",
    "name": "柜台B",
    "quality": 2,
    "type": 3,
    "sprite": "sShelf3",
    "space": 2,
    "addInterest": 3,
    "towerSprite": "sTower3",
    "attack": 1.8,
    "attRange": 400,
    "attCD": 500,
    "attStiff": 200,
    "bulletID": 931,
    "shoot_x": 30,
    "shoot_y": 0,
    "price": 6,
    "desc": "这是一个柜台B，给怪物施加易伤效果",
    "leftBtn": "左键点击可放置在场景中",
    "rightBtn": "右键点击可三合一升级"
  },
  "33202": {
    "id": "33202",
    "name": "柜台B",
    "quality": 2,
    "type": 3,
    "sprite": "sShelf3",
    "space": 2,
    "addInterest": 6,
    "towerSprite": "sTower3",
    "attack": 3.6,
    "attRange": 400,
    "attCD": 500,
    "attStiff": 200,
    "bulletID": 931,
    "shoot_x": 30,
    "shoot_y": 0,
    "price": 18,
    "desc": "这是一个柜台B，给怪物施加易伤效果",
    "leftBtn": "左键点击可放置在场景中",
    "rightBtn": "右键点击可三合一升级"
  },
  "33203": {
    "id": "33203",
    "name": "柜台B",
    "quality": 2,
    "type": 3,
    "sprite": "sShelf3",
    "space": 2,
    "addInterest": 12,
    "towerSprite": "sTower3",
    "attack": 7.2,
    "attRange": 400,
    "attCD": 500,
    "attStiff": 200,
    "bulletID": 931,
    "shoot_x": 30,
    "shoot_y": 0,
    "price": 54,
    "desc": "这是一个柜台B，给怪物施加易伤效果",
    "leftBtn": "左键点击可放置在场景中",
    "rightBtn": "已升至满级"
  },
  "33301": {
    "id": "33301",
    "name": "柜台C",
    "quality": 3,
    "type": 3,
    "sprite": "sShelf3",
    "space": 2,
    "addInterest": 4,
    "towerSprite": "sTower3",
    "attack": 2.4,
    "attRange": 400,
    "attCD": 500,
    "attStiff": 200,
    "bulletID": 931,
    "shoot_x": 30,
    "shoot_y": 0,
    "price": 10,
    "desc": "这是一个柜台C，给怪物施加易伤效果",
    "leftBtn": "左键点击可放置在场景中",
    "rightBtn": "右键点击可三合一升级"
  },
  "33302": {
    "id": "33302",
    "name": "柜台C",
    "quality": 3,
    "type": 3,
    "sprite": "sShelf3",
    "space": 2,
    "addInterest": 8,
    "towerSprite": "sTower3",
    "attack": 4.8,
    "attRange": 400,
    "attCD": 500,
    "attStiff": 200,
    "bulletID": 931,
    "shoot_x": 30,
    "shoot_y": 0,
    "price": 30,
    "desc": "这是一个柜台C，给怪物施加易伤效果",
    "leftBtn": "左键点击可放置在场景中",
    "rightBtn": "右键点击可三合一升级"
  },
  "33303": {
    "id": "33303",
    "name": "柜台C",
    "quality": 3,
    "type": 3,
    "sprite": "sShelf3",
    "space": 2,
    "addInterest": 16,
    "towerSprite": "sTower3",
    "attack": 9.6,
    "attRange": 400,
    "attCD": 500,
    "attStiff": 200,
    "bulletID": 931,
    "shoot_x": 30,
    "shoot_y": 0,
    "price": 90,
    "desc": "这是一个柜台C，给怪物施加易伤效果",
    "leftBtn": "左键点击可放置在场景中",
    "rightBtn": "已升至满级"
  },
  "33401": {
    "id": "33401",
    "name": "柜台D",
    "quality": 4,
    "type": 3,
    "sprite": "sShelf3",
    "space": 2,
    "addInterest": 5,
    "towerSprite": "sTower3",
    "attack": 3,
    "attRange": 400,
    "attCD": 500,
    "attStiff": 200,
    "bulletID": 931,
    "shoot_x": 30,
    "shoot_y": 0,
    "price": 14,
    "desc": "这是一个柜台D，给怪物施加易伤效果",
    "leftBtn": "左键点击可放置在场景中",
    "rightBtn": "右键点击可三合一升级"
  },
  "33402": {
    "id": "33402",
    "name": "柜台D",
    "quality": 4,
    "type": 3,
    "sprite": "sShelf3",
    "space": 2,
    "addInterest": 10,
    "towerSprite": "sTower3",
    "attack": 6,
    "attRange": 400,
    "attCD": 500,
    "attStiff": 200,
    "bulletID": 931,
    "shoot_x": 30,
    "shoot_y": 0,
    "price": 42,
    "desc": "这是一个柜台D，给怪物施加易伤效果",
    "leftBtn": "左键点击可放置在场景中",
    "rightBtn": "右键点击可三合一升级"
  },
  "33403": {
    "id": "33403",
    "name": "柜台D",
    "quality": 4,
    "type": 3,
    "sprite": "sShelf3",
    "space": 2,
    "addInterest": 20,
    "towerSprite": "sTower3",
    "attack": 12,
    "attRange": 400,
    "attCD": 500,
    "attStiff": 200,
    "bulletID": 931,
    "shoot_x": 30,
    "shoot_y": 0,
    "price": 126,
    "desc": "这是一个柜台D，给怪物施加易伤效果",
    "leftBtn": "左键点击可放置在场景中",
    "rightBtn": "已升至满级"
  },
  "33501": {
    "id": "33501",
    "name": "柜台E",
    "quality": 5,
    "type": 3,
    "sprite": "sShelf3",
    "space": 2,
    "addInterest": 6,
    "towerSprite": "sTower3",
    "attack": 3.6,
    "attRange": 400,
    "attCD": 500,
    "attStiff": 200,
    "bulletID": 931,
    "shoot_x": 30,
    "shoot_y": 0,
    "price": 18,
    "desc": "这是一个柜台E，给怪物施加易伤效果",
    "leftBtn": "左键点击可放置在场景中",
    "rightBtn": "右键点击可三合一升级"
  },
  "33502": {
    "id": "33502",
    "name": "柜台E",
    "quality": 5,
    "type": 3,
    "sprite": "sShelf3",
    "space": 2,
    "addInterest": 12,
    "towerSprite": "sTower3",
    "attack": 7.2,
    "attRange": 400,
    "attCD": 500,
    "attStiff": 200,
    "bulletID": 931,
    "shoot_x": 30,
    "shoot_y": 0,
    "price": 54,
    "desc": "这是一个柜台E，给怪物施加易伤效果",
    "leftBtn": "左键点击可放置在场景中",
    "rightBtn": "右键点击可三合一升级"
  },
  "33503": {
    "id": "33503",
    "name": "柜台E",
    "quality": 5,
    "type": 3,
    "sprite": "sShelf3",
    "space": 2,
    "addInterest": 24,
    "towerSprite": "sTower3",
    "attack": 14.4,
    "attRange": 400,
    "attCD": 500,
    "attStiff": 200,
    "bulletID": 931,
    "shoot_x": 30,
    "shoot_y": 0,
    "price": 162,
    "desc": "这是一个柜台E，给怪物施加易伤效果",
    "leftBtn": "左键点击可放置在场景中",
    "rightBtn": "已升至满级"
  },
  "null": {
    "id": null,
    "name": null,
    "quality": null,
    "type": null,
    "sprite": null,
    "space": null,
    "addInterest": null,
    "towerSprite": null,
    "attack": null,
    "attRange": null,
    "attCD": null,
    "attStiff": null,
    "bulletID": null,
    "shoot_x": null,
    "shoot_y": null,
    "price": null,
    "desc": null,
    "leftBtn": null,
    "rightBtn": null
  }
}