{
  "8001": {
    "id": "8001",
    "name": "战士普攻",
    "CD": 1000,
    "prob": 1000,
    "duration": 1000,
    "type": 1,
    "cycle": 0,
    "harmCoef": 1000,
    "moveTime": 0,
    "moveSpeed": 0,
    "moveDir": 0
  },
  "8002": {
    "id": "8002",
    "name": "冲锋",
    "CD": 10000,
    "prob": 500,
    "duration": 3000,
    "type": 1,
    "cycle": 1,
    "harmCoef": 2000,
    "moveTime": 3000,
    "moveSpeed": 200,
    "moveDir": 1
  },
  "8101": {
    "id": "8101",
    "name": "远程普攻",
    "CD": 1000,
    "prob": 1000,
    "duration": 1500,
    "type": 2,
    "cycle": 0,
    "harmCoef": 1000,
    "moveTime": 0,
    "moveSpeed": 0,
    "moveDir": 0,
    "bullets": [
      {
        "bulletID": 941,
        "ejectTime": 500,
        "angle": 0
      }
    ]
  },
  "8102": {
    "id": "8102",
    "name": "后跳射击",
    "CD": 5000,
    "prob": 500,
    "duration": 2000,
    "type": 2,
    "cycle": 0,
    "harmCoef": 1000,
    "moveTime": 1000,
    "moveSpeed": 200,
    "moveDir": -1,
    "bullets": [
      {
        "bulletID": 941,
        "ejectTime": 500,
        "angle": 0
      },
      {
        "bulletID": 941,
        "ejectTime": 1500,
        "angle": 45
      },
      {
        "bulletID": 941,
        "ejectTime": 1500,
        "angle": -45
      }
    ]
  },
  "8103": {
    "id": "8103",
    "name": "减速攻击",
    "CD": 2000,
    "prob": 1000,
    "duration": 2000,
    "type": 2,
    "cycle": 0,
    "harmCoef": 1000,
    "moveTime": 0,
    "moveSpeed": 0,
    "moveDir": 0,
    "bullets": [
      {
        "bulletID": 942,
        "ejectTime": 500,
        "angle": 0
      }
    ]
  }
}