{
  "21101": {
    "id": "21101",
    "name": "激光枪A",
    "type": 1,
    "quality": 1,
    "sprite": "sWeapon",
    "attack": 1.2,
    "HP": 20,
    "attRange": 50,
    "attCD": 400,
    "attStiff": 200,
    "beAttStiff": 1,
    "bulletID": 911,
    "price": 3,
    "desc": "射出红色激光，可快速穿透所有敌人",
    "leftBtn": "左键点击可穿戴",
    "rightBtn": "右键点击可三合一升级"
  },
  "21102": {
    "id": "21102",
    "name": "激光枪A",
    "type": 1,
    "quality": 1,
    "sprite": "sWeapon",
    "attack": 2.4,
    "HP": 30,
    "attRange": 50,
    "attCD": 400,
    "attStiff": 200,
    "beAttStiff": 1,
    "bulletID": 911,
    "price": 9,
    "desc": "射出红色激光，可快速穿透所有敌人",
    "leftBtn": "左键点击可穿戴",
    "rightBtn": "右键点击可三合一升级"
  },
  "21103": {
    "id": "21103",
    "name": "激光枪A",
    "type": 1,
    "quality": 1,
    "sprite": "sWeapon",
    "attack": 4.8,
    "HP": 45,
    "attRange": 50,
    "attCD": 400,
    "attStiff": 200,
    "beAttStiff": 1,
    "bulletID": 911,
    "price": 27,
    "desc": "射出红色激光，可快速穿透所有敌人",
    "leftBtn": "左键点击可穿戴",
    "rightBtn": "已升至满级"
  },
  "21201": {
    "id": "21201",
    "name": "激光枪B",
    "type": 1,
    "quality": 2,
    "sprite": "sWeapon",
    "attack": 1.6,
    "HP": 25,
    "attRange": 50,
    "attCD": 400,
    "attStiff": 200,
    "beAttStiff": 1,
    "bulletID": 911,
    "price": 5,
    "desc": "射出红色激光，可快速穿透所有敌人",
    "leftBtn": "左键点击可穿戴",
    "rightBtn": "右键点击可三合一升级"
  },
  "21202": {
    "id": "21202",
    "name": "激光枪B",
    "type": 1,
    "quality": 2,
    "sprite": "sWeapon",
    "attack": 3.1,
    "HP": 38,
    "attRange": 50,
    "attCD": 400,
    "attStiff": 200,
    "beAttStiff": 1,
    "bulletID": 911,
    "price": 15,
    "desc": "射出红色激光，可快速穿透所有敌人",
    "leftBtn": "左键点击可穿戴",
    "rightBtn": "右键点击可三合一升级"
  },
  "21203": {
    "id": "21203",
    "name": "激光枪B",
    "type": 1,
    "quality": 2,
    "sprite": "sWeapon",
    "attack": 6.2,
    "HP": 56,
    "attRange": 50,
    "attCD": 400,
    "attStiff": 200,
    "beAttStiff": 1,
    "bulletID": 911,
    "price": 45,
    "desc": "射出红色激光，可快速穿透所有敌人",
    "leftBtn": "左键点击可穿戴",
    "rightBtn": "已升至满级"
  },
  "21301": {
    "id": "21301",
    "name": "激光枪C",
    "type": 1,
    "quality": 3,
    "sprite": "sWeapon",
    "attack": 1.9,
    "HP": 30,
    "attRange": 50,
    "attCD": 400,
    "attStiff": 200,
    "beAttStiff": 1,
    "bulletID": 911,
    "price": 10,
    "desc": "射出红色激光，可快速穿透所有敌人",
    "leftBtn": "左键点击可穿戴",
    "rightBtn": "右键点击可三合一升级"
  },
  "21302": {
    "id": "21302",
    "name": "激光枪C",
    "type": 1,
    "quality": 3,
    "sprite": "sWeapon",
    "attack": 3.8,
    "HP": 45,
    "attRange": 50,
    "attCD": 400,
    "attStiff": 200,
    "beAttStiff": 1,
    "bulletID": 911,
    "price": 30,
    "desc": "射出红色激光，可快速穿透所有敌人",
    "leftBtn": "左键点击可穿戴",
    "rightBtn": "右键点击可三合一升级"
  },
  "21303": {
    "id": "21303",
    "name": "激光枪C",
    "type": 1,
    "quality": 3,
    "sprite": "sWeapon",
    "attack": 7.7,
    "HP": 68,
    "attRange": 50,
    "attCD": 400,
    "attStiff": 200,
    "beAttStiff": 1,
    "bulletID": 911,
    "price": 90,
    "desc": "射出红色激光，可快速穿透所有敌人",
    "leftBtn": "左键点击可穿戴",
    "rightBtn": "已升至满级"
  },
  "21401": {
    "id": "21401",
    "name": "激光枪D",
    "type": 1,
    "quality": 4,
    "sprite": "sWeapon",
    "attack": 2.3,
    "HP": 35,
    "attRange": 50,
    "attCD": 400,
    "attStiff": 200,
    "beAttStiff": 1,
    "bulletID": 911,
    "price": 15,
    "desc": "射出红色激光，可快速穿透所有敌人",
    "leftBtn": "左键点击可穿戴",
    "rightBtn": "右键点击可三合一升级"
  },
  "21402": {
    "id": "21402",
    "name": "激光枪D",
    "type": 1,
    "quality": 4,
    "sprite": "sWeapon",
    "attack": 4.6,
    "HP": 53,
    "attRange": 50,
    "attCD": 400,
    "attStiff": 200,
    "beAttStiff": 1,
    "bulletID": 911,
    "price": 45,
    "desc": "射出红色激光，可快速穿透所有敌人",
    "leftBtn": "左键点击可穿戴",
    "rightBtn": "右键点击可三合一升级"
  },
  "21403": {
    "id": "21403",
    "name": "激光枪D",
    "type": 1,
    "quality": 4,
    "sprite": "sWeapon",
    "attack": 9.1,
    "HP": 79,
    "attRange": 50,
    "attCD": 400,
    "attStiff": 200,
    "beAttStiff": 1,
    "bulletID": 911,
    "price": 135,
    "desc": "射出红色激光，可快速穿透所有敌人",
    "leftBtn": "左键点击可穿戴",
    "rightBtn": "已升至满级"
  },
  "21501": {
    "id": "21501",
    "name": "激光枪E",
    "type": 1,
    "quality": 5,
    "sprite": "sWeapon",
    "attack": 2.6,
    "HP": 40,
    "attRange": 50,
    "attCD": 400,
    "attStiff": 200,
    "beAttStiff": 1,
    "bulletID": 911,
    "price": 20,
    "desc": "射出红色激光，可快速穿透所有敌人",
    "leftBtn": "左键点击可穿戴",
    "rightBtn": "右键点击可三合一升级"
  },
  "21502": {
    "id": "21502",
    "name": "激光枪E",
    "type": 1,
    "quality": 5,
    "sprite": "sWeapon",
    "attack": 5.3,
    "HP": 60,
    "attRange": 50,
    "attCD": 400,
    "attStiff": 200,
    "beAttStiff": 1,
    "bulletID": 911,
    "price": 60,
    "desc": "射出红色激光，可快速穿透所有敌人",
    "leftBtn": "左键点击可穿戴",
    "rightBtn": "右键点击可三合一升级"
  },
  "21503": {
    "id": "21503",
    "name": "激光枪E",
    "type": 1,
    "quality": 5,
    "sprite": "sWeapon",
    "attack": 10.6,
    "HP": 90,
    "attRange": 50,
    "attCD": 400,
    "attStiff": 200,
    "beAttStiff": 1,
    "bulletID": 911,
    "price": 180,
    "desc": "射出红色激光，可快速穿透所有敌人",
    "leftBtn": "左键点击可穿戴",
    "rightBtn": "已升至满级"
  },
  "22101": {
    "id": "22101",
    "name": "电磁枪A",
    "type": 2,
    "quality": 1,
    "sprite": "sWeapon2",
    "attack": 1.8,
    "HP": 20,
    "attRange": 50,
    "attCD": 600,
    "attStiff": 600,
    "beAttStiff": 1,
    "bulletID": 921,
    "price": 3,
    "desc": "发射蓝色电磁炮，爆炸造成范围伤害，并使敌方减速20%",
    "leftBtn": "左键点击可穿戴",
    "rightBtn": "右键点击可三合一升级"
  },
  "22102": {
    "id": "22102",
    "name": "电磁枪A",
    "type": 2,
    "quality": 1,
    "sprite": "sWeapon2",
    "attack": 3.6,
    "HP": 30,
    "attRange": 50,
    "attCD": 600,
    "attStiff": 600,
    "beAttStiff": 1,
    "bulletID": 921,
    "price": 9,
    "desc": "发射蓝色电磁炮，爆炸造成范围伤害，并使敌方减速20%",
    "leftBtn": "左键点击可穿戴",
    "rightBtn": "右键点击可三合一升级"
  },
  "22103": {
    "id": "22103",
    "name": "电磁枪A",
    "type": 2,
    "quality": 1,
    "sprite": "sWeapon2",
    "attack": 7.2,
    "HP": 45,
    "attRange": 50,
    "attCD": 600,
    "attStiff": 600,
    "beAttStiff": 1,
    "bulletID": 921,
    "price": 27,
    "desc": "发射蓝色电磁炮，爆炸造成范围伤害，并使敌方减速20%",
    "leftBtn": "左键点击可穿戴",
    "rightBtn": "已升至满级"
  },
  "22201": {
    "id": "22201",
    "name": "电磁枪B",
    "type": 2,
    "quality": 2,
    "sprite": "sWeapon2",
    "attack": 2.3,
    "HP": 25,
    "attRange": 50,
    "attCD": 600,
    "attStiff": 600,
    "beAttStiff": 1,
    "bulletID": 921,
    "price": 5,
    "desc": "发射蓝色电磁炮，爆炸造成范围伤害，并使敌方减速20%",
    "leftBtn": "左键点击可穿戴",
    "rightBtn": "右键点击可三合一升级"
  },
  "22202": {
    "id": "22202",
    "name": "电磁枪B",
    "type": 2,
    "quality": 2,
    "sprite": "sWeapon2",
    "attack": 4.7,
    "HP": 38,
    "attRange": 50,
    "attCD": 600,
    "attStiff": 600,
    "beAttStiff": 1,
    "bulletID": 921,
    "price": 15,
    "desc": "发射蓝色电磁炮，爆炸造成范围伤害，并使敌方减速20%",
    "leftBtn": "左键点击可穿戴",
    "rightBtn": "右键点击可三合一升级"
  },
  "22203": {
    "id": "22203",
    "name": "电磁枪B",
    "type": 2,
    "quality": 2,
    "sprite": "sWeapon2",
    "attack": 9.4,
    "HP": 56,
    "attRange": 50,
    "attCD": 600,
    "attStiff": 600,
    "beAttStiff": 1,
    "bulletID": 921,
    "price": 45,
    "desc": "发射蓝色电磁炮，爆炸造成范围伤害，并使敌方减速20%",
    "leftBtn": "左键点击可穿戴",
    "rightBtn": "已升至满级"
  },
  "22301": {
    "id": "22301",
    "name": "电磁枪C",
    "type": 2,
    "quality": 3,
    "sprite": "sWeapon2",
    "attack": 2.9,
    "HP": 30,
    "attRange": 50,
    "attCD": 600,
    "attStiff": 600,
    "beAttStiff": 1,
    "bulletID": 921,
    "price": 10,
    "desc": "发射蓝色电磁炮，爆炸造成范围伤害，并使敌方减速20%",
    "leftBtn": "左键点击可穿戴",
    "rightBtn": "右键点击可三合一升级"
  },
  "22302": {
    "id": "22302",
    "name": "电磁枪C",
    "type": 2,
    "quality": 3,
    "sprite": "sWeapon2",
    "attack": 5.8,
    "HP": 45,
    "attRange": 50,
    "attCD": 600,
    "attStiff": 600,
    "beAttStiff": 1,
    "bulletID": 921,
    "price": 30,
    "desc": "发射蓝色电磁炮，爆炸造成范围伤害，并使敌方减速20%",
    "leftBtn": "左键点击可穿戴",
    "rightBtn": "右键点击可三合一升级"
  },
  "22303": {
    "id": "22303",
    "name": "电磁枪C",
    "type": 2,
    "quality": 3,
    "sprite": "sWeapon2",
    "attack": 11.5,
    "HP": 68,
    "attRange": 50,
    "attCD": 600,
    "attStiff": 600,
    "beAttStiff": 1,
    "bulletID": 921,
    "price": 90,
    "desc": "发射蓝色电磁炮，爆炸造成范围伤害，并使敌方减速20%",
    "leftBtn": "左键点击可穿戴",
    "rightBtn": "已升至满级"
  },
  "22401": {
    "id": "22401",
    "name": "电磁枪D",
    "type": 2,
    "quality": 4,
    "sprite": "sWeapon2",
    "attack": 3.4,
    "HP": 35,
    "attRange": 50,
    "attCD": 600,
    "attStiff": 600,
    "beAttStiff": 1,
    "bulletID": 921,
    "price": 15,
    "desc": "发射蓝色电磁炮，爆炸造成范围伤害，并使敌方减速20%",
    "leftBtn": "左键点击可穿戴",
    "rightBtn": "右键点击可三合一升级"
  },
  "22402": {
    "id": "22402",
    "name": "电磁枪D",
    "type": 2,
    "quality": 4,
    "sprite": "sWeapon2",
    "attack": 6.8,
    "HP": 53,
    "attRange": 50,
    "attCD": 600,
    "attStiff": 600,
    "beAttStiff": 1,
    "bulletID": 921,
    "price": 45,
    "desc": "发射蓝色电磁炮，爆炸造成范围伤害，并使敌方减速20%",
    "leftBtn": "左键点击可穿戴",
    "rightBtn": "右键点击可三合一升级"
  },
  "22403": {
    "id": "22403",
    "name": "电磁枪D",
    "type": 2,
    "quality": 4,
    "sprite": "sWeapon2",
    "attack": 13.7,
    "HP": 79,
    "attRange": 50,
    "attCD": 600,
    "attStiff": 600,
    "beAttStiff": 1,
    "bulletID": 921,
    "price": 135,
    "desc": "发射蓝色电磁炮，爆炸造成范围伤害，并使敌方减速20%",
    "leftBtn": "左键点击可穿戴",
    "rightBtn": "已升至满级"
  },
  "22501": {
    "id": "22501",
    "name": "电磁枪E",
    "type": 2,
    "quality": 5,
    "sprite": "sWeapon2",
    "attack": 4,
    "HP": 40,
    "attRange": 50,
    "attCD": 600,
    "attStiff": 600,
    "beAttStiff": 1,
    "bulletID": 921,
    "price": 20,
    "desc": "发射蓝色电磁炮，爆炸造成范围伤害，并使敌方减速20%",
    "leftBtn": "左键点击可穿戴",
    "rightBtn": "右键点击可三合一升级"
  },
  "22502": {
    "id": "22502",
    "name": "电磁枪E",
    "type": 2,
    "quality": 5,
    "sprite": "sWeapon2",
    "attack": 7.9,
    "HP": 60,
    "attRange": 50,
    "attCD": 600,
    "attStiff": 600,
    "beAttStiff": 1,
    "bulletID": 921,
    "price": 60,
    "desc": "发射蓝色电磁炮，爆炸造成范围伤害，并使敌方减速20%",
    "leftBtn": "左键点击可穿戴",
    "rightBtn": "右键点击可三合一升级"
  },
  "22503": {
    "id": "22503",
    "name": "电磁枪E",
    "type": 2,
    "quality": 5,
    "sprite": "sWeapon2",
    "attack": 15.8,
    "HP": 90,
    "attRange": 50,
    "attCD": 600,
    "attStiff": 600,
    "beAttStiff": 1,
    "bulletID": 921,
    "price": 180,
    "desc": "发射蓝色电磁炮，爆炸造成范围伤害，并使敌方减速20%",
    "leftBtn": "左键点击可穿戴",
    "rightBtn": "已升至满级"
  },
  "23101": {
    "id": "23101",
    "name": "机关枪A",
    "type": 3,
    "quality": 1,
    "sprite": "sWeapon3",
    "attack": 1,
    "HP": 20,
    "attRange": 50,
    "attCD": 200,
    "attStiff": 300,
    "beAttStiff": 1,
    "bulletID": 931,
    "price": 3,
    "desc": "快速发射黄色子弹，造成大量伤害",
    "leftBtn": "左键点击可穿戴",
    "rightBtn": "右键点击可三合一升级"
  },
  "23102": {
    "id": "23102",
    "name": "机关枪A",
    "type": 3,
    "quality": 1,
    "sprite": "sWeapon3",
    "attack": 2,
    "HP": 30,
    "attRange": 50,
    "attCD": 200,
    "attStiff": 300,
    "beAttStiff": 1,
    "bulletID": 931,
    "price": 9,
    "desc": "快速发射黄色子弹，造成大量伤害",
    "leftBtn": "左键点击可穿戴",
    "rightBtn": "右键点击可三合一升级"
  },
  "23103": {
    "id": "23103",
    "name": "机关枪A",
    "type": 3,
    "quality": 1,
    "sprite": "sWeapon3",
    "attack": 4,
    "HP": 45,
    "attRange": 50,
    "attCD": 200,
    "attStiff": 300,
    "beAttStiff": 1,
    "bulletID": 931,
    "price": 27,
    "desc": "快速发射黄色子弹，造成大量伤害",
    "leftBtn": "左键点击可穿戴",
    "rightBtn": "已升至满级"
  },
  "23201": {
    "id": "23201",
    "name": "机关枪B",
    "type": 3,
    "quality": 2,
    "sprite": "sWeapon3",
    "attack": 1.3,
    "HP": 25,
    "attRange": 50,
    "attCD": 200,
    "attStiff": 300,
    "beAttStiff": 1,
    "bulletID": 931,
    "price": 5,
    "desc": "快速发射黄色子弹，造成大量伤害",
    "leftBtn": "左键点击可穿戴",
    "rightBtn": "右键点击可三合一升级"
  },
  "23202": {
    "id": "23202",
    "name": "机关枪B",
    "type": 3,
    "quality": 2,
    "sprite": "sWeapon3",
    "attack": 2.6,
    "HP": 38,
    "attRange": 50,
    "attCD": 200,
    "attStiff": 300,
    "beAttStiff": 1,
    "bulletID": 931,
    "price": 15,
    "desc": "快速发射黄色子弹，造成大量伤害",
    "leftBtn": "左键点击可穿戴",
    "rightBtn": "右键点击可三合一升级"
  },
  "23203": {
    "id": "23203",
    "name": "机关枪B",
    "type": 3,
    "quality": 2,
    "sprite": "sWeapon3",
    "attack": 5.2,
    "HP": 56,
    "attRange": 50,
    "attCD": 200,
    "attStiff": 300,
    "beAttStiff": 1,
    "bulletID": 931,
    "price": 45,
    "desc": "快速发射黄色子弹，造成大量伤害",
    "leftBtn": "左键点击可穿戴",
    "rightBtn": "已升至满级"
  },
  "23301": {
    "id": "23301",
    "name": "机关枪C",
    "type": 3,
    "quality": 3,
    "sprite": "sWeapon3",
    "attack": 1.6,
    "HP": 30,
    "attRange": 50,
    "attCD": 200,
    "attStiff": 300,
    "beAttStiff": 1,
    "bulletID": 931,
    "price": 10,
    "desc": "快速发射黄色子弹，造成大量伤害",
    "leftBtn": "左键点击可穿戴",
    "rightBtn": "右键点击可三合一升级"
  },
  "23302": {
    "id": "23302",
    "name": "机关枪C",
    "type": 3,
    "quality": 3,
    "sprite": "sWeapon3",
    "attack": 3.2,
    "HP": 45,
    "attRange": 50,
    "attCD": 200,
    "attStiff": 300,
    "beAttStiff": 1,
    "bulletID": 931,
    "price": 30,
    "desc": "快速发射黄色子弹，造成大量伤害",
    "leftBtn": "左键点击可穿戴",
    "rightBtn": "右键点击可三合一升级"
  },
  "23303": {
    "id": "23303",
    "name": "机关枪C",
    "type": 3,
    "quality": 3,
    "sprite": "sWeapon3",
    "attack": 6.4,
    "HP": 68,
    "attRange": 50,
    "attCD": 200,
    "attStiff": 300,
    "beAttStiff": 1,
    "bulletID": 931,
    "price": 90,
    "desc": "快速发射黄色子弹，造成大量伤害",
    "leftBtn": "左键点击可穿戴",
    "rightBtn": "已升至满级"
  },
  "23401": {
    "id": "23401",
    "name": "机关枪D",
    "type": 3,
    "quality": 4,
    "sprite": "sWeapon3",
    "attack": 1.9,
    "HP": 35,
    "attRange": 50,
    "attCD": 200,
    "attStiff": 300,
    "beAttStiff": 1,
    "bulletID": 931,
    "price": 15,
    "desc": "快速发射黄色子弹，造成大量伤害",
    "leftBtn": "左键点击可穿戴",
    "rightBtn": "右键点击可三合一升级"
  },
  "23402": {
    "id": "23402",
    "name": "机关枪D",
    "type": 3,
    "quality": 4,
    "sprite": "sWeapon3",
    "attack": 3.8,
    "HP": 53,
    "attRange": 50,
    "attCD": 200,
    "attStiff": 300,
    "beAttStiff": 1,
    "bulletID": 931,
    "price": 45,
    "desc": "快速发射黄色子弹，造成大量伤害",
    "leftBtn": "左键点击可穿戴",
    "rightBtn": "右键点击可三合一升级"
  },
  "23403": {
    "id": "23403",
    "name": "机关枪D",
    "type": 3,
    "quality": 4,
    "sprite": "sWeapon3",
    "attack": 7.6,
    "HP": 79,
    "attRange": 50,
    "attCD": 200,
    "attStiff": 300,
    "beAttStiff": 1,
    "bulletID": 931,
    "price": 135,
    "desc": "快速发射黄色子弹，造成大量伤害",
    "leftBtn": "左键点击可穿戴",
    "rightBtn": "已升至满级"
  },
  "23501": {
    "id": "23501",
    "name": "机关枪E",
    "type": 3,
    "quality": 5,
    "sprite": "sWeapon3",
    "attack": 2.2,
    "HP": 40,
    "attRange": 50,
    "attCD": 200,
    "attStiff": 300,
    "beAttStiff": 1,
    "bulletID": 931,
    "price": 20,
    "desc": "快速发射黄色子弹，造成大量伤害",
    "leftBtn": "左键点击可穿戴",
    "rightBtn": "右键点击可三合一升级"
  },
  "23502": {
    "id": "23502",
    "name": "机关枪E",
    "type": 3,
    "quality": 5,
    "sprite": "sWeapon3",
    "attack": 4.4,
    "HP": 60,
    "attRange": 50,
    "attCD": 200,
    "attStiff": 300,
    "beAttStiff": 1,
    "bulletID": 931,
    "price": 60,
    "desc": "快速发射黄色子弹，造成大量伤害",
    "leftBtn": "左键点击可穿戴",
    "rightBtn": "右键点击可三合一升级"
  },
  "23503": {
    "id": "23503",
    "name": "机关枪E",
    "type": 3,
    "quality": 5,
    "sprite": "sWeapon3",
    "attack": 8.8,
    "HP": 90,
    "attRange": 50,
    "attCD": 200,
    "attStiff": 300,
    "beAttStiff": 1,
    "bulletID": 931,
    "price": 180,
    "desc": "快速发射黄色子弹，造成大量伤害",
    "leftBtn": "左键点击可穿戴",
    "rightBtn": "已升至满级"
  },
  "null": {
    "id": null,
    "name": null,
    "type": null,
    "quality": null,
    "sprite": null,
    "attack": null,
    "HP": null,
    "attRange": null,
    "attCD": null,
    "attStiff": null,
    "beAttStiff": null,
    "bulletID": null,
    "price": null,
    "desc": null,
    "leftBtn": null,
    "rightBtn": null
  }
}