{
  "101": {
    "id": "101",
    "name": "郭小城",
    "sprite": "ball_olive",
    "att_cd": 200,
    "bu_scale": 0.5,
    "bu_sp": 150,
    "move_cd": 3000,
    "move_min": 50,
    "move_max": 100,
    "end_text": [
      "$岁，你接受了郭小城的追求。",
      "八年后，郭小城厌倦并抛弃了你。",
      "此后你一蹶不振，沉迷吸毒。",
      "最终你进了戒毒所。"
    ]
  },
  "102": {
    "id": "102",
    "name": "阿强",
    "sprite": "ball_gray",
    "att_cd": 400,
    "bu_scale": 1.5,
    "bu_sp": 80,
    "move_cd": 2000,
    "move_min": 40,
    "move_max": 80,
    "end_text": [
      "$岁，你接受了不太喜欢的阿强的求婚。",
      "婚后，你因无法忍受阿强抠脚而出轨。",
      "最后东窗事发，你名誉扫地。"
    ]
  },
  "103": {
    "id": "103",
    "name": "陈小民",
    "sprite": "ball_yellow",
    "att_cd": 800,
    "bu_scale": 2,
    "bu_sp": 70,
    "move_cd": 1000,
    "move_min": 30,
    "move_max": 70,
    "end_text": [
      "$岁，你在父母逼婚下接受了陈小民的求婚。",
      "五年间，你生了4个女儿。",
      "由于生不出儿子，你的地位连保姆都不如。"
    ]
  },
  "104": {
    "id": "104",
    "name": "李大牛",
    "sprite": "ball_purple",
    "att_cd": 400,
    "bu_scale": 1.5,
    "bu_sp": 100,
    "move_cd": 500,
    "move_min": 20,
    "move_max": 60,
    "end_text": [
      "$岁，你接受了李大牛的心形石头示爱。",
      "一年后，你发现他给身边每个女人都送了心形石头。",
      "你深受打击选择离开",
      ""
    ]
  },
  "105": {
    "id": "105",
    "name": "鲲鲲",
    "sprite": "ball_green",
    "att_cd": 400,
    "bu_scale": 1,
    "bu_sp": 120,
    "move_cd": 1500,
    "move_min": 50,
    "move_max": 100,
    "end_text": [
      "$岁，你接受了鲲鲲的追求。",
      "五年后，你遭遇了一场车祸，半身不遂。",
      "鲲鲲不堪重负离开了你。",
      "你只能在医院度过余生。"
    ]
  },
  "106": {
    "id": "106",
    "name": "谦谦",
    "sprite": "ball_red",
    "att_cd": 400,
    "bu_scale": 1,
    "bu_sp": 100,
    "move_cd": 2500,
    "move_min": 50,
    "move_max": 100,
    "end_text": [
      "$岁，你接受了谦谦的追求。",
      "不久后，谦谦一夜暴富迎娶白富美，抛弃了你。",
      "最后，你遁入空门。"
    ]
  },
  "null": {
    "id": null,
    "name": null,
    "sprite": null,
    "att_cd": null,
    "bu_scale": null,
    "bu_sp": null,
    "move_cd": null,
    "move_min": null,
    "move_max": null,
    "end_text": null
  }
}